site,scenario,chronological_age,effective_age,predicted_condition,rate_scale
Baltic,Steel,0,0.0,1.25426090985969,0.11137816599210583
Baltic,Steel,1,0.11137816599210583,1.255331524060054,0.11137816599210583
Baltic,Steel,2,0.22275633198421166,1.2564021382604182,0.11137816599210583
Baltic,Steel,3,0.3341344979763175,1.2574727524607823,0.11137816599210583
Baltic,Steel,4,0.4455126639684233,1.2585433666611465,0.11137816599210583
Baltic,Steel,5,0.5568908299605292,1.2596139808615106,0.11137816599210583
Baltic,Steel,6,0.668268995952635,1.2606845950618746,0.11137816599210583
Baltic,Steel,7,0.7796471619447408,1.2617552092622388,0.11137816599210583
Baltic,Steel,8,0.8910253279368466,1.2628258234626029,0.11137816599210583
Baltic,Steel,9,1.0024034939289526,1.263897133170893,0.11137816599210583
Baltic,Steel,10,1.1137816599210584,1.2649999772830145,0.11137816599210583
Baltic,Steel,11,1.2251598259131642,1.266102821395136,0.11137816599210583
Baltic,Steel,12,1.33653799190527,1.2672056655072574,0.11137816599210583
Baltic,Steel,13,1.4479161578973758,1.268308509619379,0.11137816599210583
Baltic,Steel,14,1.5592943238894816,1.2694113537315004,0.11137816599210583
Baltic,Steel,15,1.6706724898815875,1.2705141978436219,0.11137816599210583
Baltic,Steel,16,1.7820506558736933,1.2716170419557433,0.11137816599210583
Baltic,Steel,17,1.893428821865799,1.2727198860678646,0.11137816599210583
Baltic,Steel,18,2.004806987857905,1.273824138266808,0.11137816599210583
Baltic,Steel,19,2.1161851538500107,1.2749596078259695,0.11137816599210583
Baltic,Steel,20,2.2275633198421168,1.2760950773851312,0.11137816599210583
Baltic,Steel,21,2.3389414858342223,1.2772305469442926,0.11137816599210583
Baltic,Steel,22,2.4503196518263284,1.2783660165034543,0.11137816599210583
Baltic,Steel,23,2.561697817818434,1.2795014860626157,0.11137816599210583
Baltic,Steel,24,2.67307598381054,1.2806369556217774,0.11137816599210583
Baltic,Steel,25,2.7844541498026456,1.2817724251809388,0.11137816599210583
Baltic,Steel,26,2.8958323157947516,1.2829078947401005,0.11137816599210583
Baltic,Steel,27,3.0072104817868572,1.2840454998768183,0.11137816599210583
Baltic,Steel,28,3.1185886477789633,1.285213957066847,0.11137816599210583
Baltic,Steel,29,3.229966813771069,1.2863824142568758,0.11137816599210583
Baltic,Steel,30,3.341344979763175,1.2875508714469048,0.11137816599210583
Baltic,Steel,31,3.4527231457552805,1.2887193286369336,0.11137816599210583
Baltic,Steel,32,3.5641013117473865,1.2898877858269624,0.11137816599210583
Baltic,Steel,33,3.6754794777394926,1.2910562430169912,0.11137816599210583
Baltic,Steel,34,3.786857643731598,1.29222470020702,0.11137816599210583
Baltic,Steel,35,3.898235809723704,1.293393157397049,0.11137816599210583
Baltic,Steel,36,4.00961397571581,1.2945644902231006,0.11137816599210583
Baltic,Steel,37,4.120992141707916,1.2957662617334222,0.11137816599210583
Baltic,Steel,38,4.232370307700021,1.2969680332437439,0.11137816599210583
Baltic,Steel,39,4.343748473692127,1.2981698047540655,0.11137816599210583
Baltic,Steel,40,4.4551266396842335,1.2993715762643872,0.11137816599210583
Baltic,Steel,41,4.566504805676339,1.3005733477747088,0.11137816599210583
Baltic,Steel,42,4.677882971668445,1.3017751192850304,0.11137816599210583
Baltic,Steel,43,4.78926113766055,1.302976890795352,0.11137816599210583
Baltic,Steel,44,4.900639303652657,1.3041786623056737,0.11137816599210583
Baltic,Steel,45,5.012017469644762,1.3053840595585642,0.11137816599210583
Baltic,Steel,46,5.123395635636868,1.3066194345286484,0.11137816599210583
Baltic,Steel,47,5.2347738016289735,1.3078548094987328,0.11137816599210583
Baltic,Steel,48,5.34615196762108,1.309090184468817,0.11137816599210583
Baltic,Steel,49,5.457530133613186,1.3103255594389014,0.11137816599210583
Baltic,Steel,50,5.568908299605291,1.3115609344089858,0.11137816599210583
Baltic,Steel,51,5.680286465597398,1.31279630937907,0.11137816599210583
Baltic,Steel,52,5.791664631589503,1.3140316843491544,0.11137816599210583
Baltic,Steel,53,5.903042797581609,1.3152670593192386,0.11137816599210583
Baltic,Steel,54,6.0144209635737145,1.316506817503399,0.11137816599210583
Baltic,Steel,55,6.125799129565821,1.3177760455750767,0.11137816599210583
Baltic,Steel,56,6.2371772955579265,1.3190452736467542,0.11137816599210583
Baltic,Steel,57,6.348555461550032,1.3203145017184317,0.11137816599210583
Baltic,Steel,58,6.459933627542138,1.3215837297901094,0.11137816599210583
Baltic,Steel,59,6.571311793534244,1.322852957861787,0.11137816599210583
Baltic,Steel,60,6.68268995952635,1.3241221859334644,0.11137816599210583
Baltic,Steel,61,6.794068125518455,1.3253914140051422,0.11137816599210583
Baltic,Steel,62,6.905446291510561,1.3266606420768197,0.11137816599210583
Baltic,Steel,63,7.0168244575026675,1.3279350153672236,0.11137816599210583
Baltic,Steel,64,7.128202623494773,1.3292383048655643,0.11137816599210583
Baltic,Steel,65,7.239580789486879,1.3305415943639047,0.11137816599210583
Baltic,Steel,66,7.350958955478985,1.3318448838622452,0.11137816599210583
Baltic,Steel,67,7.462337121471091,1.3331481733605859,0.11137816599210583
Baltic,Steel,68,7.573715287463196,1.3344514628589264,0.11137816599210583
Baltic,Steel,69,7.685093453455302,1.3357547523572668,0.11137816599210583
Baltic,Steel,70,7.796471619447408,1.3370580418556073,0.11137816599210583
Baltic,Steel,71,7.907849785439514,1.338361331353948,0.11137816599210583
Baltic,Steel,72,8.01922795143162,1.3396705296457287,0.11137816599210583
Baltic,Steel,73,8.130606117423726,1.341008045909148,0.11137816599210583
Baltic,Steel,74,8.241984283415832,1.3423455621725675,0.11137816599210583
Baltic,Steel,75,8.353362449407937,1.343683078435987,0.11137816599210583
Baltic,Steel,76,8.464740615400043,1.3450205946994063,0.11137816599210583
Baltic,Steel,77,8.576118781392148,1.3463581109628258,0.11137816599210583
Baltic,Steel,78,8.687496947384254,1.347695627226245,0.11137816599210583
Baltic,Steel,79,8.79887511337636,1.3490331434896645,0.11137816599210583
Baltic,Steel,80,8.910253279368467,1.350370659753084,0.11137816599210583
Baltic,Steel,81,9.021631445360573,1.3517148468804083,0.11137816599210583
Baltic,Steel,82,9.133009611352678,1.3530867107602234,0.11137816599210583
Baltic,Steel,83,9.244387777344784,1.3544585746400386,0.11137816599210583
Baltic,Steel,84,9.35576594333689,1.3558304385198536,0.11137816599210583
Baltic,Steel,85,9.467144109328995,1.3572023023996687,0.11137816599210583
Baltic,Steel,86,9.5785222753211,1.3585741662794837,0.11137816599210583
Baltic,Steel,87,9.689900441313208,1.3599460301592987,0.11137816599210583
Baltic,Steel,88,9.801278607305314,1.3613178940391137,0.11137816599210583
Baltic,Steel,89,9.91265677329742,1.3626897579189288,0.11137816599210583
Baltic,Steel,90,10.024034939289525,1.3640690500658288,0.11137816599210583
Baltic,Steel,91,10.13541310528163,1.3654753366148449,0.11137816599210583
Baltic,Steel,92,10.246791271273736,1.3668816231638607,0.11137816599210583
Baltic,Steel,93,10.358169437265841,1.3682879097128768,0.11137816599210583
Baltic,Steel,94,10.469547603257947,1.3696941962618927,0.11137816599210583
Baltic,Steel,95,10.580925769250054,1.3711004828109088,0.11137816599210583
Baltic,Steel,96,10.69230393524216,1.3725067693599249,0.11137816599210583
Baltic,Steel,97,10.803682101234266,1.3739130559089408,0.11137816599210583
Baltic,Steel,98,10.915060267226371,1.3753193424579568,0.11137816599210583
Baltic,Steel,99,11.026438433218477,1.3767338067829757,0.11137816599210583
Baltic,Steel,100,11.137816599210582,1.3781745441515842,0.11137816599210583
Baltic,Steel,101,11.249194765202688,1.3796152815201927,0.11137816599210583
Baltic,Steel,102,11.360572931194795,1.3810560188888013,0.11137816599210583
Baltic,Steel,103,11.471951097186901,1.3824967562574095,0.11137816599210583
Baltic,Steel,104,11.583329263179007,1.383937493626018,0.11137816599210583
Baltic,Steel,105,11.694707429171112,1.3853782309946265,0.11137816599210583
Baltic,Steel,106,11.806085595163218,1.386818968363235,0.11137816599210583
Baltic,Steel,107,11.917463761155323,1.3882597057318433,0.11137816599210583
Baltic,Steel,108,12.028841927147429,1.3897093592270142,0.11137816599210583
Baltic,Steel,109,12.140220093139535,1.3911845277839134,0.11137816599210583
Baltic,Steel,110,12.251598259131642,1.3926596963408127,0.11137816599210583
Baltic,Steel,111,12.362976425123748,1.3941348648977119,0.11137816599210583
Baltic,Steel,112,12.474354591115853,1.395610033454611,0.11137816599210583
Baltic,Steel,113,12.585732757107959,1.3970852020115103,0.11137816599210583
Baltic,Steel,114,12.697110923100064,1.3985603705684095,0.11137816599210583
Baltic,Steel,115,12.80848908909217,1.4000355391253088,0.11137816599210583
Baltic,Steel,116,12.919867255084275,1.401510707682208,0.11137816599210583
Baltic,Steel,117,13.031245421076383,1.4029955162851893,0.11137816599210583
Baltic,Steel,118,13.142623587068488,1.4045050479780525,0.11137816599210583
Baltic,Steel,119,13.254001753060594,1.4060145796709158,0.11137816599210583
Baltic,Steel,120,13.3653799190527,1.407524111363779,0.11137816599210583
Baltic,Steel,121,13.476758085044805,1.4090336430566421,0.11137816599210583
Baltic,Steel,122,13.58813625103691,1.4105431747495054,0.11137816599210583
Baltic,Steel,123,13.699514417029016,1.4120527064423687,0.11137816599210583
Baltic,Steel,124,13.810892583021122,1.413562238135232,0.11137816599210583
Baltic,Steel,125,13.92227074901323,1.4150717698280952,0.11137816599210583
Baltic,Steel,126,14.033648915005335,1.416591647804133,0.11137816599210583
Baltic,Steel,127,14.14502708099744,1.418135425773426,0.11137816599210583
Baltic,Steel,128,14.256405246989546,1.4196792037427188,0.11137816599210583
Baltic,Steel,129,14.367783412981652,1.4212229817120117,0.11137816599210583
Baltic,Steel,130,14.479161578973757,1.4227667596813045,0.11137816599210583
Baltic,Steel,131,14.590539744965863,1.4243105376505973,0.11137816599210583
Baltic,Steel,132,14.70191791095797,1.4258543156198904,0.11137816599210583
Baltic,Steel,133,14.813296076950076,1.4273980935891832,0.11137816599210583
Baltic,Steel,134,14.924674242942181,1.428941871558476,0.11137816599210583
Baltic,Steel,135,15.036052408934287,1.4304966811663073,0.11137816599210583
Baltic,Steel,136,15.147430574926393,1.4320745396229968,0.11137816599210583
Baltic,Steel,137,15.258808740918498,1.4336523980796863,0.11137816599210583
Baltic,Steel,138,15.370186906910604,1.435230256536376,0.11137816599210583
Baltic,Steel,139,15.48156507290271,1.4368081149930654,0.11137816599210583
Baltic,Steel,140,15.592943238894817,1.4383859734497548,0.11137816599210583
Baltic,Steel,141,15.704321404886922,1.4399638319064443,0.11137816599210583
Baltic,Steel,142,15.815699570879028,1.4415416903631337,0.11137816599210583
Baltic,Steel,143,15.927077736871134,1.4431195488198232,0.11137816599210583
Baltic,Steel,144,16.03845590286324,1.4447090951157873,0.11137816599210583
Baltic,Steel,145,16.149834068855345,1.4463208045551839,0.11137816599210583
Baltic,Steel,146,16.261212234847452,1.4479325139945805,0.11137816599210583
Baltic,Steel,147,16.372590400839556,1.449544223433977,0.11137816599210583
Baltic,Steel,148,16.483968566831663,1.4511559328733739,0.11137816599210583
Baltic,Steel,149,16.595346732823767,1.4527676423127704,0.11137816599210583
Baltic,Steel,150,16.706724898815875,1.454379351752167,0.11137816599210583
Baltic,Steel,151,16.818103064807982,1.4559910611915639,0.11137816599210583
Baltic,Steel,152,16.929481230800086,1.4576027706309604,0.11137816599210583
Baltic,Steel,153,17.040859396792193,1.4592267736491613,0.11137816599210583
Baltic,Steel,154,17.152237562784297,1.4608719940154973,0.11137816599210583
Baltic,Steel,155,17.263615728776404,1.4625172143818332,0.11137816599210583
Baltic,Steel,156,17.374993894768508,1.4641624347481692,0.11137816599210583
Baltic,Steel,157,17.486372060760615,1.4658076551145054,0.11137816599210583
Baltic,Steel,158,17.59775022675272,1.4674528754808414,0.11137816599210583
Baltic,Steel,159,17.709128392744827,1.4690980958471773,0.11137816599210583
Baltic,Steel,160,17.820506558736934,1.4707433162135135,0.11137816599210583
Baltic,Steel,161,17.931884724729038,1.4723885365798495,0.11137816599210583
Baltic,Steel,162,18.043262890721145,1.474046614688477,0.11137816599210583
Baltic,Steel,163,18.15464105671325,1.4757249366745002,0.11137816599210583
Baltic,Steel,164,18.266019222705356,1.4774032586605237,0.11137816599210583
Baltic,Steel,165,18.37739738869746,1.4790815806465472,0.11137816599210583
Baltic,Steel,166,18.488775554689568,1.4807599026325704,0.11137816599210583
Baltic,Steel,167,18.600153720681675,1.4824382246185939,0.11137816599210583
Baltic,Steel,168,18.71153188667378,1.4841165466046173,0.11137816599210583
Baltic,Steel,169,18.822910052665886,1.4857948685906406,0.11137816599210583
Baltic,Steel,170,18.93428821865799,1.487473190576664,0.11137816599210583
Baltic,Steel,171,19.045666384650097,1.48916489012623,0.11137816599210583
Baltic,Steel,172,19.1570445506422,1.4908758393610324,0.11137816599210583
Baltic,Steel,173,19.26842271663431,1.492586788595835,0.11137816599210583
Baltic,Steel,174,19.379800882626416,1.4942977378306375,0.11137816599210583
Baltic,Steel,175,19.49117904861852,1.4960086870654399,0.11137816599210583
Baltic,Steel,176,19.602557214610627,1.4977196363002423,0.11137816599210583
Baltic,Steel,177,19.71393538060273,1.4994305855350447,0.11137816599210583
Baltic,Steel,178,19.82531354659484,1.5011415347698471,0.11137816599210583
Baltic,Steel,179,19.936691712586942,1.5028524840046495,0.11137816599210583
Baltic,Steel,180,20.04806987857905,1.5045772629782013,0.11137816599210583
Baltic,Steel,181,20.159448044571157,1.506320255791718,0.11137816599210583
Baltic,Steel,182,20.27082621056326,1.5080632486052346,0.11137816599210583
Baltic,Steel,183,20.382204376555368,1.5098062414187512,0.11137816599210583
Baltic,Steel,184,20.493582542547472,1.5115492342322676,0.11137816599210583
Baltic,Steel,185,20.60496070853958,1.5132922270457843,0.11137816599210583
Baltic,Steel,186,20.716338874531683,1.515035219859301,0.11137816599210583
Baltic,Steel,187,20.82771704052379,1.5167782126728175,0.11137816599210583
Baltic,Steel,188,20.939095206515894,1.5185212054863342,0.11137816599210583
Baltic,Steel,189,21.050473372508,1.5202784019820217,0.11137816599210583
Baltic,Steel,190,21.16185153850011,1.5220527376599426,0.11137816599210583
Baltic,Steel,191,21.273229704492213,1.5238270733378634,0.11137816599210583
Baltic,Steel,192,21.38460787048432,1.5256014090157841,0.11137816599210583
Baltic,Steel,193,21.495986036476424,1.5273757446937049,0.11137816599210583
Baltic,Steel,194,21.60736420246853,1.5291500803716258,0.11137816599210583
Baltic,Steel,195,21.718742368460635,1.5309244160495465,0.11137816599210583
Baltic,Steel,196,21.830120534452742,1.5326987517274673,0.11137816599210583
Baltic,Steel,197,21.94149870044485,1.5344730874053882,0.11137816599210583
Baltic,Steel,198,22.052876866436954,1.5362619174996957,0.11137816599210583
Baltic,Steel,199,22.16425503242906,1.5380667837597608,0.11137816599210583
Baltic,Steel,200,22.275633198421165,1.539871650019826,0.11137816599210583
Baltic,Steel,201,22.387011364413272,1.5416765162798909,0.11137816599210583
Baltic,Steel,202,22.498389530405376,1.543481382539956,0.11137816599210583
Baltic,Steel,203,22.609767696397483,1.5452862488000212,0.11137816599210583
Baltic,Steel,204,22.72114586238959,1.5470911150600861,0.11137816599210583
Baltic,Steel,205,22.832524028381695,1.5488959813201513,0.11137816599210583
Baltic,Steel,206,22.943902194373802,1.5507008475802164,0.11137816599210583
Baltic,Steel,207,23.055280360365906,1.5525204150387857,0.11137816599210583
Baltic,Steel,208,23.166658526358013,1.5543549010863567,0.11137816599210583
Baltic,Steel,209,23.278036692350117,1.5561893871339278,0.11137816599210583
Baltic,Steel,210,23.389414858342224,1.5580238731814988,0.11137816599210583
Baltic,Steel,211,23.50079302433433,1.55985835922907,0.11137816599210583
Baltic,Steel,212,23.612171190326436,1.561692845276641,0.11137816599210583
Baltic,Steel,213,23.723549356318543,1.563527331324212,0.11137816599210583
Baltic,Steel,214,23.834927522310647,1.5653618173717831,0.11137816599210583
Baltic,Steel,215,23.946305688302754,1.5671963034193541,0.11137816599210583
Baltic,Steel,216,24.057683854294858,1.5690456242676913,0.11137816599210583
Baltic,Steel,217,24.169062020286965,1.570908753909252,0.11137816599210583
Baltic,Steel,218,24.28044018627907,1.572771883550813,0.11137816599210583
Baltic,Steel,219,24.391818352271176,1.5746350131923739,0.11137816599210583
Baltic,Steel,220,24.503196518263284,1.5764981428339349,0.11137816599210583
Baltic,Steel,221,24.614574684255388,1.5783612724754956,0.11137816599210583
Baltic,Steel,222,24.725952850247495,1.5802244021170566,0.11137816599210583
Baltic,Steel,223,24.8373310162396,1.5820875317586174,0.11137816599210583
Baltic,Steel,224,24.948709182231706,1.5839506614001784,0.11137816599210583
Baltic,Steel,225,25.06008734822381,1.5858286858409736,0.11137816599210583
Baltic,Steel,226,25.171465514215917,1.587719424546182,0.11137816599210583
Baltic,Steel,227,25.282843680208025,1.5896101632513906,0.11137816599210583
Baltic,Steel,228,25.39422184620013,1.5915009019565993,0.11137816599210583
Baltic,Steel,229,25.505600012192236,1.5933916406618078,0.11137816599210583
Baltic,Steel,230,25.61697817818434,1.5952823793670163,0.11137816599210583
Baltic,Steel,231,25.728356344176447,1.597173118072225,0.11137816599210583
Baltic,Steel,232,25.83973451016855,1.5990638567774336,0.11137816599210583
Baltic,Steel,233,25.95111267616066,1.600954595482642,0.11137816599210583
Baltic,Steel,234,26.062490842152766,1.6028602050766136,0.11137816599210583
Baltic,Steel,235,26.17386900814487,1.6047774483424913,0.11137816599210583
Baltic,Steel,236,26.285247174136977,1.6066946916083686,0.11137816599210583
Baltic,Steel,237,26.39662534012908,1.6086119348742463,0.11137816599210583
Baltic,Steel,238,26.508003506121188,1.6105291781401236,0.11137816599210583
Baltic,Steel,239,26.619381672113292,1.6124464214060013,0.11137816599210583
Baltic,Steel,240,26.7307598381054,1.6143636646718786,0.11137816599210583
Baltic,Steel,241,26.842138004097507,1.6162809079377563,0.11137816599210583
Baltic,Steel,242,26.95351617008961,1.6181981512036336,0.11137816599210583
Baltic,Steel,243,27.064894336081718,1.620130156822082,0.11137816599210583
Baltic,Steel,244,27.17627250207382,1.6220727367175383,0.11137816599210583
Baltic,Steel,245,27.28765066806593,1.6240153166129945,0.11137816599210583
Baltic,Steel,246,27.399028834058033,1.6259578965084507,0.11137816599210583
Baltic,Steel,247,27.51040700005014,1.6279004764039071,0.11137816599210583
Baltic,Steel,248,27.621785166042244,1.6298430562993633,0.11137816599210583
Baltic,Steel,249,27.73316333203435,1.6317856361948195,0.11137816599210583
Baltic,Steel,250,27.84454149802646,1.633728216090276,0.11137816599210583
Baltic,Steel,251,27.955919664018563,1.6356707959857322,0.11137816599210583
Baltic,Steel,252,28.06729783001067,1.6376279505892932,0.11137816599210583
Baltic,Steel,253,28.178675996002774,1.6395946516823916,0.11137816599210583
Baltic,Steel,254,28.29005416199488,1.64156135277549,0.11137816599210583
Baltic,Steel,255,28.401432327986985,1.6435280538685884,0.11137816599210583
Baltic,Steel,256,28.512810493979092,1.645494754961687,0.11137816599210583
Baltic,Steel,257,28.6241886599712,1.6474614560547853,0.11137816599210583
Baltic,Steel,258,28.735566825963303,1.6494281571478837,0.11137816599210583
Baltic,Steel,259,28.84694499195541,1.651394858240982,0.11137816599210583
Baltic,Steel,260,28.958323157947515,1.6533615593340807,0.11137816599210583
Baltic,Steel,261,29.069701323939622,1.6553425687081267,0.11137816599210583
Baltic,Steel,262,29.181079489931726,1.657332133500225,0.11137816599210583
Baltic,Steel,263,29.292457655923833,1.6593216982923231,0.11137816599210583
Baltic,Steel,264,29.40383582191594,1.6613112630844213,0.11137816599210583
Baltic,Steel,265,29.515213987908044,1.6633008278765196,0.11137816599210583
Baltic,Steel,266,29.62659215390015,1.6652903926686178,0.11137816599210583
Baltic,Steel,267,29.737970319892256,1.6672799574607158,0.11137816599210583
Baltic,Steel,268,29.849348485884363,1.6692695222528142,0.11137816599210583
Baltic,Steel,269,29.960726651876467,1.6712590870449122,0.11137816599210583
Baltic,Steel,270,30.072104817868574,1.6732626164072961,0.11137816599210583
Baltic,Steel,271,30.183482983860678,1.675273751855465,0.11137816599210583
Baltic,Steel,272,30.294861149852785,1.6772848873036341,0.11137816599210583
Baltic,Steel,273,30.406239315844893,1.679296022751803,0.11137816599210583
Baltic,Steel,274,30.517617481836997,1.681307158199972,0.11137816599210583
Baltic,Steel,275,30.628995647829104,1.6833182936481408,0.11137816599210583
Baltic,Steel,276,30.740373813821208,1.6853294290963097,0.11137816599210583
Baltic,Steel,277,30.851751979813315,1.6873405645444786,0.11137816599210583
Baltic,Steel,278,30.96313014580542,1.6893516999926474,0.11137816599210583
Baltic,Steel,279,31.074508311797526,1.691376380284555,0.11137816599210583
Baltic,Steel,280,31.185886477789634,1.6934077631362399,0.11137816599210583
Baltic,Steel,281,31.297264643781737,1.6954391459879246,0.11137816599210583
Baltic,Steel,282,31.408642809773845,1.6974705288396095,0.11137816599210583
Baltic,Steel,283,31.52002097576595,1.6995019116912942,0.11137816599210583
Baltic,Steel,284,31.631399141758056,1.701533294542979,0.11137816599210583
Baltic,Steel,285,31.74277730775016,1.7035646773946638,0.11137816599210583
Baltic,Steel,286,31.854155473742267,1.7055960602463487,0.11137816599210583
Baltic,Steel,287,31.965533639734375,1.7076274430980336,0.11137816599210583
Baltic,Steel,288,32.07691180572648,1.7096718763068182,0.11137816599210583
Baltic,Steel,289,32.18828997171858,1.7117221577505406,0.11137816599210583
Baltic,Steel,290,32.29966813771069,1.713772439194263,0.11137816599210583
Baltic,Steel,291,32.4110463037028,1.7158227206379857,0.11137816599210583
Baltic,Steel,292,32.522424469694904,1.7178730020817081,0.11137816599210583
Baltic,Steel,293,32.633802635687005,1.7199232835254306,0.11137816599210583
Baltic,Steel,294,32.74518080167911,1.7219735649691532,0.11137816599210583
Baltic,Steel,295,32.85655896767122,1.7240238464128756,0.11137816599210583
Baltic,Steel,296,32.96793713366333,1.7260741278565983,0.11137816599210583
Baltic,Steel,297,33.079315299655434,1.7281368919954931,0.11137816599210583
Baltic,Steel,298,33.190693465647534,1.7302047022098435,0.11137816599210583
Baltic,Steel,299,33.30207163163964,1.7322725124241938,0.11137816599210583
Baltic,Steel,300,33.41344979763175,1.734340322638544,0.11137816599210583
Baltic,Wood_none,0,0.0,1.25426090985969,0.6740912813933497
Baltic,Wood_none,1,0.6740912813933497,1.2607405613405063,0.6740912813933497
Baltic,Wood_none,2,1.3481825627866995,1.2673209676970572,0.6740912813933497
Baltic,Wood_none,3,2.022273844180049,1.2740022080300455,0.6740912813933497
Baltic,Wood_none,4,2.696365125573399,1.2808743819727606,0.6740912813933497
Baltic,Wood_none,5,3.3704564069667486,1.2878562765155286,0.6740912813933497
Baltic,Wood_none,6,4.044547688360098,1.294941425327317,0.6740912813933497
Baltic,Wood_none,7,4.718638969753448,1.3022148769066164,0.6740912813933497
Baltic,Wood_none,8,5.392730251146798,1.3096068175548856,0.6740912813933497
Baltic,Wood_none,9,6.066821532540148,1.3171039567408038,0.6740912813933497
Baltic,Wood_none,10,6.740912813933497,1.3247856739750254,0.6740912813933497
Baltic,Wood_none,11,7.415004095326847,1.3325943068522896,0.6740912813933497
Baltic,Wood_none,12,8.089095376720197,1.3405095524180495,0.6740912813933497
Baltic,Wood_none,13,8.763186658113547,1.348604568562926,0.6740912813933497
Baltic,Wood_none,14,9.437277939506895,1.356834435688609,0.6740912813933497
Baltic,Wood_none,15,10.111369220900245,1.365171752955602,0.6740912813933497
Baltic,Wood_none,16,10.785460502293596,1.373682985775683,0.6740912813933497
Baltic,Wood_none,17,11.459551783686946,1.382336364369598,0.6740912813933497
Baltic,Wood_none,18,12.133643065080296,1.3910974171289265,0.6740912813933497
Baltic,Wood_none,19,12.807734346473644,1.4000255427982058,0.6740912813933497
Baltic,Wood_none,20,13.481825627866995,1.4091023245295942,0.6740912813933497
Baltic,Wood_none,21,14.155916909260345,1.418286366281486,0.6740912813933497
Baltic,Wood_none,22,14.830008190653693,1.4276297349771172,0.6740912813933497
Baltic,Wood_none,23,15.504099472047043,1.4371273525378712,0.6740912813933497
Baltic,Wood_none,24,16.178190753440393,1.4467311429353198,0.6740912813933497
Baltic,Wood_none,25,16.852282034833742,1.4564856515641802,0.6740912813933497
Baltic,Wood_none,26,17.526373316227094,1.4663985328649716,0.6740912813933497
Baltic,Wood_none,27,18.200464597620442,1.4764154369668776,0.6740912813933497
Baltic,Wood_none,28,18.87455587901379,1.486573103041477,0.6740912813933497
Baltic,Wood_none,29,19.548647160407143,1.4968914904498773,0.6740912813933497
Baltic,Wood_none,30,20.22273844180049,1.5073107076145926,0.6740912813933497
Baltic,Wood_none,31,20.896829723193843,1.5178597793169055,0.6740912813933497
Baltic,Wood_none,32,21.57092100458719,1.5285695135644566,0.6740912813933497
Baltic,Wood_none,33,22.24501228598054,1.5393754427854527,0.6740912813933497
Baltic,Wood_none,34,22.91910356737389,1.5502989895969268,0.6740912813933497
Baltic,Wood_none,35,23.59319484876724,1.5613802899969396,0.6740912813933497
Baltic,Wood_none,36,24.267286130160592,1.5725518430101668,0.6740912813933497
Baltic,Wood_none,37,24.94137741155394,1.5838280158246008,0.6740912813933497
Baltic,Wood_none,38,25.61546869294729,1.595256754576581,0.6740912813933497
Baltic,Wood_none,39,26.28955997434064,1.6067689313579094,0.6740912813933497
Baltic,Wood_none,40,26.96365125573399,1.6183726147039768,0.6740912813933497
Baltic,Wood_none,41,27.637742537127338,1.6301213735797577,0.6740912813933497
Baltic,Wood_none,42,28.31183381852069,1.6419459351028705,0.6740912813933497
Baltic,Wood_none,43,28.985925099914038,1.6538489508165464,0.6740912813933497
Baltic,Wood_none,44,29.660016381307386,1.6658874546282951,0.6740912813933497
Baltic,Wood_none,45,30.334107662700738,1.6779935545051674,0.6740912813933497
Baltic,Wood_none,46,31.008198944094087,1.6901669896355083,0.6740912813933497
Baltic,Wood_none,47,31.68229022548744,1.7024614771348783,0.6740912813933497
Baltic,Wood_none,48,32.35638150688079,1.7148164352718127,0.6740912813933497
Baltic,Wood_none,49,33.03047278827414,1.7272300980738198,0.6740912813933497
Baltic,Wood_none,50,33.704564069667484,1.7397450539868886,0.6740912813933497
Baltic,Wood_none,51,34.378655351060836,1.7523148894517127,0.6740912813933497
Baltic,Wood_none,52,35.05274663245419,1.7649345255073607,0.6740912813933497
Baltic,Wood_none,53,35.72683791384753,1.7776364111302183,0.6740912813933497
Baltic,Wood_none,54,36.400929195240884,1.790386303556596,0.6740912813933497
Baltic,Wood_none,55,37.075020476634236,1.8031769359717196,0.6740912813933497
Baltic,Wood_none,56,37.74911175802758,1.8160317063492417,0.6740912813933497
Baltic,Wood_none,57,38.42320303942093,1.8289264166622934,0.6740912813933497
Baltic,Wood_none,58,39.097294320814285,1.8418527542046086,0.6740912813933497
Baltic,Wood_none,59,39.77138560220764,1.854826219718022,0.6740912813933497
Baltic,Wood_none,60,40.44547688360098,1.8678304594139474,0.6740912813933497
Baltic,Wood_none,61,41.119568164994334,1.8808572505990362,0.6740912813933497
Baltic,Wood_none,62,41.793659446387686,1.8939153856834254,0.6740912813933497
Baltic,Wood_none,63,42.46775072778103,1.9069941275742441,0.6740912813933497
Baltic,Wood_none,64,43.14184200917438,1.9200864552136834,0.6740912813933497
Baltic,Wood_none,65,43.815933290567735,1.9331956514124506,0.6740912813933497
Baltic,Wood_none,66,44.49002457196108,1.9463144309301221,0.6740912813933497
Baltic,Wood_none,67,45.16411585335443,1.9594381363074316,0.6740912813933497
Baltic,Wood_none,68,45.83820713474778,1.9725659624270648,0.6740912813933497
Baltic,Wood_none,69,46.51229841614113,1.9856924581765387,0.6740912813933497
Baltic,Wood_none,70,47.18638969753448,1.9988161945315588,0.6740912813933497
Baltic,Wood_none,71,47.86048097892783,2.011933810102402,0.6740912813933497
Baltic,Wood_none,72,48.534572260321184,2.0250395603130644,0.6740912813933497
Baltic,Wood_none,73,49.20866354171453,2.038135634998605,0.6740912813933497
Baltic,Wood_none,74,49.88275482310788,2.0512170356376016,0.6740912813933497
Baltic,Wood_none,75,50.55684610450123,2.0642760456400797,0.6740912813933497
Baltic,Wood_none,76,51.23093738589458,2.0773191252785956,0.6740912813933497
Baltic,Wood_none,77,51.90502866728793,2.090340682204338,0.6740912813933497
Baltic,Wood_none,78,52.57911994868128,2.103329396141315,0.6740912813933497
Baltic,Wood_none,79,53.253211230074626,2.1162963549370093,0.6740912813933497
Baltic,Wood_none,80,53.92730251146798,2.129236105447753,0.6740912813933497
Baltic,Wood_none,81,54.60139379286133,2.142132331771813,0.6740912813933497
Baltic,Wood_none,82,55.275485074254675,2.155001287728818,0.6740912813933497
Baltic,Wood_none,83,55.94957635564803,2.1678383981852614,0.6740912813933497
Baltic,Wood_none,84,56.62366763704138,2.1806211820684114,0.6740912813933497
Baltic,Wood_none,85,57.297758918434724,2.1933716961461642,0.6740912813933497
Baltic,Wood_none,86,57.971850199828076,2.20608697634264,0.6740912813933497
Baltic,Wood_none,87,58.64594148122143,2.2187380188846055,0.6740912813933497
Baltic,Wood_none,88,59.32003276261477,2.2313526684854796,0.6740912813933497
Baltic,Wood_none,89,59.994124044008124,2.243930152942229,0.6740912813933497
Baltic,Wood_none,90,60.668215325401476,2.2564339421394584,0.6740912813933497
Baltic,Wood_none,91,61.34230660679483,2.26889757946337,0.6740912813933497
Baltic,Wood_none,92,62.01639788818817,2.281320954135921,0.6740912813933497
Baltic,Wood_none,93,62.690489169581525,2.293665190902804,0.6740912813933497
Baltic,Wood_none,94,63.36458045097488,2.3059638352760587,0.6740912813933497
Baltic,Wood_none,95,64.03867173236823,2.3182187624313553,0.6740912813933497
Baltic,Wood_none,96,64.71276301376157,2.3303913446881337,0.6740912813933497
Baltic,Wood_none,97,65.38685429515492,2.342512111737018,0.6740912813933497
Baltic,Wood_none,98,66.06094557654828,2.354585992793712,0.6740912813933497
Baltic,Wood_none,99,66.73503685794162,2.36657522933447,0.6740912813933497
Baltic,Wood_none,100,67.40912813933497,2.3785064849489927,0.6740912813933497
Baltic,Wood_none,101,68.08321942072833,2.390388129855072,0.6740912813933497
Baltic,Wood_none,102,68.75731070212167,2.4021841425176116,0.6740912813933497
Baltic,Wood_none,103,69.43140198351502,2.4139164180256336,0.6740912813933497
Baltic,Wood_none,104,70.10549326490838,2.4255969769218497,0.6740912813933497
Baltic,Wood_none,105,70.77958454630172,2.437192048423468,0.6740912813933497
Baltic,Wood_none,106,71.45367582769506,2.448717817403666,0.6740912813933497
Baltic,Wood_none,107,72.12776710908842,2.460190123604937,0.6740912813933497
Baltic,Wood_none,108,72.80185839048177,2.4715777978895983,0.6740912813933497
Baltic,Wood_none,109,73.47594967187511,2.4828908098875306,0.6740912813933497
Baltic,Wood_none,110,74.15004095326847,2.4941489384166604,0.6740912813933497
Baltic,Wood_none,111,74.82413223466182,2.5053239369385913,0.6740912813933497
Baltic,Wood_none,112,75.49822351605516,2.5164191071632467,0.6740912813933497
Baltic,Wood_none,113,76.17231479744852,2.5274582388561777,0.6740912813933497
Baltic,Wood_none,114,76.84640607884187,2.538416243009119,0.6740912813933497
Baltic,Wood_none,115,77.52049736023523,2.5492893951269817,0.6740912813933497
Baltic,Wood_none,116,78.19458864162857,2.5601055473646563,0.6740912813933497
Baltic,Wood_none,117,78.86867992302192,2.5708429421540537,0.6740912813933497
Baltic,Wood_none,118,79.54277120441527,2.58149055467147,0.6740912813933497
Baltic,Wood_none,119,80.21686248580862,2.5920803376841506,0.6740912813933497
Baltic,Wood_none,120,80.89095376720196,2.6025939928504482,0.6740912813933497
Baltic,Wood_none,121,81.56504504859532,2.6130129626208656,0.6740912813933497
Baltic,Wood_none,122,82.23913632998867,2.623373352269327,0.6740912813933497
Baltic,Wood_none,123,82.91322761138201,2.6336604290557735,0.6740912813933497
Baltic,Wood_none,124,83.58731889277537,2.6438480028652154,0.6740912813933497
Baltic,Wood_none,125,84.26141017416872,2.653976390239686,0.6740912813933497
Baltic,Wood_none,126,84.93550145556206,2.664034549499949,0.6740912813933497
Baltic,Wood_none,127,85.60959273695542,2.673988574014659,0.6740912813933497
Baltic,Wood_none,128,86.28368401834877,2.683882963069254,0.6740912813933497
Baltic,Wood_none,129,86.95777529974211,2.693710444655048,0.6740912813933497
Baltic,Wood_none,130,87.63186658113547,2.703429348752344,0.6740912813933497
Baltic,Wood_none,131,88.30595786252881,2.713088292315076,0.6740912813933497
Baltic,Wood_none,132,88.98004914392216,2.7226838206069877,0.6740912813933497
Baltic,Wood_none,133,89.65414042531552,2.732166292699168,0.6740912813933497
Baltic,Wood_none,134,90.32823170670886,2.7415884088613054,0.6740912813933497
Baltic,Wood_none,135,91.00232298810221,2.750950157131224,0.6740912813933497
Baltic,Wood_none,136,91.67641426949557,2.7601951224661074,0.6740912813933497
Baltic,Wood_none,137,92.35050555088891,2.7693790165167,0.6740912813933497
Baltic,Wood_none,138,93.02459683228226,2.7785022360563425,0.6740912813933497
Baltic,Wood_none,139,93.69868811367562,2.7875120784862446,0.6740912813933497
Baltic,Wood_none,140,94.37277939506896,2.7964567511183924,0.6740912813933497
Baltic,Wood_none,141,95.0468706764623,2.805340544719529,0.6740912813933497
Baltic,Wood_none,142,95.72096195785566,2.8141145625190127,0.6740912813933497
Baltic,Wood_none,143,96.39505323924901,2.822819358279597,0.6740912813933497
Baltic,Wood_none,144,97.06914452064237,2.831463113275054,0.6740912813933497
Baltic,Wood_none,145,97.74323580203571,2.8400005926440275,0.6740912813933497
Baltic,Wood_none,146,98.41732708342906,2.848464438765715,0.6740912813933497
Baltic,Wood_none,147,99.09141836482242,2.856866754888312,0.6740912813933497
Baltic,Wood_none,148,99.76550964621576,2.8651656482931336,0.6740912813933497
Baltic,Wood_none,149,100.4396009276091,2.873385926614272,0.6740912813933497
Baltic,Wood_none,150,101.11369220900247,2.8815437626434766,0.6740912813933497
Baltic,Wood_none,151,101.78778349039581,2.8896005143087344,0.6740912813933497
Baltic,Wood_none,152,102.46187477178916,2.897573241450323,0.6740912813933497
Baltic,Wood_none,153,103.13596605318251,2.905482419448209,0.6740912813933497
Baltic,Wood_none,154,103.81005733457586,2.9132928798691236,0.6740912813933497
Baltic,Wood_none,155,104.4841486159692,2.921013731364863,0.6740912813933497
Baltic,Wood_none,156,105.15823989736256,2.928669882170978,0.6740912813933497
Baltic,Wood_none,157,105.83233117875591,2.9362297181341765,0.6740912813933497
Baltic,Wood_none,158,106.50642246014925,2.943694204107854,0.6740912813933497
Baltic,Wood_none,159,107.18051374154261,2.9510928595595143,0.6740912813933497
Baltic,Wood_none,160,107.85460502293596,2.9583978337926022,0.6740912813933497
Baltic,Wood_none,161,108.5286963043293,2.9656016849870555,0.6740912813933497
Baltic,Wood_none,162,109.20278758572266,2.9727386519853236,0.6740912813933497
Baltic,Wood_none,163,109.876878867116,2.9797848045145314,0.6740912813933497
Baltic,Wood_none,164,110.55097014850935,2.986724036202813,0.6740912813933497
Baltic,Wood_none,165,111.22506142990271,2.9935954016099573,0.6740912813933497
Baltic,Wood_none,166,111.89915271129605,3.00037903359525,0.6740912813933497
Baltic,Wood_none,167,112.5732439926894,3.007049928738303,0.6740912813933497
Baltic,Wood_none,168,113.24733527408276,3.0136520427634883,0.6740912813933497
Baltic,Wood_none,169,113.9214265554761,3.0201697011397113,0.6740912813933497
Baltic,Wood_none,170,114.59551783686945,3.02656879414802,0.6740912813933497
Baltic,Wood_none,171,115.2696091182628,3.0328982541431353,0.6740912813933497
Baltic,Wood_none,172,115.94370039965615,3.039146716421354,0.6740912813933497
Baltic,Wood_none,173,116.6177916810495,3.0452708037716123,0.6740912813933497
Baltic,Wood_none,174,117.29188296244286,3.0513245432990743,0.6740912813933497
Baltic,Wood_none,175,117.9659742438362,3.057301007177273,0.6740912813933497
Baltic,Wood_none,176,118.64006552522955,3.0631475598712496,0.6740912813933497
Baltic,Wood_none,177,119.3141568066229,3.068923207228603,0.6740912813933497
Baltic,Wood_none,178,119.98824808801625,3.0746255295834635,0.6740912813933497
Baltic,Wood_none,179,120.66233936940961,3.080192443048373,0.6740912813933497
Baltic,Wood_none,180,121.33643065080295,3.085687940117644,0.6740912813933497
Baltic,Wood_none,181,122.0105219321963,3.0911120055809826,0.6740912813933497
Baltic,Wood_none,182,122.68461321358966,3.096399505367834,0.6740912813933497
Baltic,Wood_none,183,123.358704494983,3.101612950519767,0.6740912813933497
Baltic,Wood_none,184,124.03279577637635,3.106754492827956,0.6740912813933497
Baltic,Wood_none,185,124.7068870577697,3.1117632393491133,0.6740912813933497
Baltic,Wood_none,186,125.38097833916305,3.117300046327626,0.6740912813933497
Baltic,Wood_none,187,126.0550696205564,3.1232382956968485,0.6740912813933497
Baltic,Wood_none,188,126.72916090194975,3.129122241409371,0.6740912813933497
Baltic,Wood_none,189,127.4032521833431,3.134971163826126,0.6740912813933497
Baltic,Wood_none,190,128.07734346473646,3.1407899126985335,0.6740912813933497
Baltic,Wood_none,191,128.7514347461298,3.1465573484797567,0.6740912813933497
Baltic,Wood_none,192,129.42552602752315,3.152288558249228,0.6740912813933497
Baltic,Wood_none,193,130.0996173089165,3.157990210818302,0.6740912813933497
Baltic,Wood_none,194,130.77370859030984,3.1636434437194345,0.6740912813933497
Baltic,Wood_none,195,131.4477998717032,3.169259309255951,0.6740912813933497
Baltic,Wood_none,196,132.12189115309656,3.1748462213579876,0.6740912813933497
Baltic,Wood_none,197,132.7959824344899,3.180387512747571,0.6740912813933497
Baltic,Wood_none,198,133.47007371588325,3.1858903548242266,0.6740912813933497
Baltic,Wood_none,199,134.1441649972766,3.191364834910744,0.6740912813933497
Baltic,Wood_none,200,134.81825627866993,3.1967964013792227,0.6740912813933497
Baltic,Wood_none,201,135.4923475600633,3.2021884940859393,0.6740912813933497
Baltic,Wood_none,202,136.16643884145665,3.2075528041765193,0.6740912813933497
Baltic,Wood_none,203,136.84053012285,3.212876818422898,0.6740912813933497
Baltic,Wood_none,204,137.51462140424334,3.2181603901052687,0.6740912813933497
Baltic,Wood_none,205,138.1887126856367,3.2234167467212815,0.6740912813933497
Baltic,Wood_none,206,138.86280396703003,3.2286353384222473,0.6740912813933497
Baltic,Wood_none,207,139.5368952484234,3.2338125726014644,0.6740912813933497
Baltic,Wood_none,208,140.21098652981675,3.238963147680984,0.6740912813933497
Baltic,Wood_none,209,140.8850778112101,3.2440784043428077,0.6740912813933497
Baltic,Wood_none,210,141.55916909260344,3.2491514406171156,0.6740912813933497
Baltic,Wood_none,211,142.23326037399679,3.2541983624114517,0.6740912813933497
Baltic,Wood_none,212,142.90735165539013,3.2592123302049925,0.6740912813933497
Baltic,Wood_none,213,143.5814429367835,3.264183265133015,0.6740912813933497
Baltic,Wood_none,214,144.25553421817685,3.2691286190852398,0.6740912813933497
Baltic,Wood_none,215,144.9296254995702,3.2740433036644654,0.6740912813933497
Baltic,Wood_none,216,145.60371678096354,3.278914191630753,0.6740912813933497
Baltic,Wood_none,217,146.27780806235688,3.283760021236534,0.6740912813933497
Baltic,Wood_none,218,146.95189934375023,3.28857738854082,0.6740912813933497
Baltic,Wood_none,219,147.6259906251436,3.293350242604022,0.6740912813933497
Baltic,Wood_none,220,148.30008190653695,3.2980985502551614,0.6740912813933497
Baltic,Wood_none,221,148.9741731879303,3.302820527295651,0.6740912813933497
Baltic,Wood_none,222,149.64826446932364,3.3074973200196287,0.6740912813933497
Baltic,Wood_none,223,150.32235575071698,3.3121500678306646,0.6740912813933497
Baltic,Wood_none,224,150.99644703211032,3.3167785434611323,0.6740912813933497
Baltic,Wood_none,225,151.6705383135037,3.321361207729335,0.6740912813933497
Baltic,Wood_none,226,152.34462959489704,3.325920318347492,0.6740912813933497
Baltic,Wood_none,227,153.0187208762904,3.3304558903306902,0.6740912813933497
Baltic,Wood_none,228,153.69281215768373,3.3349475738334178,0.6740912813933497
Baltic,Wood_none,229,154.36690343907708,3.3394149312322883,0.6740912813933497
Baltic,Wood_none,230,155.04099472047045,3.3438592307866126,0.6740912813933497
Baltic,Wood_none,231,155.7150860018638,3.348261972996899,0.6740912813933497
Baltic,Wood_none,232,156.38917728325714,3.352639423254163,0.6740912813933497
Baltic,Wood_none,233,157.06326856465049,3.3569942866460396,0.6740912813933497
Baltic,Wood_none,234,157.73735984604383,3.3613098487194795,0.6740912813933497
Baltic,Wood_none,235,158.41145112743718,3.365599200779004,0.6740912813933497
Baltic,Wood_none,236,159.08554240883055,3.3698664273410834,0.6740912813933497
Baltic,Wood_none,237,159.7596336902239,3.374096535560034,0.6740912813933497
Baltic,Wood_none,238,160.43372497161724,3.378299561978619,0.6740912813933497
Baltic,Wood_none,239,161.10781625301058,3.3824809148524526,0.6740912813933497
Baltic,Wood_none,240,161.78190753440393,3.3866272613166153,0.6740912813933497
Baltic,Wood_none,241,162.45599881579727,3.390745698995759,0.6740912813933497
Baltic,Wood_none,242,163.13009009719065,3.394842905859557,0.6740912813933497
Baltic,Wood_none,243,163.804181378584,3.3989071491627976,0.6740912813933497
Baltic,Wood_none,244,164.47827265997734,3.402942700065729,0.6740912813933497
Baltic,Wood_none,245,165.15236394137068,3.4069574538474967,0.6740912813933497
Baltic,Wood_none,246,165.82645522276403,3.4109412197413276,0.6740912813933497
Baltic,Wood_none,247,166.50054650415737,3.4148955515956287,0.6740912813933497
Baltic,Wood_none,248,167.17463778555074,3.4188295111719547,0.6740912813933497
Baltic,Wood_none,249,167.8487290669441,3.422734393215856,0.6740912813933497
Baltic,Wood_none,250,168.52282034833743,3.426609140201963,0.6740912813933497
Baltic,Wood_none,251,169.19691162973078,3.43046393108276,0.6740912813933497
Baltic,Wood_none,252,169.87100291112412,3.4342914912816154,0.6740912813933497
Baltic,Wood_none,253,170.54509419251747,3.4380882547074587,0.6740912813933497
Baltic,Wood_none,254,171.21918547391084,3.441865469706933,0.6740912813933497
Baltic,Wood_none,255,171.89327675530419,3.445617239135851,0.6740912813933497
Baltic,Wood_none,256,172.56736803669753,3.449337588097955,0.6740912813933497
Baltic,Wood_none,257,173.24145931809088,3.453038787992105,0.6740912813933497
Baltic,Wood_none,258,173.91555059948422,3.4567162674088845,0.6740912813933497
Baltic,Wood_none,259,174.5896418808776,3.46036173944016,0.6740912813933497
Baltic,Wood_none,260,175.26373316227094,3.4639884536110332,0.6740912813933497
Baltic,Wood_none,261,175.93782444366428,3.467593114056469,0.6740912813933497
Baltic,Wood_none,262,176.61191572505763,3.4711652157609882,0.6740912813933497
Baltic,Wood_none,263,177.28600700645097,3.4747189428280074,0.6740912813933497
Baltic,Wood_none,264,177.96009828784432,3.4782522262143454,0.6740912813933497
Baltic,Wood_none,265,178.6341895692377,3.4817524338893384,0.6740912813933497
Baltic,Wood_none,266,179.30828085063104,3.4852346423279092,0.6740912813933497
Baltic,Wood_none,267,179.98237213202438,3.4886979620156184,0.6740912813933497
Baltic,Wood_none,268,180.65646341341773,3.49212772226099,0.6740912813933497
Baltic,Wood_none,269,181.33055469481107,3.495539851008695,0.6740912813933497
Baltic,Wood_none,270,182.00464597620442,3.4989343595652147,0.6740912813933497
Baltic,Wood_none,271,182.6787372575978,3.5022953226874014,0.6740912813933497
Baltic,Wood_none,272,183.35282853899113,3.5056387817380057,0.6740912813933497
Baltic,Wood_none,273,184.02691982038448,3.508964980495728,0.6740912813933497
Baltic,Wood_none,274,184.70101110177782,3.5122593920891285,0.6740912813933497
Baltic,Wood_none,275,185.37510238317117,3.5155355630746175,0.6740912813933497
Baltic,Wood_none,276,186.0491936645645,3.5187948263213467,0.6740912813933497
Baltic,Wood_none,277,186.7232849459579,3.522024004194524,0.6740912813933497
Baltic,Wood_none,278,187.39737622735123,3.5252342409554713,0.6740912813933497
Baltic,Wood_none,279,188.07146750874458,3.5284279153373364,0.6740912813933497
Baltic,Wood_none,280,188.74555879013792,3.531593151204495,0.6740912813933497
Baltic,Wood_none,281,189.41965007153127,3.534738780348939,0.6740912813933497
Baltic,Wood_none,282,190.0937413529246,3.5378681854262153,0.6740912813933497
Baltic,Wood_none,283,190.76783263431798,3.5409707454239094,0.6740912813933497
Baltic,Wood_none,284,191.44192391571133,3.5440530668750148,0.6740912813933497
Baltic,Wood_none,285,192.11601519710467,3.5471194956668017,0.6740912813933497
Baltic,Wood_none,286,192.79010647849802,3.5501606208603915,0.6740912813933497
Baltic,Wood_none,287,193.46419775989136,3.5531809083930788,0.6740912813933497
Baltic,Wood_none,288,194.13828904128474,3.556185627911007,0.6740912813933497
Baltic,Wood_none,289,194.81238032267808,3.5591665347911263,0.6740912813933497
Baltic,Wood_none,290,195.48647160407143,3.562126036557914,0.6740912813933497
Baltic,Wood_none,291,196.16056288546477,3.565070288329104,0.6740912813933497
Baltic,Wood_none,292,196.83465416685812,3.5679921692982473,0.6740912813933497
Baltic,Wood_none,293,197.50874544825146,3.57089210834455,0.6740912813933497
Baltic,Wood_none,294,198.18283672964483,3.573777108924119,0.6740912813933497
Baltic,Wood_none,295,198.85692801103818,3.576641132773634,0.6740912813933497
Baltic,Wood_none,296,199.53101929243152,3.579482707542668,0.6740912813933497
Baltic,Wood_none,297,200.20511057382487,3.5823096490158712,0.6740912813933497
Baltic,Wood_none,298,200.8792018552182,3.5851169613934837,0.6740912813933497
Baltic,Wood_none,299,201.55329313661156,3.5879013462210243,0.6740912813933497
Baltic,Wood_none,300,202.22738441800493,3.590671396695321,0.6740912813933497
Baltic,Wood_high,0,0.0,1.25426090985969,0.780346220571977
Baltic,Wood_high,1,0.780346220571977,1.261761928910444,0.780346220571977
Baltic,Wood_high,2,1.560692441143954,1.2694251976062707,0.780346220571977
Baltic,Wood_high,3,2.341038661715931,1.2772519270716514,0.780346220571977
Baltic,Wood_high,4,3.121384882287908,1.2852432920831662,0.780346220571977
Baltic,Wood_high,5,3.901731102859885,1.293429826167448,0.780346220571977
Baltic,Wood_high,6,4.682077323431862,1.3018203763819547,0.780346220571977
Baltic,Wood_high,7,5.462423544003839,1.3103798357565362,0.780346220571977
Baltic,Wood_high,8,6.242769764575816,1.3191090035403492,0.780346220571977
Baltic,Wood_high,9,7.023115985147793,1.328008635558716,0.780346220571977
Baltic,Wood_high,10,7.80346220571977,1.3371398420683767,0.780346220571977
Baltic,Wood_high,11,8.583808426291746,1.3464504542423323,0.780346220571977
Baltic,Wood_high,12,9.364154646863724,1.355933763612922,0.780346220571977
Baltic,Wood_high,13,10.144500867435701,1.365590080806977,0.780346220571977
Baltic,Wood_high,14,10.924847088007677,1.3754429131264068,0.780346220571977
Baltic,Wood_high,15,11.705193308579656,1.3855138715680912,0.780346220571977
Baltic,Wood_high,16,12.485539529151632,1.3957581744188143,0.780346220571977
Baltic,Wood_high,17,13.265885749723608,1.406175645975437,0.780346220571977
Baltic,Wood_high,18,14.046231970295587,1.4167660576031313,0.780346220571977
Baltic,Wood_high,19,14.826578190867563,1.4275821928214592,0.780346220571977
Baltic,Wood_high,20,15.60692441143954,1.4385840401995313,0.780346220571977
Baltic,Wood_high,21,16.387270632011518,1.449756655259745,0.780346220571977
Baltic,Wood_high,22,17.167616852583492,1.461099168889244,0.780346220571977
Baltic,Wood_high,23,17.94796307315547,1.4726260375842213,0.780346220571977
Baltic,Wood_high,24,18.72830929372745,1.4843693599893217,0.780346220571977
Baltic,Wood_high,25,19.508655514299424,1.4962771539172455,0.780346220571977
Baltic,Wood_high,26,20.289001734871402,1.5083476832425693,0.780346220571977
Baltic,Wood_high,27,21.06934795544338,1.5205790878984202,0.780346220571977
Baltic,Wood_high,28,21.849694176015355,1.5330105741592879,0.780346220571977
Baltic,Wood_high,29,22.630040396587333,1.5456147648269025,0.780346220571977
Baltic,Wood_high,30,23.41038661715931,1.5583692945538143,0.780346220571977
Baltic,Wood_high,31,24.190732837731286,1.571271262503084,0.780346220571977
Baltic,Wood_high,32,24.971079058303264,1.5843248638196177,0.780346220571977
Baltic,Wood_high,33,25.751425278875242,1.5975647327781632,0.780346220571977
Baltic,Wood_high,34,26.531771499447217,1.6109383160060766,0.780346220571977
Baltic,Wood_high,35,27.312117720019195,1.6244420537818294,0.780346220571977
Baltic,Wood_high,36,28.092463940591173,1.638072330479614,0.780346220571977
Baltic,Wood_high,37,28.872810161163148,1.6518515820171453,0.780346220571977
Baltic,Wood_high,38,29.653156381735126,1.6657649134327097,0.780346220571977
Baltic,Wood_high,39,30.433502602307104,1.679788310996535,0.780346220571977
Baltic,Wood_high,40,31.21384882287908,1.6939177574228366,0.780346220571977
Baltic,Wood_high,41,31.994195043451057,1.7081501872417952,0.780346220571977
Baltic,Wood_high,42,32.774541264023036,1.7225140408387876,0.780346220571977
Baltic,Wood_high,43,33.554887484595014,1.7369662079832304,0.780346220571977
Baltic,Wood_high,44,34.335233705166985,1.7515024443093903,0.780346220571977
Baltic,Wood_high,45,35.11557992573896,1.7661184917247563,0.780346220571977
Baltic,Wood_high,46,35.89592614631094,1.7808225365826673,0.780346220571977
Baltic,Wood_high,47,36.67627236688292,1.795607557520715,0.780346220571977
Baltic,Wood_high,48,37.4566185874549,1.8104539268281457,0.780346220571977
Baltic,Wood_high,49,38.236964808026876,1.8253573188322425,0.780346220571977
Baltic,Wood_high,50,39.01731102859885,1.8403134070689189,0.780346220571977
Baltic,Wood_high,51,39.797657249170825,1.8553318401217647,0.780346220571977
Baltic,Wood_high,52,40.578003469742804,1.8703902024839087,0.780346220571977
Baltic,Wood_high,53,41.35834969031478,1.885482798354002,0.780346220571977
Baltic,Wood_high,54,42.13869591088676,1.9006053574449764,0.780346220571977
Baltic,Wood_high,55,42.91904213145874,1.9157561845063507,0.780346220571977
Baltic,Wood_high,56,43.69938835203071,1.9309291772606159,0.780346220571977
Baltic,Wood_high,57,44.47973457260269,1.9461141178893566,0.780346220571977
Baltic,Wood_high,58,45.260080793174666,1.9613070390485219,0.780346220571977
Baltic,Wood_high,59,46.040427013746644,1.976504059112525,0.780346220571977
Baltic,Wood_high,60,46.82077323431862,1.9916991577057557,0.780346220571977
Baltic,Wood_high,61,47.6011194548906,2.006886712090459,0.780346220571977
Baltic,Wood_high,62,48.38146567546257,2.022063550123678,0.780346220571977
Baltic,Wood_high,63,49.16181189603455,2.037226432988946,0.780346220571977
Baltic,Wood_high,64,49.94215811660653,2.052369814649853,0.780346220571977
Baltic,Wood_high,65,50.722504337178506,2.067484144599943,0.780346220571977
Baltic,Wood_high,66,51.502850557750484,2.0825717267346806,0.780346220571977
Baltic,Wood_high,67,52.283196778322456,2.097629771076048,0.780346220571977
Baltic,Wood_high,68,53.063542998894434,2.112655513319517,0.780346220571977
Baltic,Wood_high,69,53.84388921946641,2.1276349169773296,0.780346220571977
Baltic,Wood_high,70,54.62423544003839,2.1425691433483967,0.780346220571977
Baltic,Wood_high,71,55.40458166061037,2.157459748747884,0.780346220571977
Baltic,Wood_high,72,56.18492788118235,2.1723042247775077,0.780346220571977
Baltic,Wood_high,73,56.96527410175432,2.187096834979671,0.780346220571977
Baltic,Wood_high,74,57.745620322326296,2.201819636947145,0.780346220571977
Baltic,Wood_high,75,58.525966542898274,2.216486881349622,0.780346220571977
Baltic,Wood_high,76,59.30631276347025,2.231096674852644,0.780346220571977
Baltic,Wood_high,77,60.08665898404223,2.2456471522376455,0.780346220571977
Baltic,Wood_high,78,60.86700520461421,2.260121125150244,0.780346220571977
Baltic,Wood_high,79,61.64735142518618,2.27452039058585,0.780346220571977
Baltic,Wood_high,80,62.42769764575816,2.288852844444769,0.780346220571977
Baltic,Wood_high,81,63.20804386633014,2.3031168485523392,0.780346220571977
Baltic,Wood_high,82,63.988390086902115,2.317309283725977,0.780346220571977
Baltic,Wood_high,83,64.76873630747409,2.331402097297914,0.780346220571977
Baltic,Wood_high,84,65.54908252804607,2.3454198622913927,0.780346220571977
Baltic,Wood_high,85,66.32942874861804,2.3593611743544405,0.780346220571977
Baltic,Wood_high,86,67.10977496919003,2.373224680326178,0.780346220571977
Baltic,Wood_high,87,67.890121189762,2.386993154109894,0.780346220571977
Baltic,Wood_high,88,68.67046741033397,2.4006644602462925,0.780346220571977
Baltic,Wood_high,89,69.45081363090596,2.4142532370568004,0.780346220571977
Baltic,Wood_high,90,70.23115985147793,2.4277585729799185,0.780346220571977
Baltic,Wood_high,91,71.01150607204991,2.441179582362401,0.780346220571977
Baltic,Wood_high,92,71.79185229262188,2.454483145415128,0.780346220571977
Baltic,Wood_high,93,72.57219851319387,2.4676980683173597,0.780346220571977
Baltic,Wood_high,94,73.35254473376584,2.4808254430004655,0.780346220571977
Baltic,Wood_high,95,74.13289095433781,2.493864627941223,0.780346220571977
Baltic,Wood_high,96,74.9132371749098,2.5068011071721386,0.780346220571977
Baltic,Wood_high,97,75.69358339548177,2.519626456398757,0.780346220571977
Baltic,Wood_high,98,76.47392961605375,2.5323612787353365,0.780346220571977
Baltic,Wood_high,99,77.25427583662572,2.5450051071228463,0.780346220571977
Baltic,Wood_high,100,78.0346220571977,2.5575574883442287,0.780346220571977
Baltic,Wood_high,101,78.81496827776968,2.569987385709726,0.780346220571977
Baltic,Wood_high,102,79.59531449834165,2.5823188093762317,0.780346220571977
Baltic,Wood_high,103,80.37566071891364,2.594557079202647,0.780346220571977
Baltic,Wood_high,104,81.15600693948561,2.6067018272522287,0.780346220571977
Baltic,Wood_high,105,81.93635316005758,2.618741953887747,0.780346220571977
Baltic,Wood_high,106,82.71669938062956,2.6306612788571893,0.780346220571977
Baltic,Wood_high,107,83.49704560120153,2.642485667008835,0.780346220571977
Baltic,Wood_high,108,84.27739182177352,2.654214853429001,0.780346220571977
Baltic,Wood_high,109,85.05773804234549,2.665848586252131,0.780346220571977
Baltic,Wood_high,110,85.83808426291748,2.677358878269273,0.780346220571977
Baltic,Wood_high,111,86.61843048348945,2.6887631845064455,0.780346220571977
Baltic,Wood_high,112,87.39877670406142,2.7000712176102866,0.780346220571977
Baltic,Wood_high,113,88.1791229246334,2.711282827285974,0.780346220571977
Baltic,Wood_high,114,88.95946914520538,2.722390869243596,0.780346220571977
Baltic,Wood_high,115,89.73981536577736,2.7333710476561435,0.780346220571977
Baltic,Wood_high,116,90.52016158634933,2.744254037058541,0.780346220571977
Baltic,Wood_high,117,91.3005078069213,2.755039674959838,0.780346220571977
Baltic,Wood_high,118,92.08085402749329,2.7657278079772283,0.780346220571977
Baltic,Wood_high,119,92.86120024806526,2.7762940630772097,0.780346220571977
Baltic,Wood_high,120,93.64154646863724,2.786748328483549,0.780346220571977
Baltic,Wood_high,121,94.42189268920922,2.797104608864605,0.780346220571977
Baltic,Wood_high,122,95.2022389097812,2.8073628281731833,0.780346220571977
Baltic,Wood_high,123,95.98258513035317,2.8175198674615505,0.780346220571977
Baltic,Wood_high,124,96.76293135092514,2.827543224353714,0.780346220571977
Baltic,Wood_high,125,97.54327757149713,2.8374680880485803,0.780346220571977
Baltic,Wood_high,126,98.3236237920691,2.8472942038539952,0.780346220571977
Baltic,Wood_high,127,99.10397001264108,2.8570212811226328,0.780346220571977
Baltic,Wood_high,128,99.88431623321306,2.8666283036166726,0.780346220571977
Baltic,Wood_high,129,100.66466245378503,2.8761164626344464,0.780346220571977
Baltic,Wood_high,130,101.44500867435701,2.8855036632647324,0.780346220571977
Baltic,Wood_high,131,102.22535489492898,2.89478937926832,0.780346220571977
Baltic,Wood_high,132,103.00570111550097,2.9039730850775114,0.780346220571977
Baltic,Wood_high,133,103.78604733607294,2.9130146843959146,0.780346220571977
Baltic,Wood_high,134,104.56639355664491,2.9219514524369723,0.780346220571977
Baltic,Wood_high,135,105.3467397772169,2.930783880987037,0.780346220571977
Baltic,Wood_high,136,106.12708599778887,2.9395114227393155,0.780346220571977
Baltic,Wood_high,137,106.90743221836085,2.948115967665232,0.780346220571977
Baltic,Wood_high,138,107.68777843893282,2.9565899719626465,0.780346220571977
Baltic,Wood_high,139,108.46812465950481,2.964956869276587,0.780346220571977
Baltic,Wood_high,140,109.24847088007678,2.9732161710824263,0.780346220571977
Baltic,Wood_high,141,110.02881710064875,2.981367394778366,0.780346220571977
Baltic,Wood_high,142,110.80916332122074,2.9893727773144887,0.780346220571977
Baltic,Wood_high,143,111.58950954179271,2.997262978890717,0.780346220571977
Baltic,Wood_high,144,112.3698557623647,3.005043156397149,0.780346220571977
Baltic,Wood_high,145,113.15020198293666,3.012712879735983,0.780346220571977
Baltic,Wood_high,146,113.93054820350864,3.0202578965923825,0.780346220571977
Baltic,Wood_high,147,114.71089442408062,3.027661377035058,0.780346220571977
Baltic,Wood_high,148,115.49124064465259,3.03495265874758,0.780346220571977
Baltic,Wood_high,149,116.27158686522458,3.0421313705972617,0.780346220571977
Baltic,Wood_high,150,117.05193308579655,3.0491971581660247,0.780346220571977
Baltic,Wood_high,151,117.83227930636853,3.056115673697181,0.780346220571977
Baltic,Wood_high,152,118.6126255269405,3.062909847415582,0.780346220571977
Baltic,Wood_high,153,119.39297174751248,3.0695899243509523,0.780346220571977
Baltic,Wood_high,154,120.17331796808446,3.076155653086692,0.780346220571977
Baltic,Wood_high,155,120.95366418865643,3.0825972807563695,0.780346220571977
Baltic,Wood_high,156,121.73401040922842,3.088888336919015,0.780346220571977
Baltic,Wood_high,157,122.51435662980039,3.095064030966452,0.780346220571977
Baltic,Wood_high,158,123.29470285037236,3.101124141632724,0.780346220571977
Baltic,Wood_high,159,124.07504907094435,3.107068450370527,0.780346220571977
Baltic,Wood_high,160,124.85539529151632,3.112866710228612,0.780346220571977
Baltic,Wood_high,161,125.6357415120883,3.119546148671208,0.780346220571977
Baltic,Wood_high,162,126.41608773266027,3.1263895172472385,0.780346220571977
Baltic,Wood_high,163,127.19643395323224,3.133183870558503,0.780346220571977
Baltic,Wood_high,164,127.97678017380423,3.139927509867746,0.780346220571977
Baltic,Wood_high,165,128.7571263943762,3.146606045468809,0.780346220571977
Baltic,Wood_high,166,129.53747261494817,3.1532368281629686,0.780346220571977
Baltic,Wood_high,167,130.31781883552017,3.159820147035135,0.780346220571977
Baltic,Wood_high,168,131.09816505609214,3.1663562901451483,0.780346220571977
Baltic,Wood_high,169,131.8785112766641,3.1728355075749226,0.780346220571977
Baltic,Wood_high,170,132.65885749723608,3.1792602926587263,0.780346220571977
Baltic,Wood_high,171,133.43920371780806,3.185639116472383,0.780346220571977
Baltic,Wood_high,172,134.21954993838006,3.191972257569408,0.780346220571977
Baltic,Wood_high,173,134.99989615895203,3.198259985185023,0.780346220571977
Baltic,Wood_high,174,135.780242379524,3.2044851571909354,0.780346220571977
Baltic,Wood_high,175,136.56058860009597,3.2106658231223584,0.780346220571977
Baltic,Wood_high,176,137.34093482066794,3.216802252336786,0.780346220571977
Baltic,Wood_high,177,138.12128104123994,3.2228947132377685,0.780346220571977
Baltic,Wood_high,178,138.9016272618119,3.228935895527116,0.780346220571977
Baltic,Wood_high,179,139.68197348238388,3.2349245447884423,0.780346220571977
Baltic,Wood_high,180,140.46231970295585,3.240870357763244,0.780346220571977
Baltic,Wood_high,181,141.24266592352782,3.2467735939967994,0.780346220571977
Baltic,Wood_high,182,142.02301214409982,3.2526345121103866,0.780346220571977
Baltic,Wood_high,183,142.8033583646718,3.2584388162539915,0.780346220571977
Baltic,Wood_high,184,143.58370458524377,3.2641999201464102,0.780346220571977
Baltic,Wood_high,185,144.36405080581574,3.26991979502028,0.780346220571977
Baltic,Wood_high,186,145.14439702638774,3.2755986909640322,0.780346220571977
Baltic,Wood_high,187,145.9247432469597,3.2812314519955468,0.780346220571977
Baltic,Wood_high,188,146.70508946753168,3.286813571293974,0.780346220571977
Baltic,Wood_high,189,147.48543568810365,3.2923557668234533,0.780346220571977
Baltic,Wood_high,190,148.26578190867562,3.297858280418033,0.780346220571977
Baltic,Wood_high,191,149.04612812924762,3.3033213530518695,0.780346220571977
Baltic,Wood_high,192,149.8264743498196,3.308733250364217,0.780346220571977
Baltic,Wood_high,193,150.60682057039156,3.3141032728667357,0.780346220571977
Baltic,Wood_high,194,151.38716679096353,3.319434869559294,0.780346220571977
Baltic,Wood_high,195,152.1675130115355,3.3247282734648684,0.780346220571977
Baltic,Wood_high,196,152.9478592321075,3.3299802250396606,0.780346220571977
Baltic,Wood_high,197,153.72820545267948,3.33518341055706,0.780346220571977
Baltic,Wood_high,198,154.50855167325145,3.340349386802074,0.780346220571977
Baltic,Wood_high,199,155.28889789382342,3.3454783791060048,0.780346220571977
Baltic,Wood_high,200,156.0692441143954,3.3505706119999203,0.780346220571977
Baltic,Wood_high,201,156.8495903349674,3.3556166316079183,0.780346220571977
Baltic,Wood_high,202,157.62993655553936,3.3606221200822732,0.780346220571977
Baltic,Wood_high,203,158.41028277611133,3.3655917953679753,0.780346220571977
Baltic,Wood_high,204,159.1906289966833,3.3705258745869497,0.780346220571977
Baltic,Wood_high,205,159.97097521725527,3.375422761777725,0.780346220571977
Baltic,Wood_high,206,160.75132143782727,3.380272736435165,0.780346220571977
Baltic,Wood_high,207,161.53166765839924,3.385088031758684,0.780346220571977
Baltic,Wood_high,208,162.31201387897121,3.389868857702899,0.780346220571977
Baltic,Wood_high,209,163.09236009954319,3.394615423477715,0.780346220571977
Baltic,Wood_high,210,163.87270632011516,3.3993203009753343,0.780346220571977
Baltic,Wood_high,211,164.65305254068716,3.4039860007266842,0.780346220571977
Baltic,Wood_high,212,165.43339876125913,3.408618322280829,0.780346220571977
Baltic,Wood_high,213,166.2137449818311,3.4132174679436167,0.780346220571977
Baltic,Wood_high,214,166.99409120240307,3.4177832952970766,0.780346220571977
Baltic,Wood_high,215,167.77443742297507,3.4223040359118024,0.780346220571977
Baltic,Wood_high,216,168.55478364354704,3.4267924551206668,0.780346220571977
Baltic,Wood_high,217,169.335129864119,3.4312487485508143,0.780346220571977
Baltic,Wood_high,218,170.11547608469098,3.4356731111363503,0.780346220571977
Baltic,Wood_high,219,170.89582230526295,3.440059909838546,0.780346220571977
Baltic,Wood_high,220,171.67616852583495,3.444408886438564,0.780346220571977
Baltic,Wood_high,221,172.45651474640692,3.4487267542794906,0.780346220571977
Baltic,Wood_high,222,173.2368609669789,3.4530137018620333,0.780346220571977
Baltic,Wood_high,223,174.01720718755087,3.457269917015622,0.780346220571977
Baltic,Wood_high,224,174.79755340812284,3.461484706880378,0.780346220571977
Baltic,Wood_high,225,175.57789962869484,3.465668438897981,0.780346220571977
Baltic,Wood_high,226,176.3582458492668,3.4698222293992798,0.780346220571977
Baltic,Wood_high,227,177.13859206983878,3.4739462600166333,0.780346220571977
Baltic,Wood_high,228,177.91893829041075,3.4780364840157323,0.780346220571977
Baltic,Wood_high,229,178.69928451098272,3.482090237322541,0.780346220571977
Baltic,Wood_high,230,179.47963073155472,3.486114997010532,0.780346220571977
Baltic,Wood_high,231,180.2599769521267,3.4901109387172338,0.780346220571977
Baltic,Wood_high,232,181.04032317269866,3.4940782374554664,0.780346220571977
Baltic,Wood_high,233,181.82066939327063,3.4980080814775683,0.780346220571977
Baltic,Wood_high,234,182.6010156138426,3.501907809029137,0.780346220571977
Baltic,Wood_high,235,183.3813618344146,3.5057796308214773,0.780346220571977
Baltic,Wood_high,236,184.16170805498658,3.509623716092796,0.780346220571977
Baltic,Wood_high,237,184.94205427555855,3.51343741567159,0.780346220571977
Baltic,Wood_high,238,185.72240049613052,3.5172159861101915,0.780346220571977
Baltic,Wood_high,239,186.5027467167025,3.5209675342626934,0.780346220571977
Baltic,Wood_high,240,187.2830929372745,3.524692223781152,0.780346220571977
Baltic,Wood_high,241,188.06343915784646,3.528390217736257,0.780346220571977
Baltic,Wood_high,242,188.84378537841843,3.5320543800156607,0.780346220571977
Baltic,Wood_high,243,189.6241315989904,3.5356893818682487,0.780346220571977
Baltic,Wood_high,244,190.4044778195624,3.5392983753097313,0.780346220571977
Baltic,Wood_high,245,191.18482404013437,3.54288151802984,0.780346220571977
Baltic,Wood_high,246,191.96517026070634,3.5464373879480813,0.780346220571977
Baltic,Wood_high,247,192.74551648127832,3.549959455576594,0.780346220571977
Baltic,Wood_high,248,193.5258627018503,3.5534563382212867,0.780346220571977
Baltic,Wood_high,249,194.3062089224223,3.556928188366554,0.780346220571977
Baltic,Wood_high,250,195.08655514299426,3.5603751579557597,0.780346220571977
Baltic,Wood_high,251,195.86690136356623,3.5637916002202052,0.780346220571977
Baltic,Wood_high,252,196.6472475841382,3.5671798464828424,0.780346220571977
Baltic,Wood_high,253,197.42759380471017,3.5705438526835134,0.780346220571977
Baltic,Wood_high,254,198.20794002528217,3.573883765751453,0.780346220571977
Baltic,Wood_high,255,198.98828624585414,3.5771992368876133,0.780346220571977
Baltic,Wood_high,256,199.7686324664261,3.580482213739018,0.780346220571977
Baltic,Wood_high,257,200.54897868699808,3.5837417179908355,0.780346220571977
Baltic,Wood_high,258,201.32932490757005,3.586977891721826,0.780346220571977
Baltic,Wood_high,259,202.10967112814205,3.590190876507257,0.780346220571977
Baltic,Wood_high,260,202.89001734871403,3.5933763461606927,0.780346220571977
Baltic,Wood_high,261,203.670363569286,3.596534587115663,0.780346220571977
Baltic,Wood_high,262,204.45070978985797,3.5996702361290756,0.780346220571977
Baltic,Wood_high,263,205.23105601042994,3.602783430103883,0.780346220571977
Baltic,Wood_high,264,206.01140223100194,3.605874305455361,0.780346220571977
Baltic,Wood_high,265,206.7917484515739,3.608934871057124,0.780346220571977
Baltic,Wood_high,266,207.57209467214588,3.611973110572445,0.780346220571977
Baltic,Wood_high,267,208.35244089271785,3.614989605830426,0.780346220571977
Baltic,Wood_high,268,209.13278711328982,3.6179844887456567,0.780346220571977
Baltic,Wood_high,269,209.91313333386182,3.620954600964016,0.780346220571977
Baltic,Wood_high,270,210.6934795544338,3.623898449868406,0.780346220571977
Baltic,Wood_high,271,211.47382577500576,3.6268212428969187,0.780346220571977
Baltic,Wood_high,272,212.25417199557774,3.629723107610346,0.780346220571977
Baltic,Wood_high,273,213.03451821614973,3.6326041711156334,0.780346220571977
Baltic,Wood_high,274,213.8148644367217,3.6354578235681347,0.780346220571977
Baltic,Wood_high,275,214.59521065729368,3.638289818198455,0.780346220571977
Baltic,Wood_high,276,215.37555687786565,3.641101546986871,0.780346220571977
Baltic,Wood_high,277,216.15590309843762,3.6438931328464568,0.780346220571977
Baltic,Wood_high,278,216.93624931900962,3.6466624471232842,0.780346220571977
Baltic,Wood_high,279,217.7165955395816,3.649406457390081,0.780346220571977
Baltic,Wood_high,280,218.49694176015356,3.65213084341025,0.780346220571977
Baltic,Wood_high,281,219.27728798072553,3.654835724039869,0.780346220571977
Baltic,Wood_high,282,220.0576342012975,3.657521217712651,0.780346220571977
Baltic,Wood_high,283,220.8379804218695,3.6601819456235214,0.780346220571977
Baltic,Wood_high,284,221.61832664244147,3.662821695662401,0.780346220571977
Baltic,Wood_high,285,222.39867286301345,3.665442557758973,0.780346220571977
Baltic,Wood_high,286,223.17901908358542,3.668044646438983,0.780346220571977
Baltic,Wood_high,287,223.9593653041574,3.670626737956075,0.780346220571977
Baltic,Wood_high,288,224.7397115247294,3.6731844750963227,0.780346220571977
Baltic,Wood_high,289,225.52005774530136,3.675723922283104,0.780346220571977
Baltic,Wood_high,290,226.30040396587333,3.678245190261742,0.780346220571977
Baltic,Wood_high,291,227.0807501864453,3.6807483893845045,0.780346220571977
Baltic,Wood_high,292,227.86109640701727,3.683229235645058,0.780346220571977
Baltic,Wood_high,293,228.64144262758927,3.6856897910352764,0.780346220571977
Baltic,Wood_high,294,229.42178884816124,3.6881327427007013,0.780346220571977
Baltic,Wood_high,295,230.2021350687332,3.690558197352034,0.780346220571977
Baltic,Wood_high,296,230.98248128930518,3.692965723524997,0.780346220571977
Baltic,Wood_high,297,231.76282750987716,3.695349832206553,0.780346220571977
Baltic,Wood_high,298,232.54317373044915,3.697716894509383,0.780346220571977
Baltic,Wood_high,299,233.32351995102113,3.70006701362148,0.780346220571977
Baltic,Wood_high,300,234.1038661715931,3.702400292365057,0.780346220571977
Danish Straits,Steel,0,0.0,1.25426090985969,0.8490391666766864
Danish Straits,Steel,1,0.8490391666766864,1.2624222346616605,0.8490391666766864
Danish Straits,Steel,2,1.6980783333533729,1.2707855649723705,0.8490391666766864
Danish Straits,Steel,3,2.547117500030059,1.2793528437603823,0.8490391666766864
Danish Straits,Steel,4,3.3961566667067458,1.2881258953677635,0.8490391666766864
Danish Straits,Steel,5,4.245195833383432,1.2971064207924516,0.8490391666766864
Danish Straits,Steel,6,5.094235000060118,1.3062959930445623,0.8490391666766864
Danish Straits,Steel,7,5.943274166736805,1.3157132942345278,0.8490391666766864
Danish Straits,Steel,8,6.7923133334134915,1.3253714169852617,0.8490391666766864
Danish Straits,Steel,9,7.641352500090178,1.335242918420513,0.8490391666766864
Danish Straits,Steel,10,8.490391666766865,1.3453286326175327,0.8490391666766864
Danish Straits,Steel,11,9.33943083344355,1.3556292361833286,0.8490391666766864
Danish Straits,Steel,12,10.188470000120237,1.3661452452713527,0.8490391666766864
Danish Straits,Steel,13,11.037509166796923,1.3768770127643484,0.8490391666766864
Danish Straits,Steel,14,11.88654833347361,1.3878597978007798,0.8490391666766864
Danish Straits,Steel,15,12.735587500150297,1.3990699806534386,0.8490391666766864
Danish Straits,Steel,16,13.584626666826983,1.410495608617073,0.8490391666766864
Danish Straits,Steel,17,14.43366583350367,1.4221361573641658,0.8490391666766864
Danish Straits,Steel,18,15.282705000180355,1.4339909286563366,0.8490391666766864
Danish Straits,Steel,19,16.131744166857043,1.4460590327299008,0.8490391666766864
Danish Straits,Steel,20,16.98078333353373,1.4583451430923866,0.8490391666766864
Danish Straits,Steel,21,17.829822500210415,1.4708809264579203,0.8490391666766864
Danish Straits,Steel,22,18.6788616668871,1.4836242495043033,0.8490391666766864
Danish Straits,Steel,23,19.527900833563788,1.496572793228376,0.8490391666766864
Danish Straits,Steel,24,20.376940000240474,1.5097238574972458,0.8490391666766864
Danish Straits,Steel,25,21.22597916691716,1.5230743377018114,0.8490391666766864
Danish Straits,Steel,26,22.075018333593846,1.5366207166113874,0.8490391666766864
Danish Straits,Steel,27,22.924057500270536,1.550379267326948,0.8490391666766864
Danish Straits,Steel,28,23.77309666694722,1.5643434145235837,0.8490391666766864
Danish Straits,Steel,29,24.622135833623908,1.5784877550889171,0.8490391666766864
Danish Straits,Steel,30,25.471175000300594,1.5928072469269048,0.8490391666766864
Danish Straits,Steel,31,26.32021416697728,1.607296606992357,0.8490391666766864
Danish Straits,Steel,32,27.169253333653966,1.6219503133023763,0.8490391666766864
Danish Straits,Steel,33,28.018292500330652,1.6367626208849402,0.8490391666766864
Danish Straits,Steel,34,28.86733166700734,1.6517548434836204,0.8490391666766864
Danish Straits,Steel,35,29.716370833684024,1.666894122616835,0.8490391666766864
Danish Straits,Steel,36,30.56541000036071,1.6821701390840988,0.8490391666766864
Danish Straits,Steel,37,31.414449167037397,1.6975764287210708,0.8490391666766864
Danish Straits,Steel,38,32.263488333714086,1.713106430914175,0.8490391666766864
Danish Straits,Steel,39,33.11252750039077,1.7287534987362294,0.8490391666766864
Danish Straits,Steel,40,33.96156666706746,1.7445164792593777,0.8490391666766864
Danish Straits,Steel,41,34.81060583374414,1.7603969430946762,0.8490391666766864
Danish Straits,Steel,42,35.65964500042083,1.7763702966965047,0.8490391666766864
Danish Straits,Steel,43,36.50868416709752,1.7924296303280745,0.8490391666766864
Danish Straits,Steel,44,37.3577233337742,1.8085680163994209,0.8490391666766864
Danish Straits,Steel,45,38.20676250045089,1.8247785172101207,0.8490391666766864
Danish Straits,Steel,46,39.055801667127575,1.841054192457078,0.8490391666766864
Danish Straits,Steel,47,39.904840833804265,1.8573946802403487,0.8490391666766864
Danish Straits,Steel,48,40.75388000048095,1.8737872471360963,0.8490391666766864
Danish Straits,Steel,49,41.60291916715764,1.890220467204326,0.8490391666766864
Danish Straits,Steel,50,42.45195833383432,1.9066875100456857,0.8490391666766864
Danish Straits,Steel,51,43.30099750051101,1.923181585828235,0.8490391666766864
Danish Straits,Steel,52,44.15003666718769,1.9396959649169925,0.8490391666766864
Danish Straits,Steel,53,44.99907583386438,1.9562240142668983,0.8490391666766864
Danish Straits,Steel,54,45.84811500054107,1.9727589166202746,0.8490391666766864
Danish Straits,Steel,55,46.697154167217754,1.9892920160254588,0.8490391666766864
Danish Straits,Steel,56,47.54619333389444,2.0058178661345583,0.8490391666766864
Danish Straits,Steel,57,48.395232500571126,2.022331142871804,0.8490391666766864
Danish Straits,Steel,58,49.244271667247816,2.038826645502615,0.8490391666766864
Danish Straits,Steel,59,50.0933108339245,2.055299328966455,0.8490391666766864
Danish Straits,Steel,60,50.94235000060119,2.0717416247912883,0.8490391666766864
Danish Straits,Steel,61,51.79138916727787,2.088145485115696,0.8490391666766864
Danish Straits,Steel,62,52.64042833395456,2.104510225641725,0.8490391666766864
Danish Straits,Steel,63,53.48946750063124,2.120831493251337,0.8490391666766864
Danish Straits,Steel,64,54.33850666730793,2.1371050174592123,0.8490391666766864
Danish Straits,Steel,65,55.18754583398462,2.1533266098744046,0.8490391666766864
Danish Straits,Steel,66,56.036585000661304,2.1694921673215166,0.8490391666766864
Danish Straits,Steel,67,56.885624167337994,2.18558695333818,0.8490391666766864
Danish Straits,Steel,68,57.73466333401468,2.2016129569613074,0.8490391666766864
Danish Straits,Steel,69,58.583702500691366,2.217570204112883,0.8490391666766864
Danish Straits,Steel,70,59.43274166736805,2.233455639606455,0.8490391666766864
Danish Straits,Steel,71,60.28178083404474,2.2492663001198796,0.8490391666766864
Danish Straits,Steel,72,61.13082000072142,2.264999302327715,0.8490391666766864
Danish Straits,Steel,73,61.97985916739811,2.28064941857944,0.8490391666766864
Danish Straits,Steel,74,62.82889833407479,2.296199796444178,0.8490391666766864
Danish Straits,Steel,75,63.67793750075148,2.3116629717592176,0.8490391666766864
Danish Straits,Steel,76,64.52697666742817,2.32703645842072,0.8490391666766864
Danish Straits,Steel,77,65.37601583410486,2.3423178450513418,0.8490391666766864
Danish Straits,Steel,78,66.22505500078154,2.357504806254158,0.8490391666766864
Danish Straits,Steel,79,67.07409416745823,2.3725951261997213,0.8490391666766864
Danish Straits,Steel,80,67.92313333413492,2.387575622291786,0.8490391666766864
Danish Straits,Steel,81,68.7721725008116,2.402444211102347,0.8490391666766864
Danish Straits,Steel,82,69.62121166748828,2.417209879552852,0.8490391666766864
Danish Straits,Steel,83,70.47025083416497,2.4318711866810157,0.8490391666766864
Danish Straits,Steel,84,71.31929000084166,2.4464267698227258,0.8490391666766864
Danish Straits,Steel,85,72.16832916751835,2.4608753535173613,0.8490391666766864
Danish Straits,Steel,86,73.01736833419504,2.4752157628077156,0.8490391666766864
Danish Straits,Steel,87,73.86640750087172,2.48942570778676,0.8490391666766864
Danish Straits,Steel,88,74.7154466675484,2.5035221615924734,0.8490391666766864
Danish Straits,Steel,89,75.5644858342251,2.5175069784096316,0.8490391666766864
Danish Straits,Steel,90,76.41352500090179,2.5313793434367167,0.8490391666766864
Danish Straits,Steel,91,77.26256416757846,2.5451384907666394,0.8490391666766864
Danish Straits,Steel,92,78.11160333425515,2.558783699668976,0.8490391666766864
Danish Straits,Steel,93,78.96064250093184,2.572307786058916,0.8490391666766864
Danish Straits,Steel,94,79.80968166760853,2.5856979392941333,0.8490391666766864
Danish Straits,Steel,95,80.6587208342852,2.598971906283926,0.8490391666766864
Danish Straits,Steel,96,81.5077600009619,2.612129099523121,0.8490391666766864
Danish Straits,Steel,97,82.35679916763858,2.625168964642942,0.8490391666766864
Danish Straits,Steel,98,83.20583833431527,2.6380909884233845,0.8490391666766864
Danish Straits,Steel,99,84.05487750099196,2.6508947029718044,0.8490391666766864
Danish Straits,Steel,100,84.90391666766864,2.663563270853269,0.8490391666766864
Danish Straits,Steel,101,85.75295583434533,2.6761032137373073,0.8490391666766864
Danish Straits,Steel,102,86.60199500102202,2.688523573928827,0.8490391666766864
Danish Straits,Steel,103,87.45103416769871,2.70082409207334,0.8490391666766864
Danish Straits,Steel,104,88.30007333437538,2.7130045274631347,0.8490391666766864
Danish Straits,Steel,105,89.14911250105207,2.7250646257252815,0.8490391666766864
Danish Straits,Steel,106,89.99815166772876,2.737003754474088,0.8490391666766864
Danish Straits,Steel,107,90.84719083440545,2.7487959999179568,0.8490391666766864
Danish Straits,Steel,108,91.69623000108214,2.7604668894458326,0.8490391666766864
Danish Straits,Steel,109,92.54526916775882,2.7720162075554855,0.8490391666766864
Danish Straits,Steel,110,93.39430833443551,2.7834437661886384,0.8490391666766864
Danish Straits,Steel,111,94.2433475011122,2.7947494037173537,0.8490391666766864
Danish Straits,Steel,112,95.09238666778889,2.8059329839470997,0.8490391666766864
Danish Straits,Steel,113,95.94142583446556,2.8169841352770524,0.8490391666766864
Danish Straits,Steel,114,96.79046500114225,2.827896779708135,0.8490391666766864
Danish Straits,Steel,115,97.63950416781894,2.838686814063173,0.8490391666766864
Danish Straits,Steel,116,98.48854333449563,2.849353839149313,0.8490391666766864
Danish Straits,Steel,117,99.3375825011723,2.859897338407261,0.8490391666766864
Danish Straits,Steel,118,100.186621667849,2.8703166815377403,0.8490391666766864
Danish Straits,Steel,119,101.03566083452569,2.880611130189073,0.8490391666766864
Danish Straits,Steel,120,101.88470000120238,2.890758862267512,0.8490391666766864
Danish Straits,Steel,121,102.73373916787907,2.9007731120952545,0.8490391666766864
Danish Straits,Steel,122,103.58277833455574,2.9106594774158343,0.8490391666766864
Danish Straits,Steel,123,104.43181750123243,2.9204170747363523,0.8490391666766864
Danish Straits,Steel,124,105.28085666790912,2.930045011470608,0.8490391666766864
Danish Straits,Steel,125,106.12989583458581,2.9395424056111694,0.8490391666766864
Danish Straits,Steel,126,106.97893500126249,2.9489043983535415,0.8490391666766864
Danish Straits,Steel,127,107.82797416793917,2.95810924126081,0.8490391666766864
Danish Straits,Steel,128,108.67701333461586,2.9671805945830534,0.8490391666766864
Danish Straits,Steel,129,109.52605250129255,2.9761176808577026,0.8490391666766864
Danish Straits,Steel,130,110.37509166796924,2.984919741545547,0.8490391666766864
Danish Straits,Steel,131,111.22413083464592,2.9935860366827973,0.8490391666766864
Danish Straits,Steel,132,112.07317000132261,3.00211584453489,0.8490391666766864
Danish Straits,Steel,133,112.9222091679993,3.0104930663314655,0.8490391666766864
Danish Straits,Steel,134,113.77124833467599,3.018717656934806,0.8490391666766864
Danish Straits,Steel,135,114.62028750135266,3.026803355701505,0.8490391666766864
Danish Straits,Steel,136,115.46932666802935,3.0347495280142867,0.8490391666766864
Danish Straits,Steel,137,116.31836583470604,3.0425555687653376,0.8490391666766864
Danish Straits,Steel,138,117.16740500138273,3.050220927129511,0.8490391666766864
Danish Straits,Steel,139,118.01644416805942,3.0577451337246426,0.8490391666766864
Danish Straits,Steel,140,118.8654833347361,3.065100352305292,0.8490391666766864
Danish Straits,Steel,141,119.71452250141279,3.072310010046762,0.8490391666766864
Danish Straits,Steel,142,120.56356166808948,3.079377049627867,0.8490391666766864
Danish Straits,Steel,143,121.41260083476617,3.0863010870597343,0.8490391666766864
Danish Straits,Steel,144,122.26164000144284,3.0930817488105213,0.8490391666766864
Danish Straits,Steel,145,123.11067916811953,3.0997186713224094,0.8490391666766864
Danish Straits,Steel,146,123.95971833479622,3.1062031592233685,0.8490391666766864
Danish Straits,Steel,147,124.80875750147291,3.112520174269637,0.8490391666766864
Danish Straits,Steel,148,125.65779666814959,3.11974059646815,0.8490391666766864
Danish Straits,Steel,149,126.50683583482628,3.127181630899199,0.8490391666766864
Danish Straits,Steel,150,127.35587500150297,3.134561737064779,0.8490391666766864
Danish Straits,Steel,151,128.20491416817964,3.1418813907520002,0.8490391666766864
Danish Straits,Steel,152,129.05395333485635,3.149141064311912,0.8490391666766864
Danish Straits,Steel,153,129.90299250153302,3.1563330503819302,0.8490391666766864
Danish Straits,Steel,154,130.75203166820972,3.163461651293699,0.8490391666766864
Danish Straits,Steel,155,131.6010708348864,3.1705319186054357,0.8490391666766864
Danish Straits,Steel,156,132.45011000156308,3.1775443074022798,0.8490391666766864
Danish Straits,Steel,157,133.29914916823978,3.184499269488395,0.8490391666766864
Danish Straits,Steel,158,134.14818833491645,3.191397253407199,0.8490391666766864
Danish Straits,Steel,159,134.99722750159313,3.1982384821776018,0.8490391666766864
Danish Straits,Steel,160,135.84626666826983,3.20501186186829,0.8490391666766864
Danish Straits,Steel,161,136.6953058349465,3.2117298280982047,0.8490391666766864
Danish Straits,Steel,162,137.5443450016232,3.2183928130097086,0.8490391666766864
Danish Straits,Steel,163,138.3933841682999,3.2250012456316406,0.8490391666766864
Danish Straits,Steel,164,139.24242333497656,3.231555551898495,0.8490391666766864
Danish Straits,Steel,165,140.09146250165327,3.238056154669522,0.8490391666766864
Danish Straits,Steel,166,140.94050166832994,3.2444989812916303,0.8490391666766864
Danish Straits,Steel,167,141.78954083500665,3.250882193173842,0.8490391666766864
Danish Straits,Steel,168,142.63858000168332,3.2572131760062955,0.8490391666766864
Danish Straits,Steel,169,143.48761916836,3.2634923371893874,0.8490391666766864
Danish Straits,Steel,170,144.3366583350367,3.269720081187094,0.8490391666766864
Danish Straits,Steel,171,145.18569750171338,3.2758968095450727,0.8490391666766864
Danish Straits,Steel,172,146.03473666839008,3.2820229209086933,0.8490391666766864
Danish Straits,Steel,173,146.88377583506676,3.2880905465174273,0.8490391666766864
Danish Straits,Steel,174,147.73281500174343,3.29410606276616,0.8490391666766864
Danish Straits,Steel,175,148.58185416842014,3.3000723514123416,0.8490391666766864
Danish Straits,Steel,176,149.4308933350968,3.305989796530578,0.8490391666766864
Danish Straits,Steel,177,150.2799325017735,3.311858779426082,0.8490391666766864
Danish Straits,Steel,178,151.1289716684502,3.3176796786517624,0.8490391666766864
Danish Straits,Steel,179,151.97801083512687,3.3234513826676357,0.8490391666766864
Danish Straits,Steel,180,152.82705000180357,3.329167144626611,0.8490391666766864
Danish Straits,Steel,181,153.67608916848025,3.3348361432648956,0.8490391666766864
Danish Straits,Steel,182,154.52512833515692,3.340458743294489,0.8490391666766864
Danish Straits,Steel,183,155.37416750183363,3.3460353067993363,0.8490391666766864
Danish Straits,Steel,184,156.2232066685103,3.3515661932515237,0.8490391666766864
Danish Straits,Steel,185,157.072245835187,3.357051759527413,0.8490391666766864
Danish Straits,Steel,186,157.92128500186368,3.362487345667915,0.8490391666766864
Danish Straits,Steel,187,158.77032416854036,3.3678738610784316,0.8490391666766864
Danish Straits,Steel,188,159.61936333521706,3.3732163004969675,0.8490391666766864
Danish Straits,Steel,189,160.46840250189373,3.3785150077541157,0.8490391666766864
Danish Straits,Steel,190,161.3174416685704,3.3837703242018935,0.8490391666766864
Danish Straits,Steel,191,162.1664808352471,3.388982588729033,0.8490391666766864
Danish Straits,Steel,192,163.0155200019238,3.3941521377762234,0.8490391666766864
Danish Straits,Steel,193,163.8645591686005,3.3992711800225823,0.8490391666766864
Danish Straits,Steel,194,164.71359833527717,3.4043474122762127,0.8490391666766864
Danish Straits,Steel,195,165.56263750195384,3.409382101462599,0.8490391666766864
Danish Straits,Steel,196,166.41167666863055,3.4143755717261186,0.8490391666766864
Danish Straits,Steel,197,167.26071583530722,3.4193281448735706,0.8490391666766864
Danish Straits,Steel,198,168.10975500198393,3.4242401403886014,0.8490391666766864
Danish Straits,Steel,199,168.9587941686606,3.4291095239986045,0.8490391666766864
Danish Straits,Steel,200,169.80783333533728,3.433932807879628,0.8490391666766864
Danish Straits,Steel,201,170.65687250201398,3.4387166282807597,0.8490391666766864
Danish Straits,Steel,202,171.50591166869066,3.4434612930052575,0.8490391666766864
Danish Straits,Steel,203,172.35495083536736,3.4481671076380978,0.8490391666766864
Danish Straits,Steel,204,173.20399000204404,3.452834375559655,0.8490391666766864
Danish Straits,Steel,205,174.0530291687207,3.457463397959323,0.8490391666766864
Danish Straits,Steel,206,174.90206833539742,3.462049210743637,0.8490391666766864
Danish Straits,Steel,207,175.7511075020741,3.466594657033777,0.8490391666766864
Danish Straits,Steel,208,176.60014666875077,3.471102907684158,0.8490391666766864
Danish Straits,Steel,209,177.44918583542747,3.475574252874791,0.8490391666766864
Danish Straits,Steel,210,178.29822500210415,3.4800089806935937,0.8490391666766864
Danish Straits,Steel,211,179.14726416878085,3.4844073771492994,0.8490391666766864
Danish Straits,Steel,212,179.99630333545753,3.488769537204996,0.8490391666766864
Danish Straits,Steel,213,180.8453425021342,3.4930884820222254,0.8490391666766864
Danish Straits,Steel,214,181.6943816688109,3.4973720931867947,0.8490391666766864
Danish Straits,Steel,215,182.54342083548758,3.5016206462495183,0.8490391666766864
Danish Straits,Steel,216,183.39246000216428,3.505834414775891,0.8490391666766864
Danish Straits,Steel,217,184.24149916884096,3.5100136703583207,0.8490391666766864
Danish Straits,Steel,218,185.09053833551764,3.5141586826283095,0.8490391666766864
Danish Straits,Steel,219,185.93957750219434,3.518266810258578,0.8490391666766864
Danish Straits,Steel,220,186.78861666887101,3.52233697034595,0.8490391666766864
Danish Straits,Steel,221,187.6376558355477,3.5263738272781406,0.8490391666766864
Danish Straits,Steel,222,188.4866950022244,3.530377640829522,0.8490391666766864
Danish Straits,Steel,223,189.33573416890107,3.534348668902073,0.8490391666766864
Danish Straits,Steel,224,190.18477333557777,3.538287167536927,0.8490391666766864
Danish Straits,Steel,225,191.03381250225445,3.542193390925872,0.8490391666766864
Danish Straits,Steel,226,191.88285166893112,3.5460622798274946,0.8490391666766864
Danish Straits,Steel,227,192.73189083560783,3.549897984236627,0.8490391666766864
Danish Straits,Steel,228,193.5809300022845,3.553702299323603,0.8490391666766864
Danish Straits,Steel,229,194.4299691689612,3.5574754699893494,0.8490391666766864
Danish Straits,Steel,230,195.27900833563788,3.561217739368909,0.8490391666766864
Danish Straits,Steel,231,196.12804750231456,3.5649293488423415,0.8490391666766864
Danish Straits,Steel,232,196.97708666899126,3.5686095498056916,0.8490391666766864
Danish Straits,Steel,233,197.82612583566794,3.572254120397497,0.8490391666766864
Danish Straits,Steel,234,198.6751650023446,3.575868872982969,0.8490391666766864
Danish Straits,Steel,235,199.52420416902132,3.579454040116688,0.8490391666766864
Danish Straits,Steel,236,200.373243335698,3.5830098526774776,0.8490391666766864
Danish Straits,Steel,237,201.2222825023747,3.586536539878728,0.8490391666766864
Danish Straits,Steel,238,202.07132166905137,3.5900343292786827,0.8490391666766864
Danish Straits,Steel,239,202.92036083572805,3.5935002120224278,0.8490391666766864
Danish Straits,Steel,240,203.76940000240475,3.5969348434249233,0.8490391666766864
Danish Straits,Steel,241,204.61843916908143,3.600341370360613,0.8490391666766864
Danish Straits,Steel,242,205.46747833575813,3.603720012069281,0.8490391666766864
Danish Straits,Steel,243,206.3165175024348,3.6070709862102643,0.8490391666766864
Danish Straits,Steel,244,207.16555666911148,3.6103945088722007,0.8490391666766864
Danish Straits,Steel,245,208.01459583578819,3.6136907945827508,0.8490391666766864
Danish Straits,Steel,246,208.86363500246486,3.61695484002837,0.8490391666766864
Danish Straits,Steel,247,209.71267416914156,3.620191623969034,0.8490391666766864
Danish Straits,Steel,248,210.56171333581824,3.623401918528773,0.8490391666766864
Danish Straits,Steel,249,211.41075250249492,3.626585930394657,0.8490391666766864
Danish Straits,Steel,250,212.25979166917162,3.629743864763221,0.8490391666766864
Danish Straits,Steel,251,213.1088308358483,3.6328759253496696,0.8490391666766864
Danish Straits,Steel,252,213.95787000252497,3.6359807814204537,0.8490391666766864
Danish Straits,Steel,253,214.80690916920167,3.6390562766337196,0.8490391666766864
Danish Straits,Steel,254,215.65594833587835,3.642106608486652,0.8490391666766864
Danish Straits,Steel,255,216.50498750255505,3.6451319732465954,0.8490391666766864
Danish Straits,Steel,256,217.35402666923173,3.648132565766431,0.8490391666766864
Danish Straits,Steel,257,218.2030658359084,3.6511085794932914,0.8490391666766864
Danish Straits,Steel,258,219.0521050025851,3.6540602064772436,0.8490391666766864
Danish Straits,Steel,259,219.90114416926178,3.6569842498065914,0.8490391666766864
Danish Straits,Steel,260,220.7501833359385,3.659882585992025,0.8490391666766864
Danish Straits,Steel,261,221.59922250261516,3.6627572048753154,0.8490391666766864
Danish Straits,Steel,262,222.44826166929184,3.665608291486542,0.8490391666766864
Danish Straits,Steel,263,223.29730083596854,3.668436029521778,0.8490391666766864
Danish Straits,Steel,264,224.14634000264522,3.671240601351319,0.8490391666766864
Danish Straits,Steel,265,224.9953791693219,3.674022037404714,0.8490391666766864
Danish Straits,Steel,266,225.8444183359986,3.676775948330111,0.8490391666766864
Danish Straits,Steel,267,226.69345750267527,3.6795073292241254,0.8490391666766864
Danish Straits,Steel,268,227.54249666935198,3.682216355788703,0.8490391666766864
Danish Straits,Steel,269,228.39153583602865,3.684903202459851,0.8490391666766864
Danish Straits,Steel,270,229.24057500270533,3.6875680424154558,0.8490391666766864
Danish Straits,Steel,271,230.08961416938203,3.690211047583057,0.8490391666766864
Danish Straits,Steel,272,230.9386533360587,3.692830505410567,0.8490391666766864
Danish Straits,Steel,273,231.7876925027354,3.6954257824341923,0.8490391666766864
Danish Straits,Steel,274,232.6367316694121,3.697999824146249,0.8490391666766864
Danish Straits,Steel,275,233.48577083608876,3.7005527961889944,0.8490391666766864
Danish Straits,Steel,276,234.33481000276547,3.7030848630107744,0.8490391666766864
Danish Straits,Steel,277,235.18384916944214,3.7055961878733776,0.8490391666766864
Danish Straits,Steel,278,236.03288833611884,3.7080869328593633,0.8490391666766864
Danish Straits,Steel,279,236.88192750279552,3.710553845338532,0.8490391666766864
Danish Straits,Steel,280,237.7309666694722,3.712999625169247,0.8490391666766864
Danish Straits,Steel,281,238.5800058361489,3.715425390018646,0.8490391666766864
Danish Straits,Steel,282,239.42904500282557,3.717831296045096,0.8490391666766864
Danish Straits,Steel,283,240.27808416950225,3.720217498280963,0.8490391666766864
Danish Straits,Steel,284,241.12712333617895,3.7225841506395647,0.8490391666766864
Danish Straits,Steel,285,241.97616250285563,3.7249307503774225,0.8490391666766864
Danish Straits,Steel,286,242.82520166953233,3.727254656602428,0.8490391666766864
Danish Straits,Steel,287,243.674240836209,3.7295595497742773,0.8490391666766864
Danish Straits,Steel,288,244.52328000288568,3.7318455781788433,0.8490391666766864
Danish Straits,Steel,289,245.3723191695624,3.7341128890334567,0.8490391666766864
Danish Straits,Steel,290,246.22135833623906,3.7363616284934924,0.8490391666766864
Danish Straits,Steel,291,247.07039750291577,3.738591941658929,0.8490391666766864
Danish Straits,Steel,292,247.91943666959244,3.7408018860665604,0.8490391666766864
Danish Straits,Steel,293,248.76847583626912,3.7429919276742667,0.8490391666766864
Danish Straits,Steel,294,249.61751500294582,3.745164048844596,0.8490391666766864
Danish Straits,Steel,295,250.4665541696225,3.747318389373374,0.8490391666766864
Danish Straits,Steel,296,251.31559333629917,3.749455088048667,0.8490391666766864
Danish Straits,Steel,297,252.16463250297588,3.751574282656995,0.8490391666766864
Danish Straits,Steel,298,253.01367166965255,3.7536761099895295,0.8490391666766864
Danish Straits,Steel,299,253.86271083632926,3.755757357253834,0.8490391666766864
Danish Straits,Steel,300,254.71175000300593,3.7578212443562866,0.8490391666766864
Danish Straits,Wood_none,0,0.0,1.25426090985969,1.167652534331572
Danish Straits,Wood_none,1,1.167652534331572,1.265533395804762,1.167652534331572
Danish Straits,Wood_none,2,2.335305068663144,1.2771934746782394,1.167652534331572
Danish Straits,Wood_none,3,3.502957602994716,1.2892463332991648,1.167652534331572
Danish Straits,Wood_none,4,4.670610137326288,1.301696645330698,1.167652534331572
Danish Straits,Wood_none,5,5.83826267165786,1.3145485365691802,1.167652534331572
Danish Straits,Wood_none,6,7.005915205989432,1.327807360967411,1.167652534331572
Danish Straits,Wood_none,7,8.173567740321005,1.341523962730153,1.167652534331572
Danish Straits,Wood_none,8,9.341220274652576,1.3556512770361102,1.167652534331572
Danish Straits,Wood_none,9,10.508872808984147,1.3701907254277075,1.167652534331572
Danish Straits,Wood_none,10,11.67652534331572,1.3851430357900927,1.167652534331572
Danish Straits,Wood_none,11,12.844177877647292,1.400508225834067,1.167652534331572
Danish Straits,Wood_none,12,14.011830411978863,1.4162892283488009,1.167652534331572
Danish Straits,Wood_none,13,15.179482946310436,1.4325286152023062,1.167652534331572
Danish Straits,Wood_none,14,16.34713548064201,1.4491758753399318,1.167652534331572
Danish Straits,Wood_none,15,17.51478801497358,1.4662274008176563,1.167652534331572
Danish Straits,Wood_none,16,18.682440549305152,1.483678178539623,1.167652534331572
Danish Straits,Wood_none,17,19.850093083636725,1.5015221886400463,1.167652534331572
Danish Straits,Wood_none,18,21.017745617968295,1.5197570249058168,1.167652534331572
Danish Straits,Wood_none,19,22.185398152299868,1.5384094048053438,1.167652534331572
Danish Straits,Wood_none,20,23.35305068663144,1.5574249266551246,1.167652534331572
Danish Straits,Wood_none,21,24.52070322096301,1.5767909942778002,1.167652534331572
Danish Straits,Wood_none,22,25.688355755294584,1.5964940741953897,1.167652534331572
Danish Straits,Wood_none,23,26.856008289626157,1.6165196684819683,1.167652534331572
Danish Straits,Wood_none,24,28.023660823957727,1.6368574140416725,1.167652534331572
Danish Straits,Wood_none,25,29.1913133582893,1.657514942617163,1.167652534331572
Danish Straits,Wood_none,26,30.358965892620873,1.6784424150778459,1.167652534331572
Danish Straits,Wood_none,27,31.526618426952446,1.6996222400257186,1.167652534331572
Danish Straits,Wood_none,28,32.69427096128402,1.7210364019252553,1.167652534331572
Danish Straits,Wood_none,29,33.861923495615585,1.7426665370747214,1.167652534331572
Danish Straits,Wood_none,30,35.02957602994716,1.7644979224077795,1.167652534331572
Danish Straits,Wood_none,31,36.19722856427873,1.7865235866402402,1.167652534331572
Danish Straits,Wood_none,32,37.364881098610304,1.8087045133782784,1.167652534331572
Danish Straits,Wood_none,33,38.53253363294188,1.8310216448073038,1.167652534331572
Danish Straits,Wood_none,34,39.70018616727345,1.8534559254578977,1.167652534331572
Danish Straits,Wood_none,35,40.867838701605024,1.87598835261958,1.167652534331572
Danish Straits,Wood_none,36,42.03549123593659,1.898601585092559,1.167652534331572
Danish Straits,Wood_none,37,43.20314377026816,1.9212786035705753,1.167652534331572
Danish Straits,Wood_none,38,44.370796304599736,1.9439934417882838,1.167652534331572
Danish Straits,Wood_none,39,45.53844883893131,1.9667282147895904,1.167652534331572
Danish Straits,Wood_none,40,46.70610137326288,1.9894662382801525,1.167652534331572
Danish Straits,Wood_none,41,47.873753907594455,2.012192097341169,1.167652534331572
Danish Straits,Wood_none,42,49.04140644192602,2.0348898473843104,1.167652534331572
Danish Straits,Wood_none,43,50.209058976257595,2.0575408806782156,1.167652534331572
Danish Straits,Wood_none,44,51.37671151058917,2.0801350733785133,1.167652534331572
Danish Straits,Wood_none,45,52.54436404492074,2.102659980427772,1.167652534331572
Danish Straits,Wood_none,46,53.712016579252314,2.125103510459155,1.167652534331572
Danish Straits,Wood_none,47,54.87966911358389,2.147453921787935,1.167652534331572
Danish Straits,Wood_none,48,56.04732164791545,2.1696956962597262,1.167652534331572
Danish Straits,Wood_none,49,57.214974182247026,2.1918101403959667,1.167652534331572
Danish Straits,Wood_none,50,58.3826267165786,2.2137973391185843,1.167652534331572
Danish Straits,Wood_none,51,59.55027925091017,2.235648706288803,1.167652534331572
Danish Straits,Wood_none,52,60.717931785241746,2.257356090122069,1.167652534331572
Danish Straits,Wood_none,53,61.88558431957332,2.278911675038295,1.167652534331572
Danish Straits,Wood_none,54,63.05323685390489,2.3003013181757592,1.167652534331572
Danish Straits,Wood_none,55,64.22088938823646,2.321509206123356,1.167652534331572
Danish Straits,Wood_none,56,65.38854192256804,2.3425423604764553,1.167652534331572
Danish Straits,Wood_none,57,66.5561944568996,2.3633943784485516,1.167652534331572
Danish Straits,Wood_none,58,67.72384699123117,2.384059402548053,1.167652534331572
Danish Straits,Wood_none,59,68.89149952556275,2.404532330521483,1.167652534331572
Danish Straits,Wood_none,60,70.05915205989432,2.4247998599727945,1.167652534331572
Danish Straits,Wood_none,61,71.2268045942259,2.4448500524555703,1.167652534331572
Danish Straits,Wood_none,62,72.39445712855746,2.464695417117124,1.167652534331572
Danish Straits,Wood_none,63,73.56210966288904,2.48433282667516,1.167652534331572
Danish Straits,Wood_none,64,74.72976219722061,2.5037594826012795,1.167652534331572
Danish Straits,Wood_none,65,75.89741473155217,2.522972887005887,1.167652534331572
Danish Straits,Wood_none,66,77.06506726588375,2.5419601842371278,1.167652534331572
Danish Straits,Wood_none,67,78.23271980021532,2.5607129269804805,1.167652534331572
Danish Straits,Wood_none,68,79.4003723345469,2.57924588127725,1.167652534331572
Danish Straits,Wood_none,69,80.56802486887847,2.597557341029069,1.167652534331572
Danish Straits,Wood_none,70,81.73567740321005,2.615645685255406,1.167652534331572
Danish Straits,Wood_none,71,82.90332993754161,2.633509384036184,1.167652534331572
Danish Straits,Wood_none,72,84.07098247187318,2.6511350062756396,1.167652534331572
Danish Straits,Wood_none,73,85.23863500620476,2.6685168594161994,1.167652534331572
Danish Straits,Wood_none,74,86.40628754053633,2.685670382503253,1.167652534331572
Danish Straits,Wood_none,75,87.5739400748679,2.702594800263626,1.167652534331572
Danish Straits,Wood_none,76,88.74159260919947,2.719289448823105,1.167652534331572
Danish Straits,Wood_none,77,89.90924514353104,2.735753557215038,1.167652534331572
Danish Straits,Wood_none,78,91.07689767786262,2.7519729272526083,1.167652534331572
Danish Straits,Wood_none,79,92.24455021219418,2.7679443313624197,1.167652534331572
Danish Straits,Wood_none,80,93.41220274652576,2.783682941264417,1.167652534331572
Danish Straits,Wood_none,81,94.57985528085733,2.7991883071870745,1.167652534331572
Danish Straits,Wood_none,82,95.74750781518891,2.8144600851969845,1.167652534331572
Danish Straits,Wood_none,83,96.91516034952048,2.8294979734380914,1.167652534331572
Danish Straits,Wood_none,84,98.08281288385204,2.844286781939262,1.167652534331572
Danish Straits,Wood_none,85,99.25046541818362,2.858824819884298,1.167652534331572
Danish Straits,Wood_none,86,100.41811795251519,2.873125286609242,1.167652534331572
Danish Straits,Wood_none,87,101.58577048684677,2.8871860510933325,1.167652534331572
Danish Straits,Wood_none,88,102.75342302117834,2.9010047929819662,1.167652534331572
Danish Straits,Wood_none,89,103.92107555550992,2.9145792092499363,1.167652534331572
Danish Straits,Wood_none,90,105.08872808984148,2.927890317330325,1.167652534331572
Danish Straits,Wood_none,91,106.25638062417305,2.940937099435214,1.167652534331572
Danish Straits,Wood_none,92,107.42403315850463,2.953731824214994,1.167652534331572
Danish Straits,Wood_none,93,108.5916856928362,2.9662722387984917,1.167652534331572
Danish Straits,Wood_none,94,109.75933822716777,2.9785561737633017,1.167652534331572
Danish Straits,Wood_none,95,110.92699076149934,2.990581540435031,1.167652534331572
Danish Straits,Wood_none,96,112.0946432958309,3.002327715268137,1.167652534331572
Danish Straits,Wood_none,97,113.26229583016249,3.013796693490085,1.167652534331572
Danish Straits,Wood_none,98,114.42994836449405,3.02500089916598,1.167652534331572
Danish Straits,Wood_none,99,115.59760089882563,3.035938560886424,1.167652534331572
Danish Straits,Wood_none,100,116.7652534331572,3.046608007344046,1.167652534331572
Danish Straits,Wood_none,101,117.93290596748878,3.0570078252825357,1.167652534331572
Danish Straits,Wood_none,102,119.10055850182034,3.0671163207993373,1.167652534331572
Danish Straits,Wood_none,103,120.26821103615191,3.076938979508746,1.167652534331572
Danish Straits,Wood_none,104,121.43586357048349,3.086488345046096,1.167652534331572
Danish Straits,Wood_none,105,122.60351610481506,3.095763388335622,1.167652534331572
Danish Straits,Wood_none,106,123.77116863914664,3.1047631217455276,1.167652534331572
Danish Straits,Wood_none,107,124.9388211734782,3.113486595261374,1.167652534331572
Danish Straits,Wood_none,108,126.10647370780978,3.12368698694557,1.167652534331572
Danish Straits,Wood_none,109,127.27412624214135,3.1338552760958147,1.167652534331572
Danish Straits,Wood_none,110,128.44177877647292,3.1439079729892785,1.167652534331572
Danish Straits,Wood_none,111,129.6094313108045,3.1538463712306237,1.167652534331572
Danish Straits,Wood_none,112,130.77708384513608,3.1636717501256437,1.167652534331572
Danish Straits,Wood_none,113,131.94473637946763,3.1733853748377623,1.167652534331572
Danish Straits,Wood_none,114,133.1123889137992,3.1829793037792546,1.167652534331572
Danish Straits,Wood_none,115,134.2800414481308,3.1924596747264884,1.167652534331572
Danish Straits,Wood_none,116,135.44769398246234,3.2018322729341513,1.167652534331572
Danish Straits,Wood_none,117,136.61534651679392,3.2110983045038104,1.167652534331572
Danish Straits,Wood_none,118,137.7829990511255,3.2202589622053353,1.167652534331572
Danish Straits,Wood_none,119,138.95065158545708,3.2293154256227896,1.167652534331572
Danish Straits,Wood_none,120,140.11830411978863,3.2382598389030535,1.167652534331572
Danish Straits,Wood_none,121,141.2859566541202,3.2470988315536014,1.167652534331572
Danish Straits,Wood_none,122,142.4536091884518,3.2558373420118683,1.167652534331572
Danish Straits,Wood_none,123,143.62126172278334,3.264476494795295,1.167652534331572
Danish Straits,Wood_none,124,144.78891425711493,3.2730174019913427,1.167652534331572
Danish Straits,Wood_none,125,145.9565667914465,3.2814611633935704,1.167652534331572
Danish Straits,Wood_none,126,147.12421932577809,3.28980003358887,1.167652534331572
Danish Straits,Wood_none,127,148.29187186010964,3.298041039274377,1.167652534331572
Danish Straits,Wood_none,128,149.45952439444122,3.3061883601284157,1.167652534331572
Danish Straits,Wood_none,129,150.6271769287728,3.3142430446028395,1.167652534331572
Danish Straits,Wood_none,130,151.79482946310435,3.3222061295603216,1.167652534331572
Danish Straits,Wood_none,131,152.96248199743593,3.3300786404011626,1.167652534331572
Danish Straits,Wood_none,132,154.1301345317675,3.3378529631253286,1.167652534331572
Danish Straits,Wood_none,133,155.2977870660991,3.3455364376139145,1.167652534331572
Danish Straits,Wood_none,134,156.46543960043064,3.3531325648080834,1.167652534331572
Danish Straits,Wood_none,135,157.63309213476222,3.360642322239444,1.167652534331572
Danish Straits,Wood_none,136,158.8007446690938,3.3680666766342755,1.167652534331572
Danish Straits,Wood_none,137,159.96839720342535,3.3754065840317855,1.167652534331572
Danish Straits,Wood_none,138,161.13604973775693,3.382654579477527,1.167652534331572
Danish Straits,Wood_none,139,162.30370227208851,3.38981824157398,1.167652534331572
Danish Straits,Wood_none,140,163.4713548064201,3.396900465195217,1.167652534331572
Danish Straits,Wood_none,141,164.63900734075165,3.4039021617498153,1.167652534331572
Danish Straits,Wood_none,142,165.80665987508323,3.410824232571898,1.167652534331572
Danish Straits,Wood_none,143,166.9743124094148,3.4176675690313965,1.167652534331572
Danish Straits,Wood_none,144,168.14196494374636,3.424424869867114,1.167652534331572
Danish Straits,Wood_none,145,169.30961747807794,3.4311038865772447,1.167652534331572
Danish Straits,Wood_none,146,170.47727001240952,3.437706973915124,1.167652534331572
Danish Straits,Wood_none,147,171.6449225467411,3.444234981639056,1.167652534331572
Danish Straits,Wood_none,148,172.81257508107265,3.4506887501143226,1.167652534331572
Danish Straits,Wood_none,149,173.98022761540423,3.4570691104159814,1.167652534331572
Danish Straits,Wood_none,150,175.1478801497358,3.463368936962032,1.167652534331572
Danish Straits,Wood_none,151,176.31553268406736,3.4695960961300085,1.167652534331572
Danish Straits,Wood_none,152,177.48318521839894,3.475752462352223,1.167652534331572
Danish Straits,Wood_none,153,178.65083775273052,3.4818388279069024,1.167652534331572
Danish Straits,Wood_none,154,179.81849028706208,3.4878559763145973,1.167652534331572
Danish Straits,Wood_none,155,180.98614282139366,3.493804682433996,1.167652534331572
Danish Straits,Wood_none,156,182.15379535572524,3.499678005979437,1.167652534331572
Danish Straits,Wood_none,157,183.32144789005682,3.505483877245709,1.167652534331572
Danish Straits,Wood_none,158,184.48910042438837,3.511223744526807,1.167652534331572
Danish Straits,Wood_none,159,185.65675295871995,3.5168983465090045,1.167652534331572
Danish Straits,Wood_none,160,186.82440549305153,3.5225084137132514,1.167652534331572
Danish Straits,Wood_none,161,187.99205802738308,3.5280546685845304,1.167652534331572
Danish Straits,Wood_none,162,189.15971056171466,3.5335303636472903,1.167652534331572
Danish Straits,Wood_none,163,190.32736309604624,3.5389434485171463,1.167652534331572
Danish Straits,Wood_none,164,191.49501563037782,3.544294994401686,1.167652534331572
Danish Straits,Wood_none,165,192.66266816470937,3.5495856900203275,1.167652534331572
Danish Straits,Wood_none,166,193.83032069904095,3.554816216479482,1.167652534331572
Danish Straits,Wood_none,167,194.99797323337253,3.5599872473558207,1.167652534331572
Danish Straits,Wood_none,168,196.16562576770409,3.5650922336348403,1.167652534331572
Danish Straits,Wood_none,169,197.33327830203567,3.5701391053944067,1.167652534331572
Danish Straits,Wood_none,170,198.50093083636725,3.575128601122861,1.167652534331572
Danish Straits,Wood_none,171,199.66858337069883,3.5800613629526854,1.167652534331572
Danish Straits,Wood_none,172,200.83623590503038,3.5849380259182633,1.167652534331572
Danish Straits,Wood_none,173,202.00388843936196,3.589759058506369,1.167652534331572
Danish Straits,Wood_none,174,203.17154097369354,3.594518592750761,1.167652534331572
Danish Straits,Wood_none,175,204.3391935080251,3.599224026917199,1.167652534331572
Danish Straits,Wood_none,176,205.50684604235667,3.6038759663936797,1.167652534331572
Danish Straits,Wood_none,177,206.67449857668825,3.6084750098770146,1.167652534331572
Danish Straits,Wood_none,178,207.84215111101983,3.613021749446022,1.167652534331572
Danish Straits,Wood_none,179,209.00980364535138,3.6175163956208998,1.167652534331572
Danish Straits,Wood_none,180,210.17745617968296,3.621953931916543,1.167652534331572
Danish Straits,Wood_none,181,211.34510871401454,3.6263410278628814,1.167652534331572
Danish Straits,Wood_none,182,212.5127612483461,3.630678247897752,1.167652534331572
Danish Straits,Wood_none,183,213.68041378267768,3.63496615022041,1.167652534331572
Danish Straits,Wood_none,184,214.84806631700926,3.6392052868597444,1.167652534331572
Danish Straits,Wood_none,185,216.01571885134084,3.6433956431083927,1.167652534331572
Danish Straits,Wood_none,186,217.1833713856724,3.647532965651705,1.167652534331572
Danish Straits,Wood_none,187,218.35102392000397,3.65162326000338,1.167652534331572
Danish Straits,Wood_none,188,219.51867645433555,3.6556670524211063,1.167652534331572
Danish Straits,Wood_none,189,220.6863289886671,3.6596648633459274,1.167652534331572
Danish Straits,Wood_none,190,221.85398152299868,3.6636172074659057,1.167652534331572
Danish Straits,Wood_none,191,223.02163405733026,3.6675238743374496,1.167652534331572
Danish Straits,Wood_none,192,224.1892865916618,3.671381293554635,1.167652534331572
Danish Straits,Wood_none,193,225.3569391259934,3.6751948659144036,1.167652534331572
Danish Straits,Wood_none,194,226.52459166032497,3.678965082076879,1.167652534331572
Danish Straits,Wood_none,195,227.69224419465655,3.6826924272790045,1.167652534331572
Danish Straits,Wood_none,196,228.8598967289881,3.6863773813938336,1.167652534331572
Danish Straits,Wood_none,197,230.02754926331968,3.6900195647747496,1.167652534331572
Danish Straits,Wood_none,198,231.19520179765126,3.693616017026991,1.167652534331572
Danish Straits,Wood_none,199,232.36285433198282,3.6971715885471785,1.167652534331572
Danish Straits,Wood_none,200,233.5305068663144,3.7006867368058014,1.167652534331572
Danish Straits,Wood_none,201,234.69815940064598,3.704161914216972,1.167652534331572
Danish Straits,Wood_none,202,235.86581193497756,3.707597568193751,1.167652534331572
Danish Straits,Wood_none,203,237.0334644693091,3.710993173726655,1.167652534331572
Danish Straits,Wood_none,204,238.2011170036407,3.714346314269977,1.167652534331572
Danish Straits,Wood_none,205,239.36876953797227,3.7176613395560403,1.167652534331572
Danish Straits,Wood_none,206,240.53642207230382,3.7209386761107326,1.167652534331572
Danish Straits,Wood_none,207,241.7040746066354,3.724178745745594,1.167652534331572
Danish Straits,Wood_none,208,242.87172714096698,3.727381965609369,1.167652534331572
Danish Straits,Wood_none,209,244.03937967529856,3.730547686719786,1.167652534331572
Danish Straits,Wood_none,210,245.2070322096301,3.7336739763758136,1.167652534331572
Danish Straits,Wood_none,211,246.3746847439617,3.7367647291722967,1.167652534331572
Danish Straits,Wood_none,212,247.54233727829327,3.739820342783717,1.167652534331572
Danish Straits,Wood_none,213,248.70998981262483,3.742841210489069,1.167652534331572
Danish Straits,Wood_none,214,249.8776423469564,3.745827721219938,1.167652534331572
Danish Straits,Wood_none,215,251.045294881288,3.7487791211835444,1.167652534331572
Danish Straits,Wood_none,216,252.21294741561957,3.7516939071467865,1.167652534331572
Danish Straits,Wood_none,217,253.38059994995112,3.7545755602263853,1.167652534331572
Danish Straits,Wood_none,218,254.5482524842827,3.7574244511970116,1.167652534331572
Danish Straits,Wood_none,219,255.71590501861428,3.7602409467351214,1.167652534331572
Danish Straits,Wood_none,220,256.88355755294583,3.7630254094638453,1.167652534331572
Danish Straits,Wood_none,221,258.0512100872774,3.765776997917799,1.167652534331572
Danish Straits,Wood_none,222,259.218862621609,3.7684945890960453,1.167652534331572
Danish Straits,Wood_none,223,260.3865151559406,3.7711812887439087,1.167652534331572
Danish Straits,Wood_none,224,261.55416769027215,3.77383744255581,1.167652534331572
Danish Straits,Wood_none,225,262.7218202246037,3.776463392405169,1.167652534331572
Danish Straits,Wood_none,226,263.88947275893526,3.7790594763862293,1.167652534331572
Danish Straits,Wood_none,227,265.05712529326684,3.7816247806606826,1.167652534331572
Danish Straits,Wood_none,228,266.2247778275984,3.7841585179183714,1.167652534331572
Danish Straits,Wood_none,229,267.39243036193,3.7866634533772827,1.167652534331572
Danish Straits,Wood_none,230,268.5600828962616,3.789139909348091,1.167652534331572
Danish Straits,Wood_none,231,269.72773543059316,3.791588204578923,1.167652534331572
Danish Straits,Wood_none,232,270.8953879649247,3.7940086542943288,1.167652534331572
Danish Straits,Wood_none,233,272.06304049925626,3.7964002859148254,1.167652534331572
Danish Straits,Wood_none,234,273.23069303358784,3.7987626075642327,1.167652534331572
Danish Straits,Wood_none,235,274.3983455679194,3.801098075781624,1.167652534331572
Danish Straits,Wood_none,236,275.565998102251,3.8034069910756667,1.167652534331572
Danish Straits,Wood_none,237,276.7336506365826,3.805689650633445,1.167652534331572
Danish Straits,Wood_none,238,277.90130317091416,3.807946348356808,1.167652534331572
Danish Straits,Wood_none,239,279.0689557052457,3.8101760650443848,1.167652534331572
Danish Straits,Wood_none,240,280.23660823957727,3.812378567906153,1.167652534331572
Danish Straits,Wood_none,241,281.40426077390885,3.814556033900771,1.167652534331572
Danish Straits,Wood_none,242,282.5719133082404,3.8167087432096465,1.167652534331572
Danish Straits,Wood_none,243,283.739565842572,3.8188369729172806,1.167652534331572
Danish Straits,Wood_none,244,284.9072183769036,3.8209409970451444,1.167652534331572
Danish Straits,Wood_none,245,286.07487091123517,3.823019760519109,1.167652534331572
Danish Straits,Wood_none,246,287.2425234455667,3.8250732568518084,1.167652534331572
Danish Straits,Wood_none,247,288.41017597989827,3.8271034099963823,1.167652534331572
Danish Straits,Wood_none,248,289.57782851422985,3.8291104811819654,1.167652534331572
Danish Straits,Wood_none,249,290.74548104856143,3.83109472875027,1.167652534331572
Danish Straits,Wood_none,250,291.913133582893,3.8330564081871605,1.167652534331572
Danish Straits,Wood_none,251,293.0807861172246,3.8349944380545486,1.167652534331572
Danish Straits,Wood_none,252,294.24843865155617,3.8369090086328015,1.167652534331572
Danish Straits,Wood_none,253,295.4160911858877,3.838801815129004,1.167652534331572
Danish Straits,Wood_none,254,296.5837437202193,3.840673101102018,1.167652534331572
Danish Straits,Wood_none,255,297.75139625455085,3.842523107418569,1.167652534331572
Danish Straits,Wood_none,256,298.91904878888244,3.8443520722827134,1.167652534331572
Danish Straits,Wood_none,257,300.086701323214,3.84602606410744,1.167652534331572
Danish Straits,Wood_none,258,301.2543538575456,3.84602606410744,1.167652534331572
Danish Straits,Wood_none,259,302.4220063918772,3.84602606410744,1.167652534331572
Danish Straits,Wood_none,260,303.5896589262087,3.84602606410744,1.167652534331572
Danish Straits,Wood_none,261,304.7573114605403,3.84602606410744,1.167652534331572
Danish Straits,Wood_none,262,305.92496399487186,3.84602606410744,1.167652534331572
Danish Straits,Wood_none,263,307.09261652920344,3.84602606410744,1.167652534331572
Danish Straits,Wood_none,264,308.260269063535,3.84602606410744,1.167652534331572
Danish Straits,Wood_none,265,309.4279215978666,3.84602606410744,1.167652534331572
Danish Straits,Wood_none,266,310.5955741321982,3.84602606410744,1.167652534331572
Danish Straits,Wood_none,267,311.7632266665297,3.84602606410744,1.167652534331572
Danish Straits,Wood_none,268,312.9308792008613,3.84602606410744,1.167652534331572
Danish Straits,Wood_none,269,314.09853173519286,3.84602606410744,1.167652534331572
Danish Straits,Wood_none,270,315.26618426952444,3.84602606410744,1.167652534331572
Danish Straits,Wood_none,271,316.433836803856,3.84602606410744,1.167652534331572
Danish Straits,Wood_none,272,317.6014893381876,3.84602606410744,1.167652534331572
Danish Straits,Wood_none,273,318.7691418725192,3.84602606410744,1.167652534331572
Danish Straits,Wood_none,274,319.9367944068507,3.84602606410744,1.167652534331572
Danish Straits,Wood_none,275,321.1044469411823,3.84602606410744,1.167652534331572
Danish Straits,Wood_none,276,322.27209947551387,3.84602606410744,1.167652534331572
Danish Straits,Wood_none,277,323.43975200984545,3.84602606410744,1.167652534331572
Danish Straits,Wood_none,278,324.60740454417703,3.84602606410744,1.167652534331572
Danish Straits,Wood_none,279,325.7750570785086,3.84602606410744,1.167652534331572
Danish Straits,Wood_none,280,326.9427096128402,3.84602606410744,1.167652534331572
Danish Straits,Wood_none,281,328.1103621471717,3.84602606410744,1.167652534331572
Danish Straits,Wood_none,282,329.2780146815033,3.84602606410744,1.167652534331572
Danish Straits,Wood_none,283,330.4456672158349,3.84602606410744,1.167652534331572
Danish Straits,Wood_none,284,331.61331975016645,3.84602606410744,1.167652534331572
Danish Straits,Wood_none,285,332.78097228449803,3.84602606410744,1.167652534331572
Danish Straits,Wood_none,286,333.9486248188296,3.84602606410744,1.167652534331572
Danish Straits,Wood_none,287,335.1162773531612,3.84602606410744,1.167652534331572
Danish Straits,Wood_none,288,336.2839298874927,3.84602606410744,1.167652534331572
Danish Straits,Wood_none,289,337.4515824218243,3.84602606410744,1.167652534331572
Danish Straits,Wood_none,290,338.6192349561559,3.84602606410744,1.167652534331572
Danish Straits,Wood_none,291,339.78688749048746,3.84602606410744,1.167652534331572
Danish Straits,Wood_none,292,340.95454002481904,3.84602606410744,1.167652534331572
Danish Straits,Wood_none,293,342.1221925591506,3.84602606410744,1.167652534331572
Danish Straits,Wood_none,294,343.2898450934822,3.84602606410744,1.167652534331572
Danish Straits,Wood_none,295,344.4574976278137,3.84602606410744,1.167652534331572
Danish Straits,Wood_none,296,345.6251501621453,3.84602606410744,1.167652534331572
Danish Straits,Wood_none,297,346.7928026964769,3.84602606410744,1.167652534331572
Danish Straits,Wood_none,298,347.96045523080846,3.84602606410744,1.167652534331572
Danish Straits,Wood_none,299,349.12810776514004,3.84602606410744,1.167652534331572
Danish Straits,Wood_none,300,350.2957602994716,3.84602606410744,1.167652534331572
Danish Straits,Wood_high,0,0.0,1.25426090985969,2.2093179014413358
Danish Straits,Wood_high,1,2.2093179014413358,1.2759090703971032,2.2093179014413358
Danish Straits,Wood_high,2,4.4186358028826715,1.2989778397751455,2.2093179014413358
Danish Straits,Wood_high,3,6.627953704324007,1.3234984300022863,2.2093179014413358
Danish Straits,Wood_high,4,8.837271605765343,1.3494942386475086,2.2093179014413358
Danish Straits,Wood_high,5,11.04658950720668,1.3769944719237042,2.2093179014413358
Danish Straits,Wood_high,6,13.255907408648014,1.4060404074216177,2.2093179014413358
Danish Straits,Wood_high,7,15.46522531008935,1.436576634857747,2.2093179014413358
Danish Straits,Wood_high,8,17.674543211530686,1.468587221529935,2.2093179014413358
Danish Straits,Wood_high,9,19.88386111297202,1.5020409203271536,2.2093179014413358
Danish Straits,Wood_high,10,22.09317901441336,1.5369150076852167,2.2093179014413358
Danish Straits,Wood_high,11,24.302496915854693,1.573140847667812,2.2093179014413358
Danish Straits,Wood_high,12,26.511814817296028,1.6105947853497509,2.2093179014413358
Danish Straits,Wood_high,13,28.721132718737366,1.6491732815696563,2.2093179014413358
Danish Straits,Wood_high,14,30.9304506201787,1.6887616116945345,2.2093179014413358
Danish Straits,Wood_high,15,33.139768521620034,1.7292592465319976,2.2093179014413358
Danish Straits,Wood_high,16,35.34908642306137,1.770518448975431,2.2093179014413358
Danish Straits,Wood_high,17,37.55840432450271,1.8123949581299479,2.2093179014413358
Danish Straits,Wood_high,18,39.76772222594404,1.854755714896301,2.2093179014413358
Danish Straits,Wood_high,19,41.97704012738538,1.8974677379692841,2.2093179014413358
Danish Straits,Wood_high,20,44.18635802882672,1.9404030244746515,2.2093179014413358
Danish Straits,Wood_high,21,46.39567593026805,1.9834215556920873,2.2093179014413358
Danish Straits,Wood_high,22,48.604993831709386,2.026408380042127,2.2093179014413358
Danish Straits,Wood_high,23,50.814311733150724,2.069262065363471,2.2093179014413358
Danish Straits,Wood_high,24,53.023629634592055,2.1118893426385226,2.2093179014413358
Danish Straits,Wood_high,25,55.23294753603339,2.154191220766428,2.2093179014413358
Danish Straits,Wood_high,26,57.44226543747473,2.196097500396314,2.2093179014413358
Danish Straits,Wood_high,27,59.65158333891607,2.237538881443814,2.2093179014413358
Danish Straits,Wood_high,28,61.8609012403574,2.2784566983136147,2.2093179014413358
Danish Straits,Wood_high,29,64.07021914179873,2.3187884381516635,2.2093179014413358
Danish Straits,Wood_high,30,66.27953704324007,2.3584738116578605,2.2093179014413358
Danish Straits,Wood_high,31,68.4888549446814,2.3974863996428613,2.2093179014413358
Danish Straits,Wood_high,32,70.69817284612274,2.4357916824631007,2.2093179014413358
Danish Straits,Wood_high,33,72.90749074756408,2.4733622845156353,2.2093179014413358
Danish Straits,Wood_high,34,75.11680864900542,2.510157173106802,2.2093179014413358
Danish Straits,Wood_high,35,77.32612655044676,2.546161396618671,2.2093179014413358
Danish Straits,Wood_high,36,79.53544445188808,2.5813750610128543,2.2093179014413358
Danish Straits,Wood_high,37,81.74476235332942,2.6157858588694136,2.2093179014413358
Danish Straits,Wood_high,38,83.95408025477076,2.6493828863891262,2.2093179014413358
Danish Straits,Wood_high,39,86.1633981562121,2.682129332473801,2.2093179014413358
Danish Straits,Wood_high,40,88.37271605765343,2.714038579268367,2.2093179014413358
Danish Straits,Wood_high,41,90.58203395909477,2.745113354751696,2.2093179014413358
Danish Straits,Wood_high,42,92.7913518605361,2.7753482830356093,2.2093179014413358
Danish Straits,Wood_high,43,95.00066976197743,2.8047391904857157,2.2093179014413358
Danish Straits,Wood_high,44,97.20998766341877,2.833246915348906,2.2093179014413358
Danish Straits,Wood_high,45,99.41930556486011,2.860903449913196,2.2093179014413358
Danish Straits,Wood_high,46,101.62862346630145,2.887698230709228,2.2093179014413358
Danish Straits,Wood_high,47,103.83794136774279,2.9136159624299536,2.2093179014413358
Danish Straits,Wood_high,48,106.04725926918411,2.938631207452228,2.2093179014413358
Danish Straits,Wood_high,49,108.25657717062545,2.9627048395564963,2.2093179014413358
Danish Straits,Wood_high,50,110.46589507206679,2.9858512716359344,2.2093179014413358
Danish Straits,Wood_high,51,112.67521297350812,3.0080560269281342,2.2093179014413358
Danish Straits,Wood_high,52,114.88453087494946,3.0293056639685765,2.2093179014413358
Danish Straits,Wood_high,53,117.0938487763908,3.0495687808493033,2.2093179014413358
Danish Straits,Wood_high,54,119.30316667783214,3.068830238725944,2.2093179014413358
Danish Straits,Wood_high,55,121.51248457927346,3.0871051209916835,2.2093179014413358
Danish Straits,Wood_high,56,123.7218024807148,3.1043860905441036,2.2093179014413358
Danish Straits,Wood_high,57,125.93112038215614,3.122150336571234,2.2093179014413358
Danish Straits,Wood_high,58,128.14043828359746,3.14132974361751,2.2093179014413358
Danish Straits,Wood_high,59,130.3497561850388,3.1600879880235255,2.2093179014413358
Danish Straits,Wood_high,60,132.55907408648014,3.178440034379013,2.2093179014413358
Danish Straits,Wood_high,61,134.7683919879215,3.1963946142369175,2.2093179014413358
Danish Straits,Wood_high,62,136.9777098893628,3.2139602726247083,2.2093179014413358
Danish Straits,Wood_high,63,139.18702779080417,3.2311309650895668,2.2093179014413358
Danish Straits,Wood_high,64,141.3963456922455,3.247928169856888,2.2093179014413358
Danish Straits,Wood_high,65,143.6056635936868,3.2643616285578565,2.2093179014413358
Danish Straits,Wood_high,66,145.81498149512817,3.280439160443197,2.2093179014413358
Danish Straits,Wood_high,67,148.0242993965695,3.296166707022383,2.2093179014413358
Danish Straits,Wood_high,68,150.23361729801084,3.3115407679076827,2.2093179014413358
Danish Straits,Wood_high,69,152.44293519945217,3.326581942971336,2.2093179014413358
Danish Straits,Wood_high,70,154.65225310089352,3.3412973873206053,2.2093179014413358
Danish Straits,Wood_high,71,156.86157100233484,3.355694103223541,2.2093179014413358
Danish Straits,Wood_high,72,159.07088890377617,3.369774472565999,2.2093179014413358
Danish Straits,Wood_high,73,161.28020680521752,3.383541291950226,2.2093179014413358
Danish Straits,Wood_high,74,163.48952470665884,3.3970100154852214,2.2093179014413358
Danish Straits,Wood_high,75,165.6988426081002,3.4101870506904097,2.2093179014413358
Danish Straits,Wood_high,76,167.90816050954152,3.423078668211614,2.2093179014413358
Danish Straits,Wood_high,77,170.11747841098284,3.4356843674250936,2.2093179014413358
Danish Straits,Wood_high,78,172.3267963124242,3.448011968041327,2.2093179014413358
Danish Straits,Wood_high,79,174.53611421386552,3.4600726269123374,2.2093179014413358
Danish Straits,Wood_high,80,176.74543211530687,3.47187208207931,2.2093179014413358
Danish Straits,Wood_high,81,178.9547500167482,3.4834159490076435,2.2093179014413358
Danish Straits,Wood_high,82,181.16406791818955,3.4947014192374932,2.2093179014413358
Danish Straits,Wood_high,83,183.37338581963087,3.5057402587701465,2.2093179014413358
Danish Straits,Wood_high,84,185.5827037210722,3.516540054770389,2.2093179014413358
Danish Straits,Wood_high,85,187.79202162251354,3.5271059457497613,2.2093179014413358
Danish Straits,Wood_high,86,190.00133952395487,3.5374428984863178,2.2093179014413358
Danish Straits,Wood_high,87,192.21065742539622,3.547546468797562,2.2093179014413358
Danish Straits,Wood_high,88,194.41997532683754,3.5574312761040887,2.2093179014413358
Danish Straits,Wood_high,89,196.6292932282789,3.567102022466798,2.2093179014413358
Danish Straits,Wood_high,90,198.83861112972022,3.5765633095078666,2.2093179014413358
Danish Straits,Wood_high,91,201.04792903116154,3.585817654445148,2.2093179014413358
Danish Straits,Wood_high,92,203.2572469326029,3.5948649738724794,2.2093179014413358
Danish Straits,Wood_high,93,205.46656483404422,3.603716393251856,2.2093179014413358
Danish Straits,Wood_high,94,207.67588273548557,3.6123761233585316,2.2093179014413358
Danish Straits,Wood_high,95,209.8852006369269,3.6208482850208217,2.2093179014413358
Danish Straits,Wood_high,96,212.09451853836822,3.6291334023253348,2.2093179014413358
Danish Straits,Wood_high,97,214.30383643980957,3.6372348923758953,2.2093179014413358
Danish Straits,Wood_high,98,216.5131543412509,3.6451609559499145,2.2093179014413358
Danish Straits,Wood_high,99,218.72247224269225,3.6529153638675345,2.2093179014413358
Danish Straits,Wood_high,100,220.93179014413357,3.660501806397827,2.2093179014413358
Danish Straits,Wood_high,101,223.14110804557492,3.667919202415458,2.2093179014413358
Danish Straits,Wood_high,102,225.35042594701625,3.675173741171974,2.2093179014413358
Danish Straits,Wood_high,103,227.55974384845757,3.682271187347646,2.2093179014413358
Danish Straits,Wood_high,104,229.76906174989892,3.6892149177749953,2.2093179014413358
Danish Straits,Wood_high,105,231.97837965134025,3.696008237149822,2.2093179014413358
Danish Straits,Wood_high,106,234.1876975527816,3.702648787864851,2.2093179014413358
Danish Straits,Wood_high,107,236.39701545422292,3.709144916715598,2.2093179014413358
Danish Straits,Wood_high,108,238.60633335566428,3.715500370818802,2.2093179014413358
Danish Straits,Wood_high,109,240.8156512571056,3.7217181741840695,2.2093179014413358
Danish Straits,Wood_high,110,243.02496915854692,3.727800606386192,2.2093179014413358
Danish Straits,Wood_high,111,245.23428705998828,3.7337463504990307,2.2093179014413358
Danish Straits,Wood_high,112,247.4436049614296,3.739563354719951,2.2093179014413358
Danish Straits,Wood_high,113,249.65292286287095,3.7452543862083654,2.2093179014413358
Danish Straits,Wood_high,114,251.86224076431228,3.7508221530147825,2.2093179014413358
Danish Straits,Wood_high,115,254.07155866575363,3.756267559962587,2.2093179014413358
Danish Straits,Wood_high,116,256.2808765671949,3.7615917215948955,2.2093179014413358
Danish Straits,Wood_high,117,258.4901944686363,3.7668005979707195,2.2093179014413358
Danish Straits,Wood_high,118,260.6995123700776,3.7718966671280425,2.2093179014413358
Danish Straits,Wood_high,119,262.908830271519,3.776882354170491,2.2093179014413358
Danish Straits,Wood_high,120,265.1181481729603,3.781757450839811,2.2093179014413358
Danish Straits,Wood_high,121,267.3274660744016,3.786525010885505,2.2093179014413358
Danish Straits,Wood_high,122,269.536783975843,3.7911893341783856,2.2093179014413358
Danish Straits,Wood_high,123,271.7461018772843,3.795752639843064,2.2093179014413358
Danish Straits,Wood_high,124,273.9554197787256,3.800217099599305,2.2093179014413358
Danish Straits,Wood_high,125,276.164737680167,3.804581614179632,2.2093179014413358
Danish Straits,Wood_high,126,278.37405558160833,3.808850760448323,2.2093179014413358
Danish Straits,Wood_high,127,280.5833734830496,3.813027459288107,2.2093179014413358
Danish Straits,Wood_high,128,282.792691384491,3.817113697962067,2.2093179014413358
Danish Straits,Wood_high,129,285.00200928593233,3.821111385335492,2.2093179014413358
Danish Straits,Wood_high,130,287.2113271873736,3.8250188268514393,2.2093179014413358
Danish Straits,Wood_high,131,289.420645088815,3.828841664206492,2.2093179014413358
Danish Straits,Wood_high,132,291.62996299025633,3.8325817158712456,2.2093179014413358
Danish Straits,Wood_high,133,293.8392808916977,3.8362407614726903,2.2093179014413358
Danish Straits,Wood_high,134,296.048598793139,3.839819763779803,2.2093179014413358
Danish Straits,Wood_high,135,298.25791669458033,3.8433187122068997,2.2093179014413358
Danish Straits,Wood_high,136,300.4672345960217,3.84602606410744,2.2093179014413358
Danish Straits,Wood_high,137,302.676552497463,3.84602606410744,2.2093179014413358
Danish Straits,Wood_high,138,304.88587039890433,3.84602606410744,2.2093179014413358
Danish Straits,Wood_high,139,307.0951883003457,3.84602606410744,2.2093179014413358
Danish Straits,Wood_high,140,309.30450620178704,3.84602606410744,2.2093179014413358
Danish Straits,Wood_high,141,311.51382410322833,3.84602606410744,2.2093179014413358
Danish Straits,Wood_high,142,313.7231420046697,3.84602606410744,2.2093179014413358
Danish Straits,Wood_high,143,315.93245990611103,3.84602606410744,2.2093179014413358
Danish Straits,Wood_high,144,318.14177780755233,3.84602606410744,2.2093179014413358
Danish Straits,Wood_high,145,320.3510957089937,3.84602606410744,2.2093179014413358
Danish Straits,Wood_high,146,322.56041361043503,3.84602606410744,2.2093179014413358
Danish Straits,Wood_high,147,324.7697315118764,3.84602606410744,2.2093179014413358
Danish Straits,Wood_high,148,326.9790494133177,3.84602606410744,2.2093179014413358
Danish Straits,Wood_high,149,329.18836731475903,3.84602606410744,2.2093179014413358
Danish Straits,Wood_high,150,331.3976852162004,3.84602606410744,2.2093179014413358
Danish Straits,Wood_high,151,333.6070031176417,3.84602606410744,2.2093179014413358
Danish Straits,Wood_high,152,335.81632101908303,3.84602606410744,2.2093179014413358
Danish Straits,Wood_high,153,338.0256389205244,3.84602606410744,2.2093179014413358
Danish Straits,Wood_high,154,340.2349568219657,3.84602606410744,2.2093179014413358
Danish Straits,Wood_high,155,342.44427472340703,3.84602606410744,2.2093179014413358
Danish Straits,Wood_high,156,344.6535926248484,3.84602606410744,2.2093179014413358
Danish Straits,Wood_high,157,346.86291052628974,3.84602606410744,2.2093179014413358
Danish Straits,Wood_high,158,349.07222842773103,3.84602606410744,2.2093179014413358
Danish Straits,Wood_high,159,351.2815463291724,3.84602606410744,2.2093179014413358
Danish Straits,Wood_high,160,353.49086423061374,3.84602606410744,2.2093179014413358
Danish Straits,Wood_high,161,355.70018213205503,3.84602606410744,2.2093179014413358
Danish Straits,Wood_high,162,357.9095000334964,3.84602606410744,2.2093179014413358
Danish Straits,Wood_high,163,360.11881793493774,3.84602606410744,2.2093179014413358
Danish Straits,Wood_high,164,362.3281358363791,3.84602606410744,2.2093179014413358
Danish Straits,Wood_high,165,364.5374537378204,3.84602606410744,2.2093179014413358
Danish Straits,Wood_high,166,366.74677163926174,3.84602606410744,2.2093179014413358
Danish Straits,Wood_high,167,368.9560895407031,3.84602606410744,2.2093179014413358
Danish Straits,Wood_high,168,371.1654074421444,3.84602606410744,2.2093179014413358
Danish Straits,Wood_high,169,373.37472534358574,3.84602606410744,2.2093179014413358
Danish Straits,Wood_high,170,375.5840432450271,3.84602606410744,2.2093179014413358
Danish Straits,Wood_high,171,377.79336114646844,3.84602606410744,2.2093179014413358
Danish Straits,Wood_high,172,380.00267904790974,3.84602606410744,2.2093179014413358
Danish Straits,Wood_high,173,382.2119969493511,3.84602606410744,2.2093179014413358
Danish Straits,Wood_high,174,384.42131485079244,3.84602606410744,2.2093179014413358
Danish Straits,Wood_high,175,386.63063275223374,3.84602606410744,2.2093179014413358
Danish Straits,Wood_high,176,388.8399506536751,3.84602606410744,2.2093179014413358
Danish Straits,Wood_high,177,391.04926855511644,3.84602606410744,2.2093179014413358
Danish Straits,Wood_high,178,393.2585864565578,3.84602606410744,2.2093179014413358
Danish Straits,Wood_high,179,395.4679043579991,3.84602606410744,2.2093179014413358
Danish Straits,Wood_high,180,397.67722225944044,3.84602606410744,2.2093179014413358
Danish Straits,Wood_high,181,399.8865401608818,3.84602606410744,2.2093179014413358
Danish Straits,Wood_high,182,402.0958580623231,3.84602606410744,2.2093179014413358
Danish Straits,Wood_high,183,404.30517596376444,3.84602606410744,2.2093179014413358
Danish Straits,Wood_high,184,406.5144938652058,3.84602606410744,2.2093179014413358
Danish Straits,Wood_high,185,408.72381176664715,3.84602606410744,2.2093179014413358
Danish Straits,Wood_high,186,410.93312966808844,3.84602606410744,2.2093179014413358
Danish Straits,Wood_high,187,413.1424475695298,3.84602606410744,2.2093179014413358
Danish Straits,Wood_high,188,415.35176547097115,3.84602606410744,2.2093179014413358
Danish Straits,Wood_high,189,417.56108337241244,3.84602606410744,2.2093179014413358
Danish Straits,Wood_high,190,419.7704012738538,3.84602606410744,2.2093179014413358
Danish Straits,Wood_high,191,421.97971917529514,3.84602606410744,2.2093179014413358
Danish Straits,Wood_high,192,424.18903707673644,3.84602606410744,2.2093179014413358
Danish Straits,Wood_high,193,426.3983549781778,3.84602606410744,2.2093179014413358
Danish Straits,Wood_high,194,428.60767287961914,3.84602606410744,2.2093179014413358
Danish Straits,Wood_high,195,430.8169907810605,3.84602606410744,2.2093179014413358
Danish Straits,Wood_high,196,433.0263086825018,3.84602606410744,2.2093179014413358
Danish Straits,Wood_high,197,435.23562658394314,3.84602606410744,2.2093179014413358
Danish Straits,Wood_high,198,437.4449444853845,3.84602606410744,2.2093179014413358
Danish Straits,Wood_high,199,439.6542623868258,3.84602606410744,2.2093179014413358
Danish Straits,Wood_high,200,441.86358028826714,3.84602606410744,2.2093179014413358
Danish Straits,Wood_high,201,444.0728981897085,3.84602606410744,2.2093179014413358
Danish Straits,Wood_high,202,446.28221609114985,3.84602606410744,2.2093179014413358
Danish Straits,Wood_high,203,448.49153399259114,3.84602606410744,2.2093179014413358
Danish Straits,Wood_high,204,450.7008518940325,3.84602606410744,2.2093179014413358
Danish Straits,Wood_high,205,452.91016979547385,3.84602606410744,2.2093179014413358
Danish Straits,Wood_high,206,455.11948769691514,3.84602606410744,2.2093179014413358
Danish Straits,Wood_high,207,457.3288055983565,3.84602606410744,2.2093179014413358
Danish Straits,Wood_high,208,459.53812349979785,3.84602606410744,2.2093179014413358
Danish Straits,Wood_high,209,461.7474414012392,3.84602606410744,2.2093179014413358
Danish Straits,Wood_high,210,463.9567593026805,3.84602606410744,2.2093179014413358
Danish Straits,Wood_high,211,466.16607720412185,3.84602606410744,2.2093179014413358
Danish Straits,Wood_high,212,468.3753951055632,3.84602606410744,2.2093179014413358
Danish Straits,Wood_high,213,470.5847130070045,3.84602606410744,2.2093179014413358
Danish Straits,Wood_high,214,472.79403090844585,3.84602606410744,2.2093179014413358
Danish Straits,Wood_high,215,475.0033488098872,3.84602606410744,2.2093179014413358
Danish Straits,Wood_high,216,477.21266671132855,3.84602606410744,2.2093179014413358
Danish Straits,Wood_high,217,479.42198461276985,3.84602606410744,2.2093179014413358
Danish Straits,Wood_high,218,481.6313025142112,3.84602606410744,2.2093179014413358
Danish Straits,Wood_high,219,483.84062041565255,3.84602606410744,2.2093179014413358
Danish Straits,Wood_high,220,486.04993831709385,3.84602606410744,2.2093179014413358
Danish Straits,Wood_high,221,488.2592562185352,3.84602606410744,2.2093179014413358
Danish Straits,Wood_high,222,490.46857411997655,3.84602606410744,2.2093179014413358
Danish Straits,Wood_high,223,492.6778920214179,3.84602606410744,2.2093179014413358
Danish Straits,Wood_high,224,494.8872099228592,3.84602606410744,2.2093179014413358
Danish Straits,Wood_high,225,497.09652782430055,3.84602606410744,2.2093179014413358
Danish Straits,Wood_high,226,499.3058457257419,3.84602606410744,2.2093179014413358
Danish Straits,Wood_high,227,501.5151636271832,3.84602606410744,2.2093179014413358
Danish Straits,Wood_high,228,503.72448152862455,3.84602606410744,2.2093179014413358
Danish Straits,Wood_high,229,505.9337994300659,3.84602606410744,2.2093179014413358
Danish Straits,Wood_high,230,508.14311733150726,3.84602606410744,2.2093179014413358
Danish Straits,Wood_high,231,510.35243523294855,3.84602606410744,2.2093179014413358
Danish Straits,Wood_high,232,512.5617531343898,3.84602606410744,2.2093179014413358
Danish Straits,Wood_high,233,514.7710710358313,3.84602606410744,2.2093179014413358
Danish Straits,Wood_high,234,516.9803889372726,3.84602606410744,2.2093179014413358
Danish Straits,Wood_high,235,519.189706838714,3.84602606410744,2.2093179014413358
Danish Straits,Wood_high,236,521.3990247401553,3.84602606410744,2.2093179014413358
Danish Straits,Wood_high,237,523.6083426415966,3.84602606410744,2.2093179014413358
Danish Straits,Wood_high,238,525.817660543038,3.84602606410744,2.2093179014413358
Danish Straits,Wood_high,239,528.0269784444793,3.84602606410744,2.2093179014413358
Danish Straits,Wood_high,240,530.2362963459206,3.84602606410744,2.2093179014413358
Danish Straits,Wood_high,241,532.445614247362,3.84602606410744,2.2093179014413358
Danish Straits,Wood_high,242,534.6549321488033,3.84602606410744,2.2093179014413358
Danish Straits,Wood_high,243,536.8642500502446,3.84602606410744,2.2093179014413358
Danish Straits,Wood_high,244,539.073567951686,3.84602606410744,2.2093179014413358
Danish Straits,Wood_high,245,541.2828858531273,3.84602606410744,2.2093179014413358
Danish Straits,Wood_high,246,543.4922037545685,3.84602606410744,2.2093179014413358
Danish Straits,Wood_high,247,545.70152165601,3.84602606410744,2.2093179014413358
Danish Straits,Wood_high,248,547.9108395574513,3.84602606410744,2.2093179014413358
Danish Straits,Wood_high,249,550.1201574588927,3.84602606410744,2.2093179014413358
Danish Straits,Wood_high,250,552.329475360334,3.84602606410744,2.2093179014413358
Danish Straits,Wood_high,251,554.5387932617753,3.84602606410744,2.2093179014413358
Danish Straits,Wood_high,252,556.7481111632167,3.84602606410744,2.2093179014413358
Danish Straits,Wood_high,253,558.957429064658,3.84602606410744,2.2093179014413358
Danish Straits,Wood_high,254,561.1667469660993,3.84602606410744,2.2093179014413358
Danish Straits,Wood_high,255,563.3760648675407,3.84602606410744,2.2093179014413358
Danish Straits,Wood_high,256,565.585382768982,3.84602606410744,2.2093179014413358
Danish Straits,Wood_high,257,567.7947006704233,3.84602606410744,2.2093179014413358
Danish Straits,Wood_high,258,570.0040185718647,3.84602606410744,2.2093179014413358
Danish Straits,Wood_high,259,572.213336473306,3.84602606410744,2.2093179014413358
Danish Straits,Wood_high,260,574.4226543747473,3.84602606410744,2.2093179014413358
Danish Straits,Wood_high,261,576.6319722761887,3.84602606410744,2.2093179014413358
Danish Straits,Wood_high,262,578.84129017763,3.84602606410744,2.2093179014413358
Danish Straits,Wood_high,263,581.0506080790713,3.84602606410744,2.2093179014413358
Danish Straits,Wood_high,264,583.2599259805127,3.84602606410744,2.2093179014413358
Danish Straits,Wood_high,265,585.469243881954,3.84602606410744,2.2093179014413358
Danish Straits,Wood_high,266,587.6785617833954,3.84602606410744,2.2093179014413358
Danish Straits,Wood_high,267,589.8878796848367,3.84602606410744,2.2093179014413358
Danish Straits,Wood_high,268,592.097197586278,3.84602606410744,2.2093179014413358
Danish Straits,Wood_high,269,594.3065154877194,3.84602606410744,2.2093179014413358
Danish Straits,Wood_high,270,596.5158333891607,3.84602606410744,2.2093179014413358
Danish Straits,Wood_high,271,598.725151290602,3.84602606410744,2.2093179014413358
Danish Straits,Wood_high,272,600.9344691920434,3.84602606410744,2.2093179014413358
Danish Straits,Wood_high,273,603.1437870934847,3.84602606410744,2.2093179014413358
Danish Straits,Wood_high,274,605.353104994926,3.84602606410744,2.2093179014413358
Danish Straits,Wood_high,275,607.5624228963674,3.84602606410744,2.2093179014413358
Danish Straits,Wood_high,276,609.7717407978087,3.84602606410744,2.2093179014413358
Danish Straits,Wood_high,277,611.98105869925,3.84602606410744,2.2093179014413358
Danish Straits,Wood_high,278,614.1903766006914,3.84602606410744,2.2093179014413358
Danish Straits,Wood_high,279,616.3996945021327,3.84602606410744,2.2093179014413358
Danish Straits,Wood_high,280,618.6090124035741,3.84602606410744,2.2093179014413358
Danish Straits,Wood_high,281,620.8183303050154,3.84602606410744,2.2093179014413358
Danish Straits,Wood_high,282,623.0276482064567,3.84602606410744,2.2093179014413358
Danish Straits,Wood_high,283,625.2369661078981,3.84602606410744,2.2093179014413358
Danish Straits,Wood_high,284,627.4462840093394,3.84602606410744,2.2093179014413358
Danish Straits,Wood_high,285,629.6556019107807,3.84602606410744,2.2093179014413358
Danish Straits,Wood_high,286,631.8649198122221,3.84602606410744,2.2093179014413358
Danish Straits,Wood_high,287,634.0742377136634,3.84602606410744,2.2093179014413358
Danish Straits,Wood_high,288,636.2835556151047,3.84602606410744,2.2093179014413358
Danish Straits,Wood_high,289,638.4928735165461,3.84602606410744,2.2093179014413358
Danish Straits,Wood_high,290,640.7021914179874,3.84602606410744,2.2093179014413358
Danish Straits,Wood_high,291,642.9115093194287,3.84602606410744,2.2093179014413358
Danish Straits,Wood_high,292,645.1208272208701,3.84602606410744,2.2093179014413358
Danish Straits,Wood_high,293,647.3301451223114,3.84602606410744,2.2093179014413358
Danish Straits,Wood_high,294,649.5394630237528,3.84602606410744,2.2093179014413358
Danish Straits,Wood_high,295,651.7487809251941,3.84602606410744,2.2093179014413358
Danish Straits,Wood_high,296,653.9580988266354,3.84602606410744,2.2093179014413358
Danish Straits,Wood_high,297,656.1674167280768,3.84602606410744,2.2093179014413358
Danish Straits,Wood_high,298,658.3767346295181,3.84602606410744,2.2093179014413358
Danish Straits,Wood_high,299,660.5860525309594,3.84602606410744,2.2093179014413358
Danish Straits,Wood_high,300,662.7953704324008,3.84602606410744,2.2093179014413358
Jutland shelf,Steel,0,0.0,1.25426090985969,0.8440175420369834
Jutland shelf,Steel,1,0.8440175420369834,1.2623739646744483,0.8440175420369834
Jutland shelf,Steel,2,1.6880350840739669,1.2706861187457632,0.8440175420369834
Jutland shelf,Steel,3,2.5320526261109504,1.2791992615425807,0.8440175420369834
Jutland shelf,Steel,4,3.3760701681479337,1.2879151699221207,0.8440175420369834
Jutland shelf,Steel,5,4.2200877101849175,1.2968355038953305,0.8440175420369834
Jutland shelf,Steel,6,5.064105252221901,1.3059618024426367,0.8440175420369834
Jutland shelf,Steel,7,5.908122794258884,1.3153234051989477,0.8440175420369834
Jutland shelf,Steel,8,6.752140336295867,1.3249136190388606,0.8440175420369834
Jutland shelf,Steel,9,7.596157878332851,1.3347140744106198,0.8440175420369834
Jutland shelf,Steel,10,8.440175420369835,1.344725596594757,0.8440175420369834
Jutland shelf,Steel,11,9.284192962406818,1.3549488618981338,0.8440175420369834
Jutland shelf,Steel,12,10.128210504443802,1.365384394906603,0.8440175420369834
Jutland shelf,Steel,13,10.972228046480785,1.3760411560942873,0.8440175420369834
Jutland shelf,Steel,14,11.816245588517768,1.3869503934227188,0.8440175420369834
Jutland shelf,Steel,15,12.660263130554751,1.398072333218631,0.8440175420369834
Jutland shelf,Steel,16,13.504280672591735,1.4094066624702914,0.8440175420369834
Jutland shelf,Steel,17,14.348298214628718,1.42095290346394,0.8440175420369834
Jutland shelf,Steel,18,15.192315756665701,1.4327104134763375,0.8440175420369834
Jutland shelf,Steel,19,16.036333298702687,1.4446783797495286,0.8440175420369834
Jutland shelf,Steel,20,16.88035084073967,1.456891824165679,0.8440175420369834
Jutland shelf,Steel,21,17.724368382776653,1.4693232130571778,0.8440175420369834
Jutland shelf,Steel,22,18.568385924813636,1.4819595258558884,0.8440175420369834
Jutland shelf,Steel,23,19.41240346685062,1.494798566391012,0.8440175420369834
Jutland shelf,Steel,24,20.256421008887603,1.5078378169618394,0.8440175420369834
Jutland shelf,Steel,25,21.100438550924586,1.5210743838329395,0.8440175420369834
Jutland shelf,Steel,26,21.94445609296157,1.5345202008320575,0.8440175420369834
Jutland shelf,Steel,27,22.788473634998553,1.548182151387223,0.8440175420369834
Jutland shelf,Steel,28,23.632491177035536,1.5620275314493988,0.8440175420369834
Jutland shelf,Steel,29,24.47650871907252,1.576051710364003,0.8440175420369834
Jutland shelf,Steel,30,25.320526261109503,1.5902498569794024,0.8440175420369834
Jutland shelf,Steel,31,26.164543803146486,1.6046169259786434,0.8440175420369834
Jutland shelf,Steel,32,27.00856134518347,1.6191476362841013,0.8440175420369834
Jutland shelf,Steel,33,27.852578887220453,1.6338683985984106,0.8440175420369834
Jutland shelf,Steel,34,28.696596429257436,1.6487400229779843,0.8440175420369834
Jutland shelf,Steel,35,29.54061397129442,1.6637545515683694,0.8440175420369834
Jutland shelf,Steel,36,30.384631513331403,1.6789058545603552,0.8440175420369834
Jutland shelf,Steel,37,31.228649055368386,1.6941876930804398,0.8440175420369834
Jutland shelf,Steel,38,32.07266659740537,1.7095937292860983,0.8440175420369834
Jutland shelf,Steel,39,32.91668413944235,1.7251306479379764,0.8440175420369834
Jutland shelf,Steel,40,33.76070168147934,1.740787286331799,0.8440175420369834
Jutland shelf,Steel,41,34.60471922351632,1.7565446806365066,0.8440175420369834
Jutland shelf,Steel,42,35.448736765553306,1.7723961579557266,0.8440175420369834
Jutland shelf,Steel,43,36.292754307590286,1.788335014041786,0.8440175420369834
Jutland shelf,Steel,44,37.13677184962727,1.8043545208808158,0.8440175420369834
Jutland shelf,Steel,45,37.98078939166425,1.8204497471461072,0.8440175420369834
Jutland shelf,Steel,46,38.82480693370124,1.8366228148555463,0.8440175420369834
Jutland shelf,Steel,47,39.66882447573822,1.8528523427758408,0.8440175420369834
Jutland shelf,Steel,48,40.512842017775206,1.8691316129438131,0.8440175420369834
Jutland shelf,Steel,49,41.356859559812186,1.8854539323444073,0.8440175420369834
Jutland shelf,Steel,50,42.20087710184917,1.9018126375546323,0.8440175420369834
Jutland shelf,Steel,51,43.04489464388615,1.9182010992276364,0.8440175420369834
Jutland shelf,Steel,52,43.88891218592314,1.9346148874773434,0.8440175420369834
Jutland shelf,Steel,53,44.73292972796012,1.9510430094966602,0.8440175420369834
Jutland shelf,Steel,54,45.576947269997106,1.9674779659328863,0.8440175420369834
Jutland shelf,Steel,55,46.420964812034086,1.98391398718162,0.8440175420369834
Jutland shelf,Steel,56,47.26498235407107,2.000345584220456,0.8440175420369834
Jutland shelf,Steel,57,48.10899989610805,2.0167674948536387,0.8440175420369834
Jutland shelf,Steel,58,48.95301743814504,2.0331730910430026,0.8440175420369834
Jutland shelf,Steel,59,49.79703498018202,2.0495535582436983,0.8440175420369834
Jutland shelf,Steel,60,50.641052522219006,2.0659067676194725,0.8440175420369834
Jutland shelf,Steel,61,51.485070064255986,2.0822282573639925,0.8440175420369834
Jutland shelf,Steel,62,52.32908760629297,2.09851365087853,0.8440175420369834
Jutland shelf,Steel,63,53.17310514832995,2.114758651155962,0.8440175420369834
Jutland shelf,Steel,64,54.01712269036694,2.1309590403075553,0.8440175420369834
Jutland shelf,Steel,65,54.861140232403926,2.1470995852666754,0.8440175420369834
Jutland shelf,Steel,66,55.705157774440906,2.1631837936663043,0.8440175420369834
Jutland shelf,Steel,67,56.54917531647789,2.1792090705823806,0.8440175420369834
Jutland shelf,Steel,68,57.39319285851487,2.1951718518845156,0.8440175420369834
Jutland shelf,Steel,69,58.23721040055186,2.2110688348844327,0.8440175420369834
Jutland shelf,Steel,70,59.08122794258884,2.2268969456553838,0.8440175420369834
Jutland shelf,Steel,71,59.925245484625826,2.2426449872177243,0.8440175420369834
Jutland shelf,Steel,72,60.769263026662806,2.258308189303576,0.8440175420369834
Jutland shelf,Steel,73,61.61328056869979,2.2738923714252093,0.8440175420369834
Jutland shelf,Steel,74,62.45729811073677,2.2893949003327347,0.8440175420369834
Jutland shelf,Steel,75,63.30131565277376,2.304813215815655,0.8440175420369834
Jutland shelf,Steel,76,64.14533319481075,2.3201448301035645,0.8440175420369834
Jutland shelf,Steel,77,64.98935073684773,2.3353859009202242,0.8440175420369834
Jutland shelf,Steel,78,65.8333682788847,2.350515350511107,0.8440175420369834
Jutland shelf,Steel,79,66.67738582092169,2.3655498609033234,0.8440175420369834
Jutland shelf,Steel,80,67.52140336295868,2.3804874754789282,0.8440175420369834
Jutland shelf,Steel,81,68.36542090499566,2.3953264110251298,0.8440175420369834
Jutland shelf,Steel,82,69.20943844703264,2.410065042518612,0.8440175420369834
Jutland shelf,Steel,83,70.05345598906962,2.4247018816272594,0.8440175420369834
Jutland shelf,Steel,84,70.89747353110661,2.439219861637786,0.8440175420369834
Jutland shelf,Steel,85,71.74149107314359,2.4536245731031476,0.8440175420369834
Jutland shelf,Steel,86,72.58550861518057,2.4679229208118274,0.8440175420369834
Jutland shelf,Steel,87,73.42952615721755,2.4821138426816476,0.8440175420369834
Jutland shelf,Steel,88,74.27354369925455,2.496196351047478,0.8440175420369834
Jutland shelf,Steel,89,75.11756124129153,2.5101695289001236,0.8440175420369834
Jutland shelf,Steel,90,75.9615787833285,2.5240263096585633,0.8440175420369834
Jutland shelf,Steel,91,76.80559632536549,2.537752841092467,0.8440175420369834
Jutland shelf,Steel,92,77.64961386740248,2.5513672598138504,0.8440175420369834
Jutland shelf,Steel,93,78.49363140943946,2.564868908567404,0.8440175420369834
Jutland shelf,Steel,94,79.33764895147644,2.5782571549671056,0.8440175420369834
Jutland shelf,Steel,95,80.18166649351342,2.5915313934440434,0.8440175420369834
Jutland shelf,Steel,96,81.02568403555041,2.6046910476450202,0.8440175420369834
Jutland shelf,Steel,97,81.86970157758739,2.6177135725459237,0.8440175420369834
Jutland shelf,Steel,98,82.71371911962437,2.630615798111999,0.8440175420369834
Jutland shelf,Steel,99,83.55773666166137,2.6434015703328937,0.8440175420369834
Jutland shelf,Steel,100,84.40175420369835,2.656070472508957,0.8440175420369834
Jutland shelf,Steel,101,85.24577174573533,2.668622128018624,0.8440175420369834
Jutland shelf,Steel,102,86.0897892877723,2.681056199177005,0.8440175420369834
Jutland shelf,Steel,103,86.9338068298093,2.6933610117170974,0.8440175420369834
Jutland shelf,Steel,104,87.77782437184628,2.705532165951292,0.8440175420369834
Jutland shelf,Steel,105,88.62184191388326,2.7175848262940794,0.8440175420369834
Jutland shelf,Steel,106,89.46585945592024,2.7295186990158764,0.8440175420369834
Jutland shelf,Steel,107,90.30987699795723,2.7413334885263785,0.8440175420369834
Jutland shelf,Steel,108,91.15389453999421,2.75302891676167,0.8440175420369834
Jutland shelf,Steel,109,91.99791208203119,2.76460437120463,0.8440175420369834
Jutland shelf,Steel,110,92.84192962406817,2.776033129758484,0.8440175420369834
Jutland shelf,Steel,111,93.68594716610517,2.787341784146018,0.8440175420369834
Jutland shelf,Steel,112,94.52996470814215,2.7985301962913933,0.8440175420369834
Jutland shelf,Steel,113,95.37398225017913,2.809598251130263,0.8440175420369834
Jutland shelf,Steel,114,96.2179997922161,2.8205458422828626,0.8440175420369834
Jutland shelf,Steel,115,97.0620173342531,2.831372846261614,0.8440175420369834
Jutland shelf,Steel,116,97.90603487629008,2.8420624702800383,0.8440175420369834
Jutland shelf,Steel,117,98.75005241832706,2.8526197549478924,0.8440175420369834
Jutland shelf,Steel,118,99.59406996036404,2.8630550147372467,0.8440175420369834
Jutland shelf,Steel,119,100.43808750240103,2.873367565137236,0.8440175420369834
Jutland shelf,Steel,120,101.28210504443801,2.8835566360180462,0.8440175420369834
Jutland shelf,Steel,121,102.12612258647499,2.8936214052510616,0.8440175420369834
Jutland shelf,Steel,122,102.97014012851197,2.903555574621582,0.8440175420369834
Jutland shelf,Steel,123,103.81415767054897,2.9133403890310343,0.8440175420369834
Jutland shelf,Steel,124,104.65817521258595,2.922997906992133,0.8440175420369834
Jutland shelf,Steel,125,105.50219275462293,2.932527263584645,0.8440175420369834
Jutland shelf,Steel,126,106.3462102966599,2.941927612917841,0.8440175420369834
Jutland shelf,Steel,127,107.1902278386969,2.9511981290257845,0.8440175420369834
Jutland shelf,Steel,128,108.03424538073388,2.960338005512712,0.8440175420369834
Jutland shelf,Steel,129,108.87826292277086,2.9693229979558464,0.8440175420369834
Jutland shelf,Steel,130,109.72228046480785,2.9781688157701236,0.8440175420369834
Jutland shelf,Steel,131,110.56629800684483,2.9868812809823737,0.8440175420369834
Jutland shelf,Steel,132,111.41031554888181,2.9954596829047935,0.8440175420369834
Jutland shelf,Steel,133,112.25433309091879,3.003903327895452,0.8440175420369834
Jutland shelf,Steel,134,113.09835063295579,3.0122115390498627,0.8440175420369834
Jutland shelf,Steel,135,113.94236817499277,3.0203721816132343,0.8440175420369834
Jutland shelf,Steel,136,114.78638571702975,3.028376257729575,0.8440175420369834
Jutland shelf,Steel,137,115.63040325906672,3.036242621057889,0.8440175420369834
Jutland shelf,Steel,138,116.47442080110372,3.0439706967939983,0.8440175420369834
Jutland shelf,Steel,139,117.3184383431407,3.0515599821452564,0.8440175420369834
Jutland shelf,Steel,140,118.16245588517768,3.059010031902361,0.8440175420369834
Jutland shelf,Steel,141,119.00647342721466,3.0663204294430897,0.8440175420369834
Jutland shelf,Steel,142,119.85049096925165,3.0734602044716346,0.8440175420369834
Jutland shelf,Steel,143,120.69450851128863,3.080457993939727,0.8440175420369834
Jutland shelf,Steel,144,121.53852605332561,3.087314746981169,0.8440175420369834
Jutland shelf,Steel,145,122.38254359536259,3.0940301036472118,0.8440175420369834
Jutland shelf,Steel,146,123.22656113739959,3.100603713211204,0.8440175420369834
Jutland shelf,Steel,147,124.07057867943657,3.107035233714963,0.8440175420369834
Jutland shelf,Steel,148,124.91459622147354,3.1133065949447585,0.8440175420369834
Jutland shelf,Steel,149,125.75861376351052,3.1206294435945354,0.8440175420369834
Jutland shelf,Steel,150,126.60263130554752,3.1280178015555884,0.8440175420369834
Jutland shelf,Steel,151,127.4466488475845,3.135346191529411,0.8440175420369834
Jutland shelf,Steel,152,128.2906663896215,3.142615075408536,0.8440175420369834
Jutland shelf,Steel,153,129.13468393165846,3.149824911830864,0.8440175420369834
Jutland shelf,Steel,154,129.97870147369545,3.1569743610476078,0.8440175420369834
Jutland shelf,Steel,155,130.82271901573242,3.164054467207121,0.8440175420369834
Jutland shelf,Steel,156,131.6667365577694,3.1710771413348167,0.8440175420369834
Jutland shelf,Steel,157,132.5107540998064,3.178042825375588,0.8440175420369834
Jutland shelf,Steel,158,133.35477164184337,3.1849519581655885,0.8440175420369834
Jutland shelf,Steel,159,134.19878918388036,3.1918049754503337,0.8440175420369834
Jutland shelf,Steel,160,135.04280672591736,3.1986023099027503,0.8440175420369834
Jutland shelf,Steel,161,135.88682426795432,3.205335407609742,0.8440175420369834
Jutland shelf,Steel,162,136.73084180999132,3.2120104934066274,0.8440175420369834
Jutland shelf,Steel,163,137.5748593520283,3.2186314191870697,0.8440175420369834
Jutland shelf,Steel,164,138.41887689406528,3.2251986018811376,0.8440175420369834
Jutland shelf,Steel,165,139.26289443610227,3.23171245548401,0.8440175420369834
Jutland shelf,Steel,166,140.10691197813924,3.238173391073104,0.8440175420369834
Jutland shelf,Steel,167,140.95092952017623,3.244578111730041,0.8440175420369834
Jutland shelf,Steel,168,141.79494706221323,3.2509228094467515,0.8440175420369834
Jutland shelf,Steel,169,142.6389646042502,3.25721603672403,0.8440175420369834
Jutland shelf,Steel,170,143.48298214628718,3.2634581896788024,0.8440175420369834
Jutland shelf,Steel,171,144.32699968832418,3.2696496616410107,0.8440175420369834
Jutland shelf,Steel,172,145.17101723036114,3.27579084316986,0.8440175420369834
Jutland shelf,Steel,173,146.01503477239814,3.2818821220700136,0.8440175420369834
Jutland shelf,Steel,174,146.8590523144351,3.287913860832231,0.8440175420369834
Jutland shelf,Steel,175,147.7030698564721,3.2938956053664787,0.8440175420369834
Jutland shelf,Steel,176,148.5470873985091,3.29982881185943,0.8440175420369834
Jutland shelf,Steel,177,149.39110494054606,3.3057138540067914,0.8440175420369834
Jutland shelf,Steel,178,150.23512248258305,3.3115511028731452,0.8440175420369834
Jutland shelf,Steel,179,151.07914002462005,3.3173409269073195,0.8440175420369834
Jutland shelf,Steel,180,151.923157566657,3.323078494298833,0.8440175420369834
Jutland shelf,Steel,181,152.767175108694,3.3287641695997996,0.8440175420369834
Jutland shelf,Steel,182,153.61119265073097,3.334403717232688,0.8440175420369834
Jutland shelf,Steel,183,154.45521019276796,3.3399974922385525,0.8440175420369834
Jutland shelf,Steel,184,155.29922773480496,3.3455458471599173,0.8440175420369834
Jutland shelf,Steel,185,156.14324527684192,3.3510491320553464,0.8440175420369834
Jutland shelf,Steel,186,156.98726281887892,3.356506874983211,0.8440175420369834
Jutland shelf,Steel,187,157.8312803609159,3.361911131992365,0.8440175420369834
Jutland shelf,Steel,188,158.67529790295288,3.367271552047165,0.8440175420369834
Jutland shelf,Steel,189,159.51931544498987,3.3725884724647406,0.8440175420369834
Jutland shelf,Steel,190,160.36333298702684,3.3778622281896227,0.8440175420369834
Jutland shelf,Steel,191,161.20735052906383,3.3830931518075475,0.8440175420369834
Jutland shelf,Steel,192,162.05136807110082,3.388281573559226,0.8440175420369834
Jutland shelf,Steel,193,162.8953856131378,3.393421482282113,0.8440175420369834
Jutland shelf,Steel,194,163.73940315517478,3.39851658713069,0.8440175420369834
Jutland shelf,Steel,195,164.58342069721178,3.4035703524951693,0.8440175420369834
Jutland shelf,Steel,196,165.42743823924874,3.4085830966000494,0.8440175420369834
Jutland shelf,Steel,197,166.27145578128574,3.4135551354299114,0.8440175420369834
Jutland shelf,Steel,198,167.11547332332273,3.4184867827424847,0.8440175420369834
Jutland shelf,Steel,199,167.9594908653597,3.42337601515894,0.8440175420369834
Jutland shelf,Steel,200,168.8035084073967,3.428218933822741,0.8440175420369834
Jutland shelf,Steel,201,169.64752594943366,3.43302256591863,0.8440175420369834
Jutland shelf,Steel,202,170.49154349147065,3.4377872137852874,0.8440175420369834
Jutland shelf,Steel,203,171.33556103350764,3.442513177634361,0.8440175420369834
Jutland shelf,Steel,204,172.1795785755446,3.447200755562851,0.8440175420369834
Jutland shelf,Steel,205,173.0235961175816,3.4518502435654654,0.8440175420369834
Jutland shelf,Steel,206,173.8676136596186,3.456454749251737,0.8440175420369834
Jutland shelf,Steel,207,174.71163120165556,3.4610206256361447,0.8440175420369834
Jutland shelf,Steel,208,175.55564874369256,3.4655494536993032,0.8440175420369834
Jutland shelf,Steel,209,176.39966628572952,3.4700415186668447,0.8440175420369834
Jutland shelf,Steel,210,177.24368382776652,3.4744971037563115,0.8440175420369834
Jutland shelf,Steel,211,178.0877013698035,3.478916490188878,0.8440175420369834
Jutland shelf,Steel,212,178.93171891184048,3.483296431482937,0.8440175420369834
Jutland shelf,Steel,213,179.77573645387747,3.487636317351071,0.8440175420369834
Jutland shelf,Steel,214,180.61975399591446,3.491940994701919,0.8440175420369834
Jutland shelf,Steel,215,181.46377153795143,3.4962107345227778,0.8440175420369834
Jutland shelf,Steel,216,182.30778907998842,3.500445805894052,0.8440175420369834
Jutland shelf,Steel,217,183.1518066220254,3.504646476000373,0.8440175420369834
Jutland shelf,Steel,218,183.99582416406238,3.5088128050368677,0.8440175420369834
Jutland shelf,Steel,219,184.83984170609938,3.512937883511611,0.8440175420369834
Jutland shelf,Steel,220,185.68385924813634,3.5170295019384312,0.8440175420369834
Jutland shelf,Steel,221,186.52787679017334,3.5210879177766823,0.8440175420369834
Jutland shelf,Steel,222,187.37189433221033,3.525113386674926,0.8440175420369834
Jutland shelf,Steel,223,188.2159118742473,3.5291061624814812,0.8440175420369834
Jutland shelf,Steel,224,189.0599294162843,3.533066497254941,0.8440175420369834
Jutland shelf,Steel,225,189.90394695832128,3.53699019817675,0.8440175420369834
Jutland shelf,Steel,226,190.74796450035825,3.5408793007199746,0.8440175420369834
Jutland shelf,Steel,227,191.59198204239524,3.544736849489188,0.8440175420369834
Jutland shelf,Steel,228,192.4359995844322,3.5485630873712455,0.8440175420369834
Jutland shelf,Steel,229,193.2800171264692,3.552358255543482,0.8440175420369834
Jutland shelf,Steel,230,194.1240346685062,3.556122593483682,0.8440175420369834
Jutland shelf,Steel,231,194.96805221054316,3.5598549332534515,0.8440175420369834
Jutland shelf,Steel,232,195.81206975258016,3.5635515413485632,0.8440175420369834
Jutland shelf,Steel,233,196.65608729461715,3.5672181626316104,0.8440175420369834
Jutland shelf,Steel,234,197.50010483665412,3.5708550278644475,0.8440175420369834
Jutland shelf,Steel,235,198.3441223786911,3.574462366185566,0.8440175420369834
Jutland shelf,Steel,236,199.18813992072808,3.578040405119546,0.8440175420369834
Jutland shelf,Steel,237,200.03215746276507,3.581589370586485,0.8440175420369834
Jutland shelf,Steel,238,200.87617500480206,3.585104355808939,0.8440175420369834
Jutland shelf,Steel,239,201.72019254683903,3.588589497446525,0.8440175420369834
Jutland shelf,Steel,240,202.56421008887602,3.592046360685371,0.8440175420369834
Jutland shelf,Steel,241,203.40822763091302,3.5954751632257516,0.8440175420369834
Jutland shelf,Steel,242,204.25224517294998,3.5988761212353544,0.8440175420369834
Jutland shelf,Steel,243,205.09626271498698,3.6022494493582267,0.8440175420369834
Jutland shelf,Steel,244,205.94028025702394,3.605593006728515,0.8440175420369834
Jutland shelf,Steel,245,206.78429779906094,3.608905649142298,0.8440175420369834
Jutland shelf,Steel,246,207.62831534109793,3.6121914174538046,0.8440175420369834
Jutland shelf,Steel,247,208.4723328831349,3.615450518495761,0.8440175420369834
Jutland shelf,Steel,248,209.3163504251719,3.6186831576455507,0.8440175420369834
Jutland shelf,Steel,249,210.16036796720888,3.6218895388336962,0.8440175420369834
Jutland shelf,Steel,250,211.00438550924585,3.62506986455232,0.8440175420369834
Jutland shelf,Steel,251,211.84840305128284,3.6282187082996544,0.8440175420369834
Jutland shelf,Steel,252,212.6924205933198,3.6313418480921005,0.8440175420369834
Jutland shelf,Steel,253,213.5364381353568,3.6344396448715703,0.8440175420369834
Jutland shelf,Steel,254,214.3804556773938,3.637512293763466,0.8440175420369834
Jutland shelf,Steel,255,215.22447321943076,3.6405599885192372,0.8440175420369834
Jutland shelf,Steel,256,216.06849076146776,3.643582921524405,0.8440175420369834
Jutland shelf,Steel,257,216.91250830350475,3.646578194350027,0.8440175420369834
Jutland shelf,Steel,258,217.75652584554172,3.6495467531695924,0.8440175420369834
Jutland shelf,Steel,259,218.6005433875787,3.6524912274931824,0.8440175420369834
Jutland shelf,Steel,260,219.4445609296157,3.655411802705706,0.8440175420369834
Jutland shelf,Steel,261,220.28857847165267,3.658308662887357,0.8440175420369834
Jutland shelf,Steel,262,221.13259601368966,3.661181990821227,0.8440175420369834
Jutland shelf,Steel,263,221.97661355572663,3.6640311824673666,0.8440175420369834
Jutland shelf,Steel,264,222.82063109776362,3.666852809716463,0.8440175420369834
Jutland shelf,Steel,265,223.66464863980062,3.669651548509494,0.8440175420369834
Jutland shelf,Steel,266,224.50866618183758,3.6724275749768576,0.8440175420369834
Jutland shelf,Steel,267,225.35268372387458,3.6751810640099865,0.8440175420369834
Jutland shelf,Steel,268,226.19670126591157,3.6779121892685667,0.8440175420369834
Jutland shelf,Steel,269,227.04071880794854,3.6806211231877444,0.8440175420369834
Jutland shelf,Steel,270,227.88473634998553,3.6833043908294703,0.8440175420369834
Jutland shelf,Steel,271,228.7287538920225,3.685964605667885,0.8440175420369834
Jutland shelf,Steel,272,229.5727714340595,3.6886032360513026,0.8440175420369834
Jutland shelf,Steel,273,230.41678897609648,3.6912204481408275,0.8440175420369834
Jutland shelf,Steel,274,231.26080651813345,3.693816406927894,0.8440175420369834
Jutland shelf,Steel,275,232.10482406017044,3.6963912762410973,0.8440175420369834
Jutland shelf,Steel,276,232.94884160220744,3.698943679375714,0.8440175420369834
Jutland shelf,Steel,277,233.7928591442444,3.701472225052062,0.8440175420369834
Jutland shelf,Steel,278,234.6368766862814,3.7039802581531105,0.8440175420369834
Jutland shelf,Steel,279,235.48089422831836,3.7064679365452164,0.8440175420369834
Jutland shelf,Steel,280,236.32491177035536,3.7089354169840094,0.8440175420369834
Jutland shelf,Steel,281,237.16892931239235,3.711382855120866,0.8440175420369834
Jutland shelf,Steel,282,238.01294685442932,3.71381040550937,0.8440175420369834
Jutland shelf,Steel,283,238.8569643964663,3.716214168256965,0.8440175420369834
Jutland shelf,Steel,284,239.7009819385033,3.7185980665203595,0.8440175420369834
Jutland shelf,Steel,285,240.54499948054027,3.7209626208613478,0.8440175420369834
Jutland shelf,Steel,286,241.38901702257726,3.7233079802106483,0.8440175420369834
Jutland shelf,Steel,287,242.23303456461423,3.725634292450366,0.8440175420369834
Jutland shelf,Steel,288,243.07705210665122,3.727941704420115,0.8440175420369834
Jutland shelf,Steel,289,243.92106964868822,3.730228234275136,0.8440175420369834
Jutland shelf,Steel,290,244.76508719072518,3.73249414042595,0.8440175420369834
Jutland shelf,Steel,291,245.60910473276218,3.7347416632627017,0.8440175420369834
Jutland shelf,Steel,292,246.45312227479917,3.7369709442815786,0.8440175420369834
Jutland shelf,Steel,293,247.29713981683614,3.739182123983006,0.8440175420369834
Jutland shelf,Steel,294,248.14115735887313,3.7413753418774554,0.8440175420369834
Jutland shelf,Steel,295,248.98517490091012,3.743550356355556,0.8440175420369834
Jutland shelf,Steel,296,249.8291924429471,3.7457041092136674,0.8440175420369834
Jutland shelf,Steel,297,250.67320998498408,3.7478403916780665,0.8440175420369834
Jutland shelf,Steel,298,251.51722752702105,3.7499593381813505,0.8440175420369834
Jutland shelf,Steel,299,252.36124506905804,3.752061082210535,0.8440175420369834
Jutland shelf,Steel,300,253.20526261109504,3.754145756312565,0.8440175420369834
Jutland shelf,Wood_none,0,0.0,1.25426090985969,1.1671517947204635
Jutland shelf,Wood_none,1,1.1671517947204635,1.2655284375822335,1.1671517947204635
Jutland shelf,Wood_none,2,2.334303589440927,1.277183264874901,1.1671517947204635
Jutland shelf,Wood_none,3,3.5014553841613907,1.2892305736717624,1.1671517947204635
Jutland shelf,Wood_none,4,4.668607178881854,1.3016750333893141,1.1671517947204635
Jutland shelf,Wood_none,5,5.835758973602317,1.3145207662617513,1.1671517947204635
Jutland shelf,Wood_none,6,7.002910768322781,1.3277722045969995,1.1671517947204635
Jutland shelf,Wood_none,7,8.170062563043244,1.3414818698156807,1.1671517947204635
Jutland shelf,Wood_none,8,9.337214357763708,1.3556019354740865,1.1671517947204635
Jutland shelf,Wood_none,9,10.504366152484172,1.3701338233377827,1.1671517947204635
Jutland shelf,Wood_none,10,11.671517947204634,1.3850782623883007,1.1671517947204635
Jutland shelf,Wood_none,11,12.838669741925099,1.400435272319775,1.1671517947204635
Jutland shelf,Wood_none,12,14.005821536645563,1.416205941204708,1.1671517947204635
Jutland shelf,Wood_none,13,15.172973331366025,1.4324363955926696,1.1671517947204635
Jutland shelf,Wood_none,14,16.340125126086487,1.4490744312686452,1.1671517947204635
Jutland shelf,Wood_none,15,17.50727692080695,1.466116450839388,1.1671517947204635
Jutland shelf,Wood_none,16,18.674428715527416,1.4835574507770692,1.1671517947204635
Jutland shelf,Wood_none,17,19.84158051024788,1.5013914217092381,1.1671517947204635
Jutland shelf,Wood_none,18,21.008732304968344,1.519613436234827,1.1671517947204635
Jutland shelf,Wood_none,19,22.175884099688805,1.5382552310280937,1.1671517947204635
Jutland shelf,Wood_none,20,23.34303589440927,1.557259975145668,1.1671517947204635
Jutland shelf,Wood_none,21,24.510187689129733,1.5766150908690768,1.1671517947204635
Jutland shelf,Wood_none,22,25.677339483850197,1.596307063656821,1.1671517947204635
Jutland shelf,Wood_none,23,26.84449127857066,1.6163214167717475,1.1671517947204635
Jutland shelf,Wood_none,24,28.011643073291125,1.6366452061716465,1.1671517947204635
Jutland shelf,Wood_none,25,29.178794868011586,1.657291322958095,1.1671517947204635
Jutland shelf,Wood_none,26,30.34594666273205,1.6782073291927082,1.1671517947204635
Jutland shelf,Wood_none,27,31.513098457452514,1.6993756545845524,1.1671517947204635
Jutland shelf,Wood_none,28,32.680250252172975,1.7207783046629943,1.1671517947204635
Jutland shelf,Wood_none,29,33.84740204689344,1.7423969366577337,1.1671517947204635
Jutland shelf,Wood_none,30,35.0145538416139,1.764214859678323,1.1671517947204635
Jutland shelf,Wood_none,31,36.18170563633437,1.7862292297888216,1.1671517947204635
Jutland shelf,Wood_none,32,37.34885743105483,1.808398945612136,1.1671517947204635
Jutland shelf,Wood_none,33,38.51600922577529,1.8307049685517376,1.1671517947204635
Jutland shelf,Wood_none,34,39.68316102049576,1.8531282618896572,1.1671517947204635
Jutland shelf,Wood_none,35,40.85031281521622,1.875649841174181,1.1671517947204635
Jutland shelf,Wood_none,36,42.01746460993669,1.8982515887885796,1.1671517947204635
Jutland shelf,Wood_none,37,43.18461640465715,1.9209182979598292,1.1671517947204635
Jutland shelf,Wood_none,38,44.35176819937761,1.943623026058963,1.1671517947204635
Jutland shelf,Wood_none,39,45.51891999409808,1.9663478934794585,1.1671517947204635
Jutland shelf,Wood_none,40,46.68607178881854,1.9890762171556955,1.1671517947204635
Jutland shelf,Wood_none,41,47.853223583539005,2.0117925833496106,1.1671517947204635
Jutland shelf,Wood_none,42,49.020375378259466,2.0344817190235376,1.1671517947204635
Jutland shelf,Wood_none,43,50.18752717297993,2.0571239007637088,1.1671517947204635
Jutland shelf,Wood_none,44,51.354678967700394,2.0797094663140636,1.1671517947204635
Jutland shelf,Wood_none,45,52.521830762420855,2.102225978380608,1.1671517947204635
Jutland shelf,Wood_none,46,53.68898255714132,2.124661352983451,1.1671517947204635
Jutland shelf,Wood_none,47,54.85613435186178,2.1470038554554733,1.1671517947204635
Jutland shelf,Wood_none,48,56.02328614658225,2.1692400679849135,1.1671517947204635
Jutland shelf,Wood_none,49,57.19043794130271,2.191347317055587,1.1671517947204635
Jutland shelf,Wood_none,50,58.35758973602317,2.213327560284115,1.1671517947204635
Jutland shelf,Wood_none,51,59.52474153074364,2.235172212544823,1.1671517947204635
Jutland shelf,Wood_none,52,60.6918933254641,2.2568731250591627,1.1671517947204635
Jutland shelf,Wood_none,53,61.85904512018457,2.2784224849373396,1.1671517947204635
Jutland shelf,Wood_none,54,63.02619691490503,2.29980953315619,1.1671517947204635
Jutland shelf,Wood_none,55,64.1933487096255,2.3210118830084414,1.1671517947204635
Jutland shelf,Wood_none,56,65.36050050434595,2.342039750986556,1.1671517947204635
Jutland shelf,Wood_none,57,66.52765229906642,2.3628867340225055,1.1671517947204635
Jutland shelf,Wood_none,58,67.69480409378689,2.3835469679882086,1.1671517947204635
Jutland shelf,Wood_none,59,68.86195588850734,2.4040153425015776,1.1671517947204635
Jutland shelf,Wood_none,60,70.0291076832278,2.4242830654298513,1.1671517947204635
Jutland shelf,Wood_none,61,71.19625947794827,2.4443293106750126,1.1671517947204635
Jutland shelf,Wood_none,62,72.36341127266874,2.464170947947283,1.1671517947204635
Jutland shelf,Wood_none,63,73.5305630673892,2.483804847043686,1.1671517947204635
Jutland shelf,Wood_none,64,74.69771486210966,2.5032282060036106,1.1671517947204635
Jutland shelf,Wood_none,65,75.86486665683013,2.5224385242550325,1.1671517947204635
Jutland shelf,Wood_none,66,77.03201845155058,2.5414283315271033,1.1671517947204635
Jutland shelf,Wood_none,67,78.19917024627105,2.560178526350104,1.1671517947204635
Jutland shelf,Wood_none,68,79.36632204099152,2.578709136933143,1.1671517947204635
Jutland shelf,Wood_none,69,80.53347383571199,2.597018456076276,1.1671517947204635
Jutland shelf,Wood_none,70,81.70062563043244,2.6151048640507715,1.1671517947204635
Jutland shelf,Wood_none,71,82.86777742515291,2.6329668292887947,1.1671517947204635
Jutland shelf,Wood_none,72,84.03492921987338,2.6505970533893257,1.1671517947204635
Jutland shelf,Wood_none,73,85.20208101459383,2.667977679361575,1.1671517947204635
Jutland shelf,Wood_none,74,86.3692328093143,2.6851301668102114,1.1671517947204635
Jutland shelf,Wood_none,75,87.53638460403477,2.702053737744127,1.1671517947204635
Jutland shelf,Wood_none,76,88.70353639875522,2.718747727762352,1.1671517947204635
Jutland shelf,Wood_none,77,89.87068819347569,2.7352113721086972,1.1671517947204635
Jutland shelf,Wood_none,78,91.03783998819615,2.7514372624294694,1.1671517947204635
Jutland shelf,Wood_none,79,92.20499178291662,2.76740869161165,1.1671517947204635
Jutland shelf,Wood_none,80,93.37214357763708,2.7831475140759596,1.1671517947204635
Jutland shelf,Wood_none,81,94.53929537235754,2.798653277896793,1.1671517947204635
Jutland shelf,Wood_none,82,95.70644716707801,2.8139256370186327,1.1671517947204635
Jutland shelf,Wood_none,83,96.87359896179846,2.8289642900706338,1.1671517947204635
Jutland shelf,Wood_none,84,98.04075075651893,2.843761479474941,1.1671517947204635
Jutland shelf,Wood_none,85,99.2079025512394,2.8583008186020926,1.1671517947204635
Jutland shelf,Wood_none,86,100.37505434595985,2.872602821793261,1.1671517947204635
Jutland shelf,Wood_none,87,101.54220614068032,2.8866653692091266,1.1671517947204635
Jutland shelf,Wood_none,88,102.70935793540079,2.9004861425942217,1.1671517947204635
Jutland shelf,Wood_none,89,103.87650973012126,2.9140628405845472,1.1671517947204635
Jutland shelf,Wood_none,90,105.04366152484171,2.9273849023394667,1.1671517947204635
Jutland shelf,Wood_none,91,106.21081331956218,2.9404346482035164,1.1671517947204635
Jutland shelf,Wood_none,92,107.37796511428265,2.9532325952747907,1.1671517947204635
Jutland shelf,Wood_none,93,108.5451169090031,2.965776490606083,1.1671517947204635
Jutland shelf,Wood_none,94,109.71226870372357,2.9780641646677686,1.1671517947204635
Jutland shelf,Wood_none,95,110.87942049844403,2.9900935286486443,1.1671517947204635
Jutland shelf,Wood_none,96,112.0465722931645,3.001853412706929,1.1671517947204635
Jutland shelf,Wood_none,97,113.21372408788496,3.013327062697281,1.1671517947204635
Jutland shelf,Wood_none,98,114.38087588260542,3.0245361969657156,1.1671517947204635
Jutland shelf,Wood_none,99,115.54802767732589,3.0354790438846457,1.1671517947204635
Jutland shelf,Wood_none,100,116.71517947204634,3.046153929735946,1.1671517947204635
Jutland shelf,Wood_none,101,117.88233126676681,3.0565594321934118,1.1671517947204635
Jutland shelf,Wood_none,102,119.04948306148728,3.0666842596924297,1.1671517947204635
Jutland shelf,Wood_none,103,120.21663485620773,3.076513226760714,1.1671517947204635
Jutland shelf,Wood_none,104,121.3837866509282,3.0860691415951202,1.1671517947204635
Jutland shelf,Wood_none,105,122.55093844564867,3.0953509748104673,1.1671517947204635
Jutland shelf,Wood_none,106,123.71809024036914,3.104357738521545,1.1671517947204635
Jutland shelf,Wood_none,107,124.88524203508959,3.1130884825273597,1.1671517947204635
Jutland shelf,Wood_none,108,126.05239382981006,3.1232149395017395,1.1671517947204635
Jutland shelf,Wood_none,109,127.21954562453053,3.133383598283147,1.1671517947204635
Jutland shelf,Wood_none,110,128.386697419251,3.1434367041874283,1.1671517947204635
Jutland shelf,Wood_none,111,129.55384921397146,3.1533755499989833,1.1671517947204635
Jutland shelf,Wood_none,112,130.7210010086919,3.1632014142157656,1.1671517947204635
Jutland shelf,Wood_none,113,131.88815280341237,3.172915561205619,1.1671517947204635
Jutland shelf,Wood_none,114,133.05530459813284,3.182514717764406,1.1671517947204635
Jutland shelf,Wood_none,115,134.2224563928533,3.1919956766538773,1.1671517947204635
Jutland shelf,Wood_none,116,135.38960818757377,3.2013688971002447,1.1671517947204635
Jutland shelf,Wood_none,117,136.55675998229424,3.210635584464356,1.1671517947204635
Jutland shelf,Wood_none,118,137.72391177701468,3.219796930786704,1.1671517947204635
Jutland shelf,Wood_none,119,138.89106357173515,3.2288541149331698,1.1671517947204635
Jutland shelf,Wood_none,120,140.0582153664556,3.237803862977728,1.1671517947204635
Jutland shelf,Wood_none,121,141.22536716117608,3.2466436306737974,1.1671517947204635
Jutland shelf,Wood_none,122,142.39251895589655,3.2553829458981864,1.1671517947204635
Jutland shelf,Wood_none,123,143.55967075061702,3.264022932500154,1.1671517947204635
Jutland shelf,Wood_none,124,144.72682254533748,3.272564701909331,1.1671517947204635
Jutland shelf,Wood_none,125,145.89397434005792,3.2810093532716604,1.1671517947204635
Jutland shelf,Wood_none,126,147.0611261347784,3.2893536269973307,1.1671517947204635
Jutland shelf,Wood_none,127,148.22827792949886,3.2975955668457204,1.1671517947204635
Jutland shelf,Wood_none,128,149.39542972421933,3.3057438474693353,1.1671517947204635
Jutland shelf,Wood_none,129,150.5625815189398,3.31379951671796,1.1671517947204635
Jutland shelf,Wood_none,130,151.72973331366026,3.3217636108616433,1.1671517947204635
Jutland shelf,Wood_none,131,152.89688510838073,3.329637154717382,1.1671517947204635
Jutland shelf,Wood_none,132,154.06403690310117,3.3374169160569203,1.1671517947204635
Jutland shelf,Wood_none,133,155.23118869782164,3.3451014587686974,1.1671517947204635
Jutland shelf,Wood_none,134,156.3983404925421,3.352698676099253,1.1671517947204635
Jutland shelf,Wood_none,135,157.56549228726257,3.360209545038355,1.1671517947204635
Jutland shelf,Wood_none,136,158.73264408198304,3.3676350317790575,1.1671517947204635
Jutland shelf,Wood_none,137,159.8997958767035,3.3749760918358365,1.1671517947204635
Jutland shelf,Wood_none,138,161.06694767142397,3.382229531540675,1.1671517947204635
Jutland shelf,Wood_none,139,162.23409946614441,3.389394373524335,1.1671517947204635
Jutland shelf,Wood_none,140,163.40125126086488,3.3964777956348464,1.1671517947204635
Jutland shelf,Wood_none,141,164.56840305558535,3.4034807087937824,1.1671517947204635
Jutland shelf,Wood_none,142,165.73555485030582,3.4104040138561142,1.1671517947204635
Jutland shelf,Wood_none,143,166.90270664502629,3.41724860172036,1.1671517947204635
Jutland shelf,Wood_none,144,168.06985843974675,3.4240113268380865,1.1671517947204635
Jutland shelf,Wood_none,145,169.2370102344672,3.4306916151186693,1.1671517947204635
Jutland shelf,Wood_none,146,170.40416202918766,3.4372959896654884,1.1671517947204635
Jutland shelf,Wood_none,147,171.57131382390813,3.4438252997997423,1.1671517947204635
Jutland shelf,Wood_none,148,172.7384656186286,3.4502803854567614,1.1671517947204635
Jutland shelf,Wood_none,149,173.90561741334906,3.4566620772886987,1.1671517947204635
Jutland shelf,Wood_none,150,175.07276920806953,3.462967285957313,1.1671517947204635
Jutland shelf,Wood_none,151,176.23992100279,3.4691957905894912,1.1671517947204635
Jutland shelf,Wood_none,152,177.40707279751044,3.475353515266506,1.1671517947204635
Jutland shelf,Wood_none,153,178.5742245922309,3.481441251874856,1.1671517947204635
Jutland shelf,Wood_none,154,179.74137638695137,3.487459783549877,1.1671517947204635
Jutland shelf,Wood_none,155,180.90852818167184,3.4934098847714585,1.1671517947204635
Jutland shelf,Wood_none,156,182.0756799763923,3.499288529188295,1.1671517947204635
Jutland shelf,Wood_none,157,183.24283177111278,3.5050958040093367,1.1671517947204635
Jutland shelf,Wood_none,158,184.40998356583324,3.510837085474462,1.1671517947204635
Jutland shelf,Wood_none,159,185.57713536055368,3.5165131119194593,1.1671517947204635
Jutland shelf,Wood_none,160,186.74428715527415,3.5221246135207145,1.1671517947204635
Jutland shelf,Wood_none,161,187.91143894999462,3.527672312384486,1.1671517947204635
Jutland shelf,Wood_none,162,189.0785907447151,3.5331532507498853,1.1671517947204635
Jutland shelf,Wood_none,163,190.24574253943555,3.538567783260942,1.1671517947204635
Jutland shelf,Wood_none,164,191.41289433415602,3.5439207853145094,1.1671517947204635
Jutland shelf,Wood_none,165,192.5800461288765,3.5492129453169725,1.1671517947204635
Jutland shelf,Wood_none,166,193.74719792359693,3.554444944067096,1.1671517947204635
Jutland shelf,Wood_none,167,194.9143497183174,3.559617454839216,1.1671517947204635
Jutland shelf,Wood_none,168,196.08150151303786,3.5647275930208204,1.1671517947204635
Jutland shelf,Wood_none,169,197.24865330775833,3.5697759441319086,1.1671517947204635
Jutland shelf,Wood_none,170,198.4158051024788,3.5747669258738353,1.1671517947204635
Jutland shelf,Wood_none,171,199.58295689719927,3.5797011801000447,1.1671517947204635
Jutland shelf,Wood_none,172,200.7501086919197,3.5845793415707736,1.1671517947204635
Jutland shelf,Wood_none,173,201.91726048664017,3.589402038030679,1.1671517947204635
Jutland shelf,Wood_none,174,203.08441228136064,3.5941664616437974,1.1671517947204635
Jutland shelf,Wood_none,175,204.2515640760811,3.598873395967868,1.1671517947204635
Jutland shelf,Wood_none,176,205.41871587080158,3.603526840611369,1.1671517947204635
Jutland shelf,Wood_none,177,206.58586766552204,3.6081273940229015,1.1671517947204635
Jutland shelf,Wood_none,178,207.7530194602425,3.612675648037513,1.1671517947204635
Jutland shelf,Wood_none,179,208.92017125496295,3.6171721879490804,1.1671517947204635
Jutland shelf,Wood_none,180,210.08732304968342,3.6216142855014435,1.1671517947204635
Jutland shelf,Wood_none,181,211.2544748444039,3.626002892836764,1.1671517947204635
Jutland shelf,Wood_none,182,212.42162663912436,3.6303416278104406,1.1671517947204635
Jutland shelf,Wood_none,183,213.58877843384482,3.6346310484014492,1.1671517947204635
Jutland shelf,Wood_none,184,214.7559302285653,3.6388717064224343,1.1671517947204635
Jutland shelf,Wood_none,185,215.92308202328576,3.643064147587203,1.1671517947204635
Jutland shelf,Wood_none,186,217.0902338180062,3.6472057252927006,1.1671517947204635
Jutland shelf,Wood_none,187,218.25738561272667,3.651297533889475,1.1671517947204635
Jutland shelf,Wood_none,188,219.42453740744713,3.6553428428170163,1.1671517947204635
Jutland shelf,Wood_none,189,220.5916892021676,3.65934217232138,1.1671517947204635
Jutland shelf,Wood_none,190,221.75884099688807,3.6632960368992973,1.1671517947204635
Jutland shelf,Wood_none,191,222.92599279160854,3.6672049453610667,1.1671517947204635
Jutland shelf,Wood_none,192,224.093144586329,3.6710663341860053,1.1671517947204635
Jutland shelf,Wood_none,193,225.26029638104944,3.674881416352862,1.1671517947204635
Jutland shelf,Wood_none,194,226.4274481757699,3.6786531434595693,1.1671517947204635
Jutland shelf,Wood_none,195,227.59459997049038,3.6823820005709598,1.1671517947204635
Jutland shelf,Wood_none,196,228.76175176521085,3.6860684673912947,1.1671517947204635
Jutland shelf,Wood_none,197,229.9289035599313,3.689713018322955,1.1671517947204635
Jutland shelf,Wood_none,198,231.09605535465178,3.6933131737903833,1.1671517947204635
Jutland shelf,Wood_none,199,232.26320714937222,3.6968702443587187,1.1671517947204635
Jutland shelf,Wood_none,200,233.4303589440927,3.7003868918171725,1.1671517947204635
Jutland shelf,Wood_none,201,234.59751073881316,3.7038635684284236,1.1671517947204635
Jutland shelf,Wood_none,202,235.76466253353362,3.7073007214570985,1.1671517947204635
Jutland shelf,Wood_none,203,236.9318143282541,3.710698793224448,1.1671517947204635
Jutland shelf,Wood_none,204,238.09896612297456,3.7140553884664844,1.1671517947204635
Jutland shelf,Wood_none,205,239.26611791769503,3.7173718965957803,1.1671517947204635
Jutland shelf,Wood_none,206,240.43326971241547,3.7206507152879764,1.1671517947204635
Jutland shelf,Wood_none,207,241.60042150713593,3.723892266221845,1.1671517947204635
Jutland shelf,Wood_none,208,242.7675733018564,3.7270969664160796,1.1671517947204635
Jutland shelf,Wood_none,209,243.93472509657687,3.7302652282802673,1.1671517947204635
Jutland shelf,Wood_none,210,245.10187689129734,3.733394740795138,1.1671517947204635
Jutland shelf,Wood_none,211,246.2690286860178,3.7364869555695,1.1671517947204635
Jutland shelf,Wood_none,212,247.43618048073827,3.739544029710897,1.1671517947204635
Jutland shelf,Wood_none,213,248.6033322754587,3.742566356382394,1.1671517947204635
Jutland shelf,Wood_none,214,249.77048407017918,3.7455543244020952,1.1671517947204635
Jutland shelf,Wood_none,215,250.93763586489965,3.748508318290704,1.1671517947204635
Jutland shelf,Wood_none,216,252.10478765962011,3.7514261108305047,1.1671517947204635
Jutland shelf,Wood_none,217,253.27193945434058,3.754309201066404,1.1671517947204635
Jutland shelf,Wood_none,218,254.43909124906105,3.7571595271068348,1.1671517947204635
Jutland shelf,Wood_none,219,255.6062430437815,3.7599774555274865,1.1671517947204635
Jutland shelf,Wood_none,220,256.773394838502,3.762763348852937,1.1671517947204635
Jutland shelf,Wood_none,221,257.9405466332224,3.7655175656009585,1.1671517947204635
Jutland shelf,Wood_none,222,259.1076984279429,3.768237961587131,1.1671517947204635
Jutland shelf,Wood_none,223,260.27485022266336,3.7709260702437937,1.1671517947204635
Jutland shelf,Wood_none,224,261.4420020173838,3.773583630432363,1.1671517947204635
Jutland shelf,Wood_none,225,262.6091538121043,3.7762109839391433,1.1671517947204635
Jutland shelf,Wood_none,226,263.77630560682474,3.7788084687732484,1.1671517947204635
Jutland shelf,Wood_none,227,264.94345740154523,3.781376419207932,1.1671517947204635
Jutland shelf,Wood_none,228,266.11060919626567,3.783912773044681,1.1671517947204635
Jutland shelf,Wood_none,229,267.27776099098617,3.78641908660212,1.1671517947204635
Jutland shelf,Wood_none,230,268.4449127857066,3.788896917577005,1.1671517947204635
Jutland shelf,Wood_none,231,269.61206458042705,3.7913465846426067,1.1671517947204635
Jutland shelf,Wood_none,232,270.77921637514754,3.7937684029504117,1.1671517947204635
Jutland shelf,Wood_none,233,271.946368169868,3.7961626841687033,1.1671517947204635
Jutland shelf,Wood_none,234,273.1135199645885,3.7985274467995334,1.1671517947204635
Jutland shelf,Wood_none,235,274.2806717593089,3.800864259944619,1.1671517947204635
Jutland shelf,Wood_none,236,275.44782355402936,3.8031745166841326,1.1671517947204635
Jutland shelf,Wood_none,237,276.61497534874985,3.8054585141412933,1.1671517947204635
Jutland shelf,Wood_none,238,277.7821271434703,3.807716546155715,1.1671517947204635
Jutland shelf,Wood_none,239,278.9492789381908,3.809948903319324,1.1671517947204635
Jutland shelf,Wood_none,240,280.1164307329112,3.8121536833485217,1.1671517947204635
Jutland shelf,Wood_none,241,281.2835825276317,3.8143324592863803,1.1671517947204635
Jutland shelf,Wood_none,242,282.45073432235216,3.8164864747350666,1.1671517947204635
Jutland shelf,Wood_none,243,283.6178861170726,3.8186160067250814,1.1671517947204635
Jutland shelf,Wood_none,244,284.7850379117931,3.8207213292253437,1.1671517947204635
Jutland shelf,Wood_none,245,285.95218970651354,3.822802713176713,1.1671517947204635
Jutland shelf,Wood_none,246,287.11934150123403,3.8248583338557873,1.1671517947204635
Jutland shelf,Wood_none,247,288.2864932959545,3.8268897605423566,1.1671517947204635
Jutland shelf,Wood_none,248,289.45364509067497,3.8288981012046506,1.1671517947204635
Jutland shelf,Wood_none,249,290.6207968853954,3.8308836141391933,1.1671517947204635
Jutland shelf,Wood_none,250,291.78794868011585,3.8328465547879653,1.1671517947204635
Jutland shelf,Wood_none,251,292.95510047483634,3.8347871757696437,1.1671517947204635
Jutland shelf,Wood_none,252,294.1222522695568,3.8367037281285006,1.1671517947204635
Jutland shelf,Wood_none,253,295.2894040642773,3.8385977707001304,1.1671517947204635
Jutland shelf,Wood_none,254,296.4565558589977,3.8404702884742217,1.1671517947204635
Jutland shelf,Wood_none,255,297.6237076537182,3.842321522280183,1.1671517947204635
Jutland shelf,Wood_none,256,298.79085944843865,3.8441517102859186,1.1671517947204635
Jutland shelf,Wood_none,257,299.9580112431591,3.8459610880269635,1.1671517947204635
Jutland shelf,Wood_none,258,301.1251630378796,3.84602606410744,1.1671517947204635
Jutland shelf,Wood_none,259,302.2923148326,3.84602606410744,1.1671517947204635
Jutland shelf,Wood_none,260,303.4594666273205,3.84602606410744,1.1671517947204635
Jutland shelf,Wood_none,261,304.62661842204096,3.84602606410744,1.1671517947204635
Jutland shelf,Wood_none,262,305.79377021676146,3.84602606410744,1.1671517947204635
Jutland shelf,Wood_none,263,306.9609220114819,3.84602606410744,1.1671517947204635
Jutland shelf,Wood_none,264,308.12807380620234,3.84602606410744,1.1671517947204635
Jutland shelf,Wood_none,265,309.29522560092283,3.84602606410744,1.1671517947204635
Jutland shelf,Wood_none,266,310.4623773956433,3.84602606410744,1.1671517947204635
Jutland shelf,Wood_none,267,311.62952919036377,3.84602606410744,1.1671517947204635
Jutland shelf,Wood_none,268,312.7966809850842,3.84602606410744,1.1671517947204635
Jutland shelf,Wood_none,269,313.9638327798047,3.84602606410744,1.1671517947204635
Jutland shelf,Wood_none,270,315.13098457452514,3.84602606410744,1.1671517947204635
Jutland shelf,Wood_none,271,316.2981363692456,3.84602606410744,1.1671517947204635
Jutland shelf,Wood_none,272,317.4652881639661,3.84602606410744,1.1671517947204635
Jutland shelf,Wood_none,273,318.6324399586865,3.84602606410744,1.1671517947204635
Jutland shelf,Wood_none,274,319.799591753407,3.84602606410744,1.1671517947204635
Jutland shelf,Wood_none,275,320.96674354812745,3.84602606410744,1.1671517947204635
Jutland shelf,Wood_none,276,322.13389534284795,3.84602606410744,1.1671517947204635
Jutland shelf,Wood_none,277,323.3010471375684,3.84602606410744,1.1671517947204635
Jutland shelf,Wood_none,278,324.46819893228883,3.84602606410744,1.1671517947204635
Jutland shelf,Wood_none,279,325.6353507270093,3.84602606410744,1.1671517947204635
Jutland shelf,Wood_none,280,326.80250252172976,3.84602606410744,1.1671517947204635
Jutland shelf,Wood_none,281,327.96965431645026,3.84602606410744,1.1671517947204635
Jutland shelf,Wood_none,282,329.1368061111707,3.84602606410744,1.1671517947204635
Jutland shelf,Wood_none,283,330.30395790589114,3.84602606410744,1.1671517947204635
Jutland shelf,Wood_none,284,331.47110970061163,3.84602606410744,1.1671517947204635
Jutland shelf,Wood_none,285,332.6382614953321,3.84602606410744,1.1671517947204635
Jutland shelf,Wood_none,286,333.80541329005257,3.84602606410744,1.1671517947204635
Jutland shelf,Wood_none,287,334.972565084773,3.84602606410744,1.1671517947204635
Jutland shelf,Wood_none,288,336.1397168794935,3.84602606410744,1.1671517947204635
Jutland shelf,Wood_none,289,337.30686867421394,3.84602606410744,1.1671517947204635
Jutland shelf,Wood_none,290,338.4740204689344,3.84602606410744,1.1671517947204635
Jutland shelf,Wood_none,291,339.6411722636549,3.84602606410744,1.1671517947204635
Jutland shelf,Wood_none,292,340.8083240583753,3.84602606410744,1.1671517947204635
Jutland shelf,Wood_none,293,341.9754758530958,3.84602606410744,1.1671517947204635
Jutland shelf,Wood_none,294,343.14262764781625,3.84602606410744,1.1671517947204635
Jutland shelf,Wood_none,295,344.30977944253675,3.84602606410744,1.1671517947204635
Jutland shelf,Wood_none,296,345.4769312372572,3.84602606410744,1.1671517947204635
Jutland shelf,Wood_none,297,346.64408303197763,3.84602606410744,1.1671517947204635
Jutland shelf,Wood_none,298,347.8112348266981,3.84602606410744,1.1671517947204635
Jutland shelf,Wood_none,299,348.97838662141857,3.84602606410744,1.1671517947204635
Jutland shelf,Wood_none,300,350.14553841613906,3.84602606410744,1.1671517947204635
Jutland shelf,Wood_high,0,0.0,1.25426090985969,2.1545786029137286
Jutland shelf,Wood_high,1,2.1545786029137286,1.2753510184071615,2.1545786029137286
Jutland shelf,Wood_high,2,4.309157205827457,1.297796564632401,2.1545786029137286
Jutland shelf,Wood_high,3,6.463735808741186,1.3216270581666223,2.1545786029137286
Jutland shelf,Wood_high,4,8.618314411654914,1.3468648291442482,2.1545786029137286
Jutland shelf,Wood_high,5,10.772893014568643,1.3735243057616504,2.1545786029137286
Jutland shelf,Wood_high,6,12.927471617482372,1.4016114250553575,2.1545786029137286
Jutland shelf,Wood_high,7,15.0820502203961,1.43114831728509,2.1545786029137286
Jutland shelf,Wood_high,8,17.23662882330983,1.4621185778438501,2.1545786029137286
Jutland shelf,Wood_high,9,19.39120742622356,1.49447296083656,2.1545786029137286
Jutland shelf,Wood_high,10,21.545786029137286,1.5281690950146702,2.1545786029137286
Jutland shelf,Wood_high,11,23.700364632051013,1.5631454606693425,2.1545786029137286
Jutland shelf,Wood_high,12,25.854943234964743,1.5993220377626642,2.1545786029137286
Jutland shelf,Wood_high,13,28.009521837878474,1.636607749674068,2.1545786029137286
Jutland shelf,Wood_high,14,30.1641004407922,1.6749237647723285,2.1545786029137286
Jutland shelf,Wood_high,15,32.31867904370593,1.7141223974418531,2.1545786029137286
Jutland shelf,Wood_high,16,34.47325764661966,1.7540849553692324,2.1545786029137286
Jutland shelf,Wood_high,17,36.62783624953339,1.794689077254037,2.1545786029137286
Jutland shelf,Wood_high,18,38.78241485244712,1.8358104065541847,2.1545786029137286
Jutland shelf,Wood_high,19,40.93699345536084,1.8773240725444251,2.1545786029137286
Jutland shelf,Wood_high,20,43.09157205827457,1.9191088448107037,2.1545786029137286
Jutland shelf,Wood_high,21,45.2461506611883,1.9610357518273571,2.1545786029137286
Jutland shelf,Wood_high,22,47.400729264102026,2.0029871786600624,2.1545786029137286
Jutland shelf,Wood_high,23,49.555307867015756,2.044862607181255,2.1545786029137286
Jutland shelf,Wood_high,24,51.70988646992949,2.0865710811107516,2.1545786029137286
Jutland shelf,Wood_high,25,53.86446507284322,2.1280298878315604,2.1545786029137286
Jutland shelf,Wood_high,26,56.01904367575695,2.1691596457113658,2.1545786029137286
Jutland shelf,Wood_high,27,58.17362227867067,2.209875705636387,2.1545786029137286
Jutland shelf,Wood_high,28,60.3282008815844,2.2501273057773403,2.1545786029137286
Jutland shelf,Wood_high,29,62.48277948449813,2.2898615257283423,2.1545786029137286
Jutland shelf,Wood_high,30,64.63735808741185,2.329029700213722,2.1545786029137286
Jutland shelf,Wood_high,31,66.79193669032558,2.3675872370082245,2.1545786029137286
Jutland shelf,Wood_high,32,68.94651529323932,2.405495058730652,2.1545786029137286
Jutland shelf,Wood_high,33,71.10109389615305,2.4427069009234357,2.1545786029137286
Jutland shelf,Wood_high,34,73.25567249906678,2.4792041407342125,2.1545786029137286
Jutland shelf,Wood_high,35,75.4102511019805,2.51497480725962,2.1545786029137286
Jutland shelf,Wood_high,36,77.56482970489424,2.5500028330558266,2.1545786029137286
Jutland shelf,Wood_high,37,79.71940830780795,2.584274934960331,2.1545786029137286
Jutland shelf,Wood_high,38,81.87398691072168,2.6177796918558554,2.1545786029137286
Jutland shelf,Wood_high,39,84.02856551363541,2.6505021001202453,2.1545786029137286
Jutland shelf,Wood_high,40,86.18314411654914,2.6824172060407236,2.1545786029137286
Jutland shelf,Wood_high,41,88.33772271946287,2.71354045746216,2.1545786029137286
Jutland shelf,Wood_high,42,90.4923013223766,2.743867098321502,2.1545786029137286
Jutland shelf,Wood_high,43,92.64687992529034,2.7733920650360195,2.1545786029137286
Jutland shelf,Wood_high,44,94.80145852820405,2.8021114949490147,2.1545786029137286
Jutland shelf,Wood_high,45,96.95603713111778,2.8300228658839255,2.1545786029137286
Jutland shelf,Wood_high,46,99.11061573403151,2.8571030981330874,2.1545786029137286
Jutland shelf,Wood_high,47,101.26519433694524,2.8833545189242433,2.1545786029137286
Jutland shelf,Wood_high,48,103.41977293985897,2.9087707907960594,2.1545786029137286
Jutland shelf,Wood_high,49,105.5743515427727,2.93333651392918,2.1545786029137286
Jutland shelf,Wood_high,50,107.72893014568643,2.957035923669456,2.1545786029137286
Jutland shelf,Wood_high,51,109.88350874860016,2.979854105449698,2.1545786029137286
Jutland shelf,Wood_high,52,112.0380873515139,3.0017696942626833,2.1545786029137286
Jutland shelf,Wood_high,53,114.19266595442761,3.022753903420134,2.1545786029137286
Jutland shelf,Wood_high,54,116.34724455734134,3.042817445018151,2.1545786029137286
Jutland shelf,Wood_high,55,118.50182316025507,3.0619499675205066,2.1545786029137286
Jutland shelf,Wood_high,56,120.6564017631688,3.080143429100917,2.1545786029137286
Jutland shelf,Wood_high,57,122.81098036608253,3.097390715772588,2.1545786029137286
Jutland shelf,Wood_high,58,124.96555896899626,3.1136852669308954,2.1545786029137286
Jutland shelf,Wood_high,59,127.12013757190999,3.1325245282529033,2.1545786029137286
Jutland shelf,Wood_high,60,129.2747161748237,3.1510110879010917,2.1545786029137286
Jutland shelf,Wood_high,61,131.42929477773745,3.169105661395294,2.1545786029137286
Jutland shelf,Wood_high,62,133.58387338065117,3.1868165239852027,2.1545786029137286
Jutland shelf,Wood_high,63,135.73845198356491,3.2041517768934984,2.1545786029137286
Jutland shelf,Wood_high,64,137.89303058647863,3.221119350963125,2.1545786029137286
Jutland shelf,Wood_high,65,140.04760918939235,3.2377233793409017,2.1545786029137286
Jutland shelf,Wood_high,66,142.2021877923061,3.2539672410067406,2.1545786029137286
Jutland shelf,Wood_high,67,144.3567663952198,3.2698666856248426,2.1545786029137286
Jutland shelf,Wood_high,68,146.51134499813355,3.2854289839272073,2.1545786029137286
Jutland shelf,Wood_high,69,148.66592360104727,3.300661253748909,2.1545786029137286
Jutland shelf,Wood_high,70,150.820502203961,3.315570463232424,2.1545786029137286
Jutland shelf,Wood_high,71,152.97508080687473,3.330163433965004,2.1545786029137286
Jutland shelf,Wood_high,72,155.12965940978847,3.34443833302543,2.1545786029137286
Jutland shelf,Wood_high,73,157.2842380127022,3.358408942784938,2.1545786029137286
Jutland shelf,Wood_high,74,159.4388166156159,3.372083320166899,2.1545786029137286
Jutland shelf,Wood_high,75,161.59339521852965,3.3854677189876288,2.1545786029137286
Jutland shelf,Wood_high,76,163.74797382144337,3.39856826154623,2.1545786029137286
Jutland shelf,Wood_high,77,165.9025524243571,3.4113909413809487,2.1545786029137286
Jutland shelf,Wood_high,78,168.05713102727083,3.423938332969087,2.1545786029137286
Jutland shelf,Wood_high,79,170.21170963018457,3.43621409817691,2.1545786029137286
Jutland shelf,Wood_high,80,172.3662882330983,3.448229579991686,2.1545786029137286
Jutland shelf,Wood_high,81,174.520866836012,3.4599902730904737,2.1545786029137286
Jutland shelf,Wood_high,82,176.67544543892575,3.4715015566017056,2.1545786029137286
Jutland shelf,Wood_high,83,178.83002404183947,3.4827686965268168,2.1545786029137286
Jutland shelf,Wood_high,84,180.9846026447532,3.493796848111248,2.1545786029137286
Jutland shelf,Wood_high,85,183.13918124766693,3.504584153286488,2.1545786029137286
Jutland shelf,Wood_high,86,185.29375985058067,3.515141982284983,2.1545786029137286
Jutland shelf,Wood_high,87,187.4483384534944,3.5254759420982418,2.1545786029137286
Jutland shelf,Wood_high,88,189.6029170564081,3.535590758894033,2.1545786029137286
Jutland shelf,Wood_high,89,191.75749565932185,3.5454910594487843,2.1545786029137286
Jutland shelf,Wood_high,90,193.91207426223556,3.5551813732306408,2.1545786029137286
Jutland shelf,Wood_high,91,196.0666528651493,3.564663230844835,2.1545786029137286
Jutland shelf,Wood_high,92,198.22123146806302,3.573940237345389,2.1545786029137286
Jutland shelf,Wood_high,93,200.37581007097677,3.5830205420720995,2.1545786029137286
Jutland shelf,Wood_high,94,202.53038867389049,3.5919082974920955,2.1545786029137286
Jutland shelf,Wood_high,95,204.68496727680423,3.600607568749106,2.1545786029137286
Jutland shelf,Wood_high,96,206.83954587971795,3.6091223354935162,2.1545786029137286
Jutland shelf,Wood_high,97,208.99412448263166,3.6174564936742284,2.1545786029137286
Jutland shelf,Wood_high,98,211.1487030855454,3.625608281676524,2.1545786029137286
Jutland shelf,Wood_high,99,213.30328168845912,3.6335870137586546,2.1545786029137286
Jutland shelf,Wood_high,100,215.45786029137287,3.6413965630790264,2.1545786029137286
Jutland shelf,Wood_high,101,217.61243889428658,3.6490405013225873,2.1545786029137286
Jutland shelf,Wood_high,102,219.76701749720033,3.656522325061395,2.1545786029137286
Jutland shelf,Wood_high,103,221.92159610011404,3.663845457328829,2.1545786029137286
Jutland shelf,Wood_high,104,224.0761747030278,3.6710107411732347,2.1545786029137286
Jutland shelf,Wood_high,105,226.2307533059415,3.678021534185852,2.1545786029137286
Jutland shelf,Wood_high,106,228.38533190885522,3.684883675426564,2.1545786029137286
Jutland shelf,Wood_high,107,230.53991051176897,3.6916003030203317,2.1545786029137286
Jutland shelf,Wood_high,108,232.69448911468268,3.6981744890993022,2.1545786029137286
Jutland shelf,Wood_high,109,234.84906771759643,3.704609241185848,2.1545786029137286
Jutland shelf,Wood_high,110,237.00364632051014,3.7109073981295904,2.1545786029137286
Jutland shelf,Wood_high,111,239.1582249234239,3.717067674727983,2.1545786029137286
Jutland shelf,Wood_high,112,241.3128035263376,3.7230973390796893,2.1545786029137286
Jutland shelf,Wood_high,113,243.46738212925132,3.7289991483777754,2.1545786029137286
Jutland shelf,Wood_high,114,245.62196073216506,3.7347758018351995,2.1545786029137286
Jutland shelf,Wood_high,115,247.77653933507878,3.7404299418999445,2.1545786029137286
Jutland shelf,Wood_high,116,249.93111793799252,3.745964155444724,2.1545786029137286
Jutland shelf,Wood_high,117,252.08569654090624,3.7513788424984154,2.1545786029137286
Jutland shelf,Wood_high,118,254.24027514381999,3.756677019047205,2.1545786029137286
Jutland shelf,Wood_high,119,256.3948537467337,3.7618628562473986,2.1545786029137286
Jutland shelf,Wood_high,120,258.5494323496474,3.7669387256597964,2.1545786029137286
Jutland shelf,Wood_high,121,260.70401095256113,3.771906948972489,2.1545786029137286
Jutland shelf,Wood_high,122,262.8585895554749,3.776769799046143,2.1545786029137286
Jutland shelf,Wood_high,123,265.0131681583886,3.7815292132114315,2.1545786029137286
Jutland shelf,Wood_high,124,267.16774676130234,3.786184640190593,2.1545786029137286
Jutland shelf,Wood_high,125,269.32232536421606,3.790741360674176,2.1545786029137286
Jutland shelf,Wood_high,126,271.47690396712983,3.795201458343129,2.1545786029137286
Jutland shelf,Wood_high,127,273.63148257004354,3.799566973061196,2.1545786029137286
Jutland shelf,Wood_high,128,275.78606117295726,3.8038399017931726,2.1545786029137286
Jutland shelf,Wood_high,129,277.940639775871,3.8080221995040273,2.1545786029137286
Jutland shelf,Wood_high,130,280.0952183787847,3.812113989307545,2.1545786029137286
Jutland shelf,Wood_high,131,282.24979698169847,3.8161179121838464,2.1545786029137286
Jutland shelf,Wood_high,132,284.4043755846122,3.8200369377932395,2.1545786029137286
Jutland shelf,Wood_high,133,286.5589541875259,3.8238728583844566,2.1545786029137286
Jutland shelf,Wood_high,134,288.7135327904396,3.827627428516038,2.1545786029137286
Jutland shelf,Wood_high,135,290.8681113933534,3.8313023658461898,2.1545786029137286
Jutland shelf,Wood_high,136,293.0226899962671,3.834898977204337,2.1545786029137286
Jutland shelf,Wood_high,137,295.1772685991808,3.8384171634162865,2.1545786029137286
Jutland shelf,Wood_high,138,297.33184720209454,3.841860754998325,2.1545786029137286
Jutland shelf,Wood_high,139,299.48642580500825,3.845231326641151,2.1545786029137286
Jutland shelf,Wood_high,140,301.641004407922,3.84602606410744,2.1545786029137286
Jutland shelf,Wood_high,141,303.79558301083574,3.84602606410744,2.1545786029137286
Jutland shelf,Wood_high,142,305.95016161374946,3.84602606410744,2.1545786029137286
Jutland shelf,Wood_high,143,308.1047402166632,3.84602606410744,2.1545786029137286
Jutland shelf,Wood_high,144,310.25931881957695,3.84602606410744,2.1545786029137286
Jutland shelf,Wood_high,145,312.41389742249066,3.84602606410744,2.1545786029137286
Jutland shelf,Wood_high,146,314.5684760254044,3.84602606410744,2.1545786029137286
Jutland shelf,Wood_high,147,316.7230546283181,3.84602606410744,2.1545786029137286
Jutland shelf,Wood_high,148,318.8776332312318,3.84602606410744,2.1545786029137286
Jutland shelf,Wood_high,149,321.0322118341456,3.84602606410744,2.1545786029137286
Jutland shelf,Wood_high,150,323.1867904370593,3.84602606410744,2.1545786029137286
Jutland shelf,Wood_high,151,325.341369039973,3.84602606410744,2.1545786029137286
Jutland shelf,Wood_high,152,327.49594764288673,3.84602606410744,2.1545786029137286
Jutland shelf,Wood_high,153,329.65052624580045,3.84602606410744,2.1545786029137286
Jutland shelf,Wood_high,154,331.8051048487142,3.84602606410744,2.1545786029137286
Jutland shelf,Wood_high,155,333.95968345162794,3.84602606410744,2.1545786029137286
Jutland shelf,Wood_high,156,336.11426205454165,3.84602606410744,2.1545786029137286
Jutland shelf,Wood_high,157,338.26884065745537,3.84602606410744,2.1545786029137286
Jutland shelf,Wood_high,158,340.42341926036914,3.84602606410744,2.1545786029137286
Jutland shelf,Wood_high,159,342.57799786328286,3.84602606410744,2.1545786029137286
Jutland shelf,Wood_high,160,344.7325764661966,3.84602606410744,2.1545786029137286
Jutland shelf,Wood_high,161,346.8871550691103,3.84602606410744,2.1545786029137286
Jutland shelf,Wood_high,162,349.041733672024,3.84602606410744,2.1545786029137286
Jutland shelf,Wood_high,163,351.1963122749378,3.84602606410744,2.1545786029137286
Jutland shelf,Wood_high,164,353.3508908778515,3.84602606410744,2.1545786029137286
Jutland shelf,Wood_high,165,355.5054694807652,3.84602606410744,2.1545786029137286
Jutland shelf,Wood_high,166,357.66004808367893,3.84602606410744,2.1545786029137286
Jutland shelf,Wood_high,167,359.8146266865927,3.84602606410744,2.1545786029137286
Jutland shelf,Wood_high,168,361.9692052895064,3.84602606410744,2.1545786029137286
Jutland shelf,Wood_high,169,364.12378389242014,3.84602606410744,2.1545786029137286
Jutland shelf,Wood_high,170,366.27836249533385,3.84602606410744,2.1545786029137286
Jutland shelf,Wood_high,171,368.43294109824757,3.84602606410744,2.1545786029137286
Jutland shelf,Wood_high,172,370.58751970116134,3.84602606410744,2.1545786029137286
Jutland shelf,Wood_high,173,372.74209830407506,3.84602606410744,2.1545786029137286
Jutland shelf,Wood_high,174,374.8966769069888,3.84602606410744,2.1545786029137286
Jutland shelf,Wood_high,175,377.0512555099025,3.84602606410744,2.1545786029137286
Jutland shelf,Wood_high,176,379.2058341128162,3.84602606410744,2.1545786029137286
Jutland shelf,Wood_high,177,381.36041271573,3.84602606410744,2.1545786029137286
Jutland shelf,Wood_high,178,383.5149913186437,3.84602606410744,2.1545786029137286
Jutland shelf,Wood_high,179,385.6695699215574,3.84602606410744,2.1545786029137286
Jutland shelf,Wood_high,180,387.8241485244711,3.84602606410744,2.1545786029137286
Jutland shelf,Wood_high,181,389.9787271273849,3.84602606410744,2.1545786029137286
Jutland shelf,Wood_high,182,392.1333057302986,3.84602606410744,2.1545786029137286
Jutland shelf,Wood_high,183,394.28788433321233,3.84602606410744,2.1545786029137286
Jutland shelf,Wood_high,184,396.44246293612605,3.84602606410744,2.1545786029137286
Jutland shelf,Wood_high,185,398.59704153903976,3.84602606410744,2.1545786029137286
Jutland shelf,Wood_high,186,400.75162014195354,3.84602606410744,2.1545786029137286
Jutland shelf,Wood_high,187,402.90619874486725,3.84602606410744,2.1545786029137286
Jutland shelf,Wood_high,188,405.06077734778097,3.84602606410744,2.1545786029137286
Jutland shelf,Wood_high,189,407.2153559506947,3.84602606410744,2.1545786029137286
Jutland shelf,Wood_high,190,409.36993455360846,3.84602606410744,2.1545786029137286
Jutland shelf,Wood_high,191,411.5245131565222,3.84602606410744,2.1545786029137286
Jutland shelf,Wood_high,192,413.6790917594359,3.84602606410744,2.1545786029137286
Jutland shelf,Wood_high,193,415.8336703623496,3.84602606410744,2.1545786029137286
Jutland shelf,Wood_high,194,417.9882489652633,3.84602606410744,2.1545786029137286
Jutland shelf,Wood_high,195,420.1428275681771,3.84602606410744,2.1545786029137286
Jutland shelf,Wood_high,196,422.2974061710908,3.84602606410744,2.1545786029137286
Jutland shelf,Wood_high,197,424.45198477400453,3.84602606410744,2.1545786029137286
Jutland shelf,Wood_high,198,426.60656337691825,3.84602606410744,2.1545786029137286
Jutland shelf,Wood_high,199,428.761141979832,3.84602606410744,2.1545786029137286
Jutland shelf,Wood_high,200,430.91572058274573,3.84602606410744,2.1545786029137286
Jutland shelf,Wood_high,201,433.07029918565945,3.84602606410744,2.1545786029137286
Jutland shelf,Wood_high,202,435.22487778857317,3.84602606410744,2.1545786029137286
Jutland shelf,Wood_high,203,437.3794563914869,3.84602606410744,2.1545786029137286
Jutland shelf,Wood_high,204,439.53403499440066,3.84602606410744,2.1545786029137286
Jutland shelf,Wood_high,205,441.6886135973144,3.84602606410744,2.1545786029137286
Jutland shelf,Wood_high,206,443.8431922002281,3.84602606410744,2.1545786029137286
Jutland shelf,Wood_high,207,445.9977708031418,3.84602606410744,2.1545786029137286
Jutland shelf,Wood_high,208,448.1523494060556,3.84602606410744,2.1545786029137286
Jutland shelf,Wood_high,209,450.3069280089693,3.84602606410744,2.1545786029137286
Jutland shelf,Wood_high,210,452.461506611883,3.84602606410744,2.1545786029137286
Jutland shelf,Wood_high,211,454.6160852147967,3.84602606410744,2.1545786029137286
Jutland shelf,Wood_high,212,456.77066381771044,3.84602606410744,2.1545786029137286
Jutland shelf,Wood_high,213,458.9252424206242,3.84602606410744,2.1545786029137286
Jutland shelf,Wood_high,214,461.07982102353793,3.84602606410744,2.1545786029137286
Jutland shelf,Wood_high,215,463.23439962645165,3.84602606410744,2.1545786029137286
Jutland shelf,Wood_high,216,465.38897822936536,3.84602606410744,2.1545786029137286
Jutland shelf,Wood_high,217,467.5435568322791,3.84602606410744,2.1545786029137286
Jutland shelf,Wood_high,218,469.69813543519285,3.84602606410744,2.1545786029137286
Jutland shelf,Wood_high,219,471.85271403810657,3.84602606410744,2.1545786029137286
Jutland shelf,Wood_high,220,474.0072926410203,3.84602606410744,2.1545786029137286
Jutland shelf,Wood_high,221,476.161871243934,3.84602606410744,2.1545786029137286
Jutland shelf,Wood_high,222,478.3164498468478,3.84602606410744,2.1545786029137286
Jutland shelf,Wood_high,223,480.4710284497615,3.84602606410744,2.1545786029137286
Jutland shelf,Wood_high,224,482.6256070526752,3.84602606410744,2.1545786029137286
Jutland shelf,Wood_high,225,484.7801856555889,3.84602606410744,2.1545786029137286
Jutland shelf,Wood_high,226,486.93476425850264,3.84602606410744,2.1545786029137286
Jutland shelf,Wood_high,227,489.0893428614164,3.84602606410744,2.1545786029137286
Jutland shelf,Wood_high,228,491.2439214643301,3.84602606410744,2.1545786029137286
Jutland shelf,Wood_high,229,493.39850006724384,3.84602606410744,2.1545786029137286
Jutland shelf,Wood_high,230,495.55307867015756,3.84602606410744,2.1545786029137286
Jutland shelf,Wood_high,231,497.70765727307133,3.84602606410744,2.1545786029137286
Jutland shelf,Wood_high,232,499.86223587598505,3.84602606410744,2.1545786029137286
Jutland shelf,Wood_high,233,502.01681447889877,3.84602606410744,2.1545786029137286
Jutland shelf,Wood_high,234,504.1713930818125,3.84602606410744,2.1545786029137286
Jutland shelf,Wood_high,235,506.3259716847262,3.84602606410744,2.1545786029137286
Jutland shelf,Wood_high,236,508.48055028763997,3.84602606410744,2.1545786029137286
Jutland shelf,Wood_high,237,510.6351288905537,3.84602606410744,2.1545786029137286
Jutland shelf,Wood_high,238,512.7897074934674,3.84602606410744,2.1545786029137286
Jutland shelf,Wood_high,239,514.9442860963811,3.84602606410744,2.1545786029137286
Jutland shelf,Wood_high,240,517.0988646992948,3.84602606410744,2.1545786029137286
Jutland shelf,Wood_high,241,519.2534433022086,3.84602606410744,2.1545786029137286
Jutland shelf,Wood_high,242,521.4080219051223,3.84602606410744,2.1545786029137286
Jutland shelf,Wood_high,243,523.5626005080361,3.84602606410744,2.1545786029137286
Jutland shelf,Wood_high,244,525.7171791109498,3.84602606410744,2.1545786029137286
Jutland shelf,Wood_high,245,527.8717577138635,3.84602606410744,2.1545786029137286
Jutland shelf,Wood_high,246,530.0263363167772,3.84602606410744,2.1545786029137286
Jutland shelf,Wood_high,247,532.180914919691,3.84602606410744,2.1545786029137286
Jutland shelf,Wood_high,248,534.3354935226047,3.84602606410744,2.1545786029137286
Jutland shelf,Wood_high,249,536.4900721255184,3.84602606410744,2.1545786029137286
Jutland shelf,Wood_high,250,538.6446507284321,3.84602606410744,2.1545786029137286
Jutland shelf,Wood_high,251,540.7992293313458,3.84602606410744,2.1545786029137286
Jutland shelf,Wood_high,252,542.9538079342597,3.84602606410744,2.1545786029137286
Jutland shelf,Wood_high,253,545.1083865371734,3.84602606410744,2.1545786029137286
Jutland shelf,Wood_high,254,547.2629651400871,3.84602606410744,2.1545786029137286
Jutland shelf,Wood_high,255,549.4175437430008,3.84602606410744,2.1545786029137286
Jutland shelf,Wood_high,256,551.5721223459145,3.84602606410744,2.1545786029137286
Jutland shelf,Wood_high,257,553.7267009488282,3.84602606410744,2.1545786029137286
Jutland shelf,Wood_high,258,555.881279551742,3.84602606410744,2.1545786029137286
Jutland shelf,Wood_high,259,558.0358581546557,3.84602606410744,2.1545786029137286
Jutland shelf,Wood_high,260,560.1904367575694,3.84602606410744,2.1545786029137286
Jutland shelf,Wood_high,261,562.3450153604832,3.84602606410744,2.1545786029137286
Jutland shelf,Wood_high,262,564.4995939633969,3.84602606410744,2.1545786029137286
Jutland shelf,Wood_high,263,566.6541725663106,3.84602606410744,2.1545786029137286
Jutland shelf,Wood_high,264,568.8087511692244,3.84602606410744,2.1545786029137286
Jutland shelf,Wood_high,265,570.9633297721381,3.84602606410744,2.1545786029137286
Jutland shelf,Wood_high,266,573.1179083750518,3.84602606410744,2.1545786029137286
Jutland shelf,Wood_high,267,575.2724869779655,3.84602606410744,2.1545786029137286
Jutland shelf,Wood_high,268,577.4270655808792,3.84602606410744,2.1545786029137286
Jutland shelf,Wood_high,269,579.581644183793,3.84602606410744,2.1545786029137286
Jutland shelf,Wood_high,270,581.7362227867068,3.84602606410744,2.1545786029137286
Jutland shelf,Wood_high,271,583.8908013896205,3.84602606410744,2.1545786029137286
Jutland shelf,Wood_high,272,586.0453799925342,3.84602606410744,2.1545786029137286
Jutland shelf,Wood_high,273,588.1999585954479,3.84602606410744,2.1545786029137286
Jutland shelf,Wood_high,274,590.3545371983616,3.84602606410744,2.1545786029137286
Jutland shelf,Wood_high,275,592.5091158012754,3.84602606410744,2.1545786029137286
Jutland shelf,Wood_high,276,594.6636944041891,3.84602606410744,2.1545786029137286
Jutland shelf,Wood_high,277,596.8182730071028,3.84602606410744,2.1545786029137286
Jutland shelf,Wood_high,278,598.9728516100165,3.84602606410744,2.1545786029137286
Jutland shelf,Wood_high,279,601.1274302129303,3.84602606410744,2.1545786029137286
Jutland shelf,Wood_high,280,603.282008815844,3.84602606410744,2.1545786029137286
Jutland shelf,Wood_high,281,605.4365874187578,3.84602606410744,2.1545786029137286
Jutland shelf,Wood_high,282,607.5911660216715,3.84602606410744,2.1545786029137286
Jutland shelf,Wood_high,283,609.7457446245852,3.84602606410744,2.1545786029137286
Jutland shelf,Wood_high,284,611.9003232274989,3.84602606410744,2.1545786029137286
Jutland shelf,Wood_high,285,614.0549018304126,3.84602606410744,2.1545786029137286
Jutland shelf,Wood_high,286,616.2094804333263,3.84602606410744,2.1545786029137286
Jutland shelf,Wood_high,287,618.3640590362401,3.84602606410744,2.1545786029137286
Jutland shelf,Wood_high,288,620.5186376391539,3.84602606410744,2.1545786029137286
Jutland shelf,Wood_high,289,622.6732162420676,3.84602606410744,2.1545786029137286
Jutland shelf,Wood_high,290,624.8277948449813,3.84602606410744,2.1545786029137286
Jutland shelf,Wood_high,291,626.982373447895,3.84602606410744,2.1545786029137286
Jutland shelf,Wood_high,292,629.1369520508088,3.84602606410744,2.1545786029137286
Jutland shelf,Wood_high,293,631.2915306537225,3.84602606410744,2.1545786029137286
Jutland shelf,Wood_high,294,633.4461092566362,3.84602606410744,2.1545786029137286
Jutland shelf,Wood_high,295,635.6006878595499,3.84602606410744,2.1545786029137286
Jutland shelf,Wood_high,296,637.7552664624636,3.84602606410744,2.1545786029137286
Jutland shelf,Wood_high,297,639.9098450653773,3.84602606410744,2.1545786029137286
Jutland shelf,Wood_high,298,642.0644236682912,3.84602606410744,2.1545786029137286
Jutland shelf,Wood_high,299,644.2190022712049,3.84602606410744,2.1545786029137286
Jutland shelf,Wood_high,300,646.3735808741186,3.84602606410744,2.1545786029137286
Southern North Sea,Steel,0,0.0,1.25426090985969,0.793709734763133
Southern North Sea,Steel,1,0.793709734763133,1.2618903846803193,0.793709734763133
Southern North Sea,Steel,2,1.587419469526266,1.269689843245058,0.793709734763133
Southern North Sea,Steel,3,2.3811292042893992,1.2776606390512117,0.793709734763133
Southern North Sea,Steel,4,3.174838939052532,1.2858040732417217,0.793709734763133
Southern North Sea,Steel,5,3.968548673815665,1.2941308026156422,0.793709734763133
Southern North Sea,Steel,6,4.7622584085787985,1.3026855310820518,0.793709734763133
Southern North Sea,Steel,7,5.555968143341931,1.311417405872541,0.793709734763133
Southern North Sea,Steel,8,6.349677878105064,1.3203272923995053,0.793709734763133
Southern North Sea,Steel,9,7.143387612868197,1.3294159917309072,0.793709734763133
Southern North Sea,Steel,10,7.93709734763133,1.338703571148589,0.793709734763133
Southern North Sea,Steel,11,8.730807082394463,1.3482157292537031,0.793709734763133
Southern North Sea,Steel,12,9.524516817157597,1.3579089718339885,0.793709734763133
Southern North Sea,Steel,13,10.318226551920729,1.3677835815809725,0.793709734763133
Southern North Sea,Steel,14,11.111936286683862,1.377839768183275,0.793709734763133
Southern North Sea,Steel,15,11.905646021446994,1.3881068368184561,0.793709734763133
Southern North Sea,Steel,16,12.699355756210128,1.3985901026724532,0.793709734763133
Southern North Sea,Steel,17,13.493065490973262,1.4092546607566385,0.793709734763133
Southern North Sea,Steel,18,14.286775225736394,1.420100152531915,0.793709734763133
Southern North Sea,Steel,19,15.080484960499527,1.4311261427543576,0.793709734763133
Southern North Sea,Steel,20,15.87419469526266,1.4423703718723118,0.793709734763133
Southern North Sea,Steel,21,16.667904430025793,1.4538175960845867,0.793709734763133
Southern North Sea,Steel,22,17.461614164788926,1.465441944345995,0.793709734763133
Southern North Sea,Steel,23,18.25532389955206,1.4772420942542337,0.793709734763133
Southern North Sea,Steel,24,19.049033634315194,1.4892166165412466,0.793709734763133
Southern North Sea,Steel,25,19.842743369078324,1.5014092851065064,0.793709734763133
Southern North Sea,Steel,26,20.636453103841458,1.513785061688936,0.793709734763133
Southern North Sea,Steel,27,21.43016283860459,1.5263271329897996,0.793709734763133
Southern North Sea,Steel,28,22.223872573367725,1.5390328769539678,0.793709734763133
Southern North Sea,Steel,29,23.01758230813086,1.551899498450424,0.793709734763133
Southern North Sea,Steel,30,23.81129204289399,1.564972522424867,0.793709734763133
Southern North Sea,Steel,31,24.605001777657122,1.5782011372651494,0.793709734763133
Southern North Sea,Steel,32,25.398711512420256,1.5915771178434408,0.793709734763133
Southern North Sea,Steel,33,26.19242124718339,1.605096803173366,0.793709734763133
Southern North Sea,Steel,34,26.986130981946523,1.6187595765767626,0.793709734763133
Southern North Sea,Steel,35,27.779840716709653,1.6325997504176122,0.793709734763133
Southern North Sea,Steel,36,28.573550451472787,1.6465672931897455,0.793709734763133
Southern North Sea,Steel,37,29.36726018623592,1.6606579070487084,0.793709734763133
Southern North Sea,Steel,38,30.160969920999054,1.6748672375412406,0.793709734763133
Southern North Sea,Steel,39,30.954679655762188,1.6891991110185973,0.793709734763133
Southern North Sea,Steel,40,31.74838939052532,1.7036670339796385,0.793709734763133
Southern North Sea,Steel,41,32.54209912528845,1.7182351788235837,0.793709734763133
Southern North Sea,Steel,42,33.335808860051586,1.732898866655229,0.793709734763133
Southern North Sea,Steel,43,34.12951859481472,1.747653390717166,0.793709734763133
Southern North Sea,Steel,44,34.92322832957785,1.762504177810744,0.793709734763133
Southern North Sea,Steel,45,35.71693806434099,1.7774498685067093,0.793709734763133
Southern North Sea,Steel,46,36.51064779910412,1.7924668661212755,0.793709734763133
Southern North Sea,Steel,47,37.304357533867254,1.8075503424986419,0.793709734763133
Southern North Sea,Steel,48,38.09806726863039,1.8226954652335015,0.793709734763133
Southern North Sea,Steel,49,38.891777003393514,1.8379062394705026,0.793709734763133
Southern North Sea,Steel,50,39.68548673815665,1.8531730223229994,0.793709734763133
Southern North Sea,Steel,51,40.47919647291978,1.8684817512610667,0.793709734763133
Southern North Sea,Steel,52,41.272906207682915,1.8838276329942285,0.793709734763133
Southern North Sea,Steel,53,42.06661594244605,1.8992058874307125,0.793709734763133
Southern North Sea,Steel,54,42.86032567720918,1.9146161740590135,0.793709734763133
Southern North Sea,Steel,55,43.654035411972316,1.9300471890109125,0.793709734763133
Southern North Sea,Steel,56,44.44774514673545,1.9454913871247934,0.793709734763133
Southern North Sea,Steel,57,45.24145488149858,1.9609443022255535,0.793709734763133
Southern North Sea,Steel,58,46.03516461626172,1.976401588380288,0.793709734763133
Southern North Sea,Steel,59,46.828874351024844,1.99185690469526,0.793709734763133
Southern North Sea,Steel,60,47.62258408578798,2.007304407414896,0.793709734763133
Southern North Sea,Steel,61,48.41629382055111,2.022740522409074,0.793709734763133
Southern North Sea,Steel,62,49.210003555314245,2.0381616392731643,0.793709734763133
Southern North Sea,Steel,63,50.00371329007738,2.0535642036872774,0.793709734763133
Southern North Sea,Steel,64,50.79742302484051,2.068935002550547,0.793709734763133
Southern North Sea,Steel,65,51.591132759603646,2.0842770917923397,0.793709734763133
Southern North Sea,Steel,66,52.38484249436678,2.0995875173053844,0.793709734763133
Southern North Sea,Steel,67,53.17855222912991,2.1148632124646585,0.793709734763133
Southern North Sea,Steel,68,53.97226196389305,2.1300991400449036,0.793709734763133
Southern North Sea,Steel,69,54.76597169865618,2.1452796325747663,0.793709734763133
Southern North Sea,Steel,70,55.55968143341931,2.160413403498027,0.793709734763133
Southern North Sea,Steel,71,56.35339116818244,2.175497694127742,0.793709734763133
Southern North Sea,Steel,72,57.147100902945574,2.190529857164313,0.793709734763133
Southern North Sea,Steel,73,57.94081063770871,2.2055014818548493,0.793709734763133
Southern North Sea,Steel,74,58.73452037247184,2.2204000598882354,0.793709734763133
Southern North Sea,Steel,75,59.528230107234975,2.2352373039023394,0.793709734763133
Southern North Sea,Steel,76,60.32193984199811,2.2500111751227827,0.793709734763133
Southern North Sea,Steel,77,61.11564957676124,2.264719669882142,0.793709734763133
Southern North Sea,Steel,78,61.909359311524376,2.279349913228618,0.793709734763133
Southern North Sea,Steel,79,62.70306904628751,2.293895558778555,0.793709734763133
Southern North Sea,Steel,80,63.49677878105064,2.3083681734790273,0.793709734763133
Southern North Sea,Steel,81,64.29048851581378,2.3227660108452386,0.793709734763133
Southern North Sea,Steel,82,65.0841982505769,2.3370873575760265,0.793709734763133
Southern North Sea,Steel,83,65.87790798534004,2.3513136724420627,0.793709734763133
Southern North Sea,Steel,84,66.67161772010317,2.3654472707541654,0.793709734763133
Southern North Sea,Steel,85,67.46532745486631,2.379498068917951,0.793709734763133
Southern North Sea,Steel,86,68.25903718962944,2.3934647882921465,0.793709734763133
Southern North Sea,Steel,87,69.05274692439257,2.407346227068031,0.793709734763133
Southern North Sea,Steel,88,69.8464566591557,2.421118192862935,0.793709734763133
Southern North Sea,Steel,89,70.64016639391883,2.4347939111234846,0.793709734763133
Southern North Sea,Steel,90,71.43387612868197,2.448380266535472,0.793709734763133
Southern North Sea,Steel,91,72.2275858634451,2.4618763988817283,0.793709734763133
Southern North Sea,Steel,92,73.02129559820824,2.4752814914663404,0.793709734763133
Southern North Sea,Steel,93,73.81500533297137,2.488565415345215,0.793709734763133
Southern North Sea,Steel,94,74.60871506773451,2.5017527788648133,0.793709734763133
Southern North Sea,Steel,95,75.40242480249763,2.5148463178495275,0.793709734763133
Southern North Sea,Steel,96,76.19613453726078,2.5278454517084863,0.793709734763133
Southern North Sea,Steel,97,76.9898442720239,2.5407479692307224,0.793709734763133
Southern North Sea,Steel,98,77.78355400678703,2.5535227509426566,0.793709734763133
Southern North Sea,Steel,99,78.57726374155017,2.5662010625231333,0.793709734763133
Southern North Sea,Steel,100,79.3709734763133,2.5787824588149904,0.793709734763133
Southern North Sea,Steel,101,80.16468321107644,2.5912665088800937,0.793709734763133
Southern North Sea,Steel,102,80.95839294583956,2.603645827058166,0.793709734763133
Southern North Sea,Steel,103,81.7521026806027,2.6158991143290886,0.793709734763133
Southern North Sea,Steel,104,82.54581241536583,2.628053431252578,0.793709734763133
Southern North Sea,Steel,105,83.33952215012897,2.64010844289442,0.793709734763133
Southern North Sea,Steel,106,84.1332318848921,2.6520638337613,0.793709734763133
Southern North Sea,Steel,107,84.92694161965522,2.6639068276391726,0.793709734763133
Southern North Sea,Steel,108,85.72065135441837,2.675626714988907,0.793709734763133
Southern North Sea,Steel,109,86.51436108918149,2.687245971505126,0.793709734763133
Southern North Sea,Steel,110,87.30807082394463,2.698764415939568,0.793709734763133
Southern North Sea,Steel,111,88.10178055870776,2.7101818771908044,0.793709734763133
Southern North Sea,Steel,112,88.8954902934709,2.7214801455792386,0.793709734763133
Southern North Sea,Steel,113,89.68920002823403,2.732659298357275,0.793709734763133
Southern North Sea,Steel,114,90.48290976299717,2.743736663156614,0.793709734763133
Southern North Sea,Steel,115,91.2766194977603,2.7547120537663905,0.793709734763133
Southern North Sea,Steel,116,92.07032923252343,2.7655852972997947,0.793709734763133
Southern North Sea,Steel,117,92.86403896728656,2.776332500671522,0.793709734763133
Southern North Sea,Steel,118,93.65774870204969,2.7869648860538487,0.793709734763133
Southern North Sea,Steel,119,94.45145843681283,2.797494613219696,0.793709734763133
Southern North Sea,Steel,120,95.24516817157595,2.8079215983538734,0.793709734763133
Southern North Sea,Steel,121,96.0388779063391,2.818245765782059,0.793709734763133
Southern North Sea,Steel,122,96.83258764110222,2.8284376700289875,0.793709734763133
Southern North Sea,Steel,123,97.62629737586536,2.8385195478235015,0.793709734763133
Southern North Sea,Steel,124,98.42000711062849,2.8484979088962477,0.793709734763133
Southern North Sea,Steel,125,99.21371684539163,2.8583723997198516,0.793709734763133
Southern North Sea,Steel,126,100.00742658015476,2.8681426154061307,0.793709734763133
Southern North Sea,Steel,127,100.8011363149179,2.877772217840444,0.793709734763133
Southern North Sea,Steel,128,101.59484604968102,2.887294522390909,0.793709734763133
Southern North Sea,Steel,129,102.38855578444415,2.8967102697677647,0.793709734763133
Southern North Sea,Steel,130,103.18226551920729,2.9060188752026117,0.793709734763133
Southern North Sea,Steel,131,103.97597525397042,2.9152153128961062,0.793709734763133
Southern North Sea,Steel,132,104.76968498873356,2.92426929300057,0.793709734763133
Southern North Sea,Steel,133,105.56339472349669,2.933213634789972,0.793709734763133
Southern North Sea,Steel,134,106.35710445825983,2.9420477381910155,0.793709734763133
Southern North Sea,Steel,135,107.15081419302295,2.9507710122924466,0.793709734763133
Southern North Sea,Steel,136,107.9445239277861,2.9593722645575875,0.793709734763133
Southern North Sea,Steel,137,108.73823366254922,2.9678323158524003,0.793709734763133
Southern North Sea,Steel,138,109.53194339731236,2.976179257313347,0.793709734763133
Southern North Sea,Steel,139,110.32565313207549,2.9844125636014223,0.793709734763133
Southern North Sea,Steel,140,111.11936286683861,2.992531717546697,0.793709734763133
Southern North Sea,Steel,141,111.91307260160175,3.000519114643197,0.793709734763133
Southern North Sea,Steel,142,112.70678233636488,3.0083675126227964,0.793709734763133
Southern North Sea,Steel,143,113.50049207112802,3.0160997669283067,0.793709734763133
Southern North Sea,Steel,144,114.29420180589115,3.0237154185456148,0.793709734763133
Southern North Sea,Steel,145,115.08791154065429,3.0312140156860177,0.793709734763133
Southern North Sea,Steel,146,115.88162127541742,3.03857127645235,0.793709734763133
Southern North Sea,Steel,147,116.67533101018056,3.045792578369905,0.793709734763133
Southern North Sea,Steel,148,117.46904074494368,3.0528952164661707,0.793709734763133
Southern North Sea,Steel,149,118.26275047970682,3.059878883062793,0.793709734763133
Southern North Sea,Steel,150,119.05646021446995,3.0667432813361217,0.793709734763133
Southern North Sea,Steel,151,119.85016994923308,3.0734574888755737,0.793709734763133
Southern North Sea,Steel,152,120.64387968399622,3.0800400614295507,0.793709734763133
Southern North Sea,Steel,153,121.43758941875934,3.086502237602708,0.793709734763133
Southern North Sea,Steel,154,122.23129915352249,3.0928437584502544,0.793709734763133
Southern North Sea,Steel,155,123.02500888828561,3.0990643694776203,0.793709734763133
Southern North Sea,Steel,156,123.81871862304875,3.1051262820182286,0.793709734763133
Southern North Sea,Steel,157,124.61242835781188,3.111061376414721,0.793709734763133
Southern North Sea,Steel,158,125.40613809257502,3.1175218655978667,0.793709734763133
Southern North Sea,Steel,159,126.19984782733815,3.124502022335323,0.793709734763133
Southern North Sea,Steel,160,126.99355756210127,3.131430082554695,0.793709734763133
Southern North Sea,Steel,161,127.78726729686441,3.1382897669622927,0.793709734763133
Southern North Sea,Steel,162,128.58097703162755,3.1450989348361715,0.793709734763133
Southern North Sea,Steel,163,129.37468676639068,3.151857912323545,0.793709734763133
Southern North Sea,Steel,164,130.1683965011538,3.1585670240826205,0.793709734763133
Southern North Sea,Steel,165,130.96210623591693,3.165223431175199,0.793709734763133
Southern North Sea,Steel,166,131.7558159706801,3.17181676801532,0.793709734763133
Southern North Sea,Steel,167,132.54952570544322,3.1783615429890713,0.793709734763133
Southern North Sea,Steel,168,133.34323544020634,3.1848580697151014,0.793709734763133
Southern North Sea,Steel,169,134.13694517496947,3.1913066603788462,0.793709734763133
Southern North Sea,Steel,170,134.93065490973262,3.1977020660160966,0.793709734763133
Southern North Sea,Steel,171,135.72436464449575,3.204039396017912,0.793709734763133
Southern North Sea,Steel,172,136.51807437925888,3.2103300432010657,0.793709734763133
Southern North Sea,Steel,173,137.311784114022,3.216574309136691,0.793709734763133
Southern North Sea,Steel,174,138.10549384878513,3.222772494016425,0.793709734763133
Southern North Sea,Steel,175,138.89920358354829,3.228917132211788,0.793709734763133
Southern North Sea,Steel,176,139.6929133183114,3.2350083946737724,0.793709734763133
Southern North Sea,Steel,177,140.48662305307454,3.241054780670098,0.793709734763133
Southern North Sea,Steel,178,141.28033278783766,3.247056580186981,0.793709734763133
Southern North Sea,Steel,179,142.07404252260082,3.2530140818828475,0.793709734763133
Southern North Sea,Steel,180,142.86775225736395,3.2589177853683697,0.793709734763133
Southern North Sea,Steel,181,143.66146199212707,3.2647725337404117,0.793709734763133
Southern North Sea,Steel,182,144.4551717268902,3.2705841421168986,0.793709734763133
Southern North Sea,Steel,183,145.24888146165333,3.276352889343993,0.793709734763133
Southern North Sea,Steel,184,146.04259119641648,3.282079052989836,0.793709734763133
Southern North Sea,Steel,185,146.8363009311796,3.2877512689506156,0.793709734763133
Southern North Sea,Steel,186,147.63001066594273,3.2933786858113248,0.793709734763133
Southern North Sea,Steel,187,148.42372040070586,3.2989646319667947,0.793709734763133
Southern North Sea,Steel,188,149.21743013546902,3.304509375550895,0.793709734763133
Southern North Sea,Steel,189,150.01113987023214,3.310013183467376,0.793709734763133
Southern North Sea,Steel,190,150.80484960499527,3.3154629886590743,0.793709734763133
Southern North Sea,Steel,191,151.5985593397584,3.320871900111819,0.793709734763133
Southern North Sea,Steel,192,152.39226907452155,3.326240945568385,0.793709734763133
Southern North Sea,Steel,193,153.18597880928468,3.3315703828616985,0.793709734763133
Southern North Sea,Steel,194,153.9796885440478,3.3368591219686947,0.793709734763133
Southern North Sea,Steel,195,154.77339827881093,3.3420965839143184,0.793709734763133
Southern North Sea,Steel,196,155.56710801357406,3.347295473424482,0.793709734763133
Southern North Sea,Steel,197,156.3608177483372,3.3524560395643253,0.793709734763133
Southern North Sea,Steel,198,157.15452748310034,3.3575785302614016,0.793709734763133
Southern North Sea,Steel,199,157.94823721786346,3.3626598949418405,0.793709734763133
Southern North Sea,Steel,200,158.7419469526266,3.367693996560749,0.793709734763133
Southern North Sea,Steel,201,159.53565668738975,3.372691018255929,0.793709734763133
Southern North Sea,Steel,202,160.32936642215287,3.3776511995248972,0.793709734763133
Southern North Sea,Steel,203,161.123076156916,3.382574778770216,0.793709734763133
Southern North Sea,Steel,204,161.91678589167913,3.3874569002916575,0.793709734763133
Southern North Sea,Steel,205,162.71049562644225,3.3922955368982084,0.793709734763133
Southern North Sea,Steel,206,163.5042053612054,3.3970985283522097,0.793709734763133
Southern North Sea,Steel,207,164.29791509596853,3.4018661049509227,0.793709734763133
Southern North Sea,Steel,208,165.09162483073166,3.406598495937694,0.793709734763133
Southern North Sea,Steel,209,165.8853345654948,3.4112891867361492,0.793709734763133
Southern North Sea,Steel,210,166.67904430025794,3.4159399471453002,0.793709734763133
Southern North Sea,Steel,211,167.47275403502107,3.420556441665916,0.793709734763133
Southern North Sea,Steel,212,168.2664637697842,3.4251388917482792,0.793709734763133
Southern North Sea,Steel,213,169.06017350454732,3.4296875178282575,0.793709734763133
Southern North Sea,Steel,214,169.85388323931045,3.4341942840097515,0.793709734763133
Southern North Sea,Steel,215,170.6475929740736,3.4386644624343026,0.793709734763133
Southern North Sea,Steel,216,171.44130270883673,3.443101700874184,0.793709734763133
Southern North Sea,Steel,217,172.23501244359986,3.4475062122724145,0.793709734763133
Southern North Sea,Steel,218,173.02872217836298,3.4518782085956223,0.793709734763133
Southern North Sea,Steel,219,173.82243191312614,3.45620826194753,0.793709734763133
Southern North Sea,Steel,220,174.61614164788926,3.4605048694335845,0.793709734763133
Southern North Sea,Steel,221,175.4098513826524,3.464769811542674,0.793709734763133
Southern North Sea,Steel,222,176.20356111741552,3.469003293037234,0.793709734763133
Southern North Sea,Steel,223,176.99727085217867,3.473205373972619,0.793709734763133
Southern North Sea,Steel,224,177.7909805869418,3.477365787271389,0.793709734763133
Southern North Sea,Steel,225,178.58469032170493,3.4814955626899904,0.793709734763133
Southern North Sea,Steel,226,179.37840005646805,3.4855948980273452,0.793709734763133
Southern North Sea,Steel,227,180.17210979123118,3.4896639901794355,0.793709734763133
Southern North Sea,Steel,228,180.96581952599433,3.4937013051646115,0.793709734763133
Southern North Sea,Steel,229,181.75952926075746,3.4977001781675585,0.793709734763133
Southern North Sea,Steel,230,182.5532389955206,3.5016695987797015,0.793709734763133
Southern North Sea,Steel,231,183.3469487302837,3.505609757201753,0.793709734763133
Southern North Sea,Steel,232,184.14065846504687,3.509520842765329,0.793709734763133
Southern North Sea,Steel,233,184.93436819981,3.5133998523656214,0.793709734763133
Southern North Sea,Steel,234,185.72807793457312,3.5172434567412894,0.793709734763133
Southern North Sea,Steel,235,186.52178766933625,3.5210587483528712,0.793709734763133
Southern North Sea,Steel,236,187.31549740409937,3.5248459100946277,0.793709734763133
Southern North Sea,Steel,237,188.10920713886253,3.5286051240242897,0.793709734763133
Southern North Sea,Steel,238,188.90291687362566,3.53233203548262,0.793709734763133
Southern North Sea,Steel,239,189.69662660838878,3.5360263994313152,0.793709734763133
Southern North Sea,Steel,240,190.4903363431519,3.539693546153952,0.793709734763133
Southern North Sea,Steel,241,191.28404607791506,3.543333651518886,0.793709734763133
Southern North Sea,Steel,242,192.0777558126782,3.5469468905892962,0.793709734763133
Southern North Sea,Steel,243,192.87146554744132,3.5505276677591127,0.793709734763133
Southern North Sea,Steel,244,193.66517528220444,3.554078585463484,0.793709734763133
Southern North Sea,Steel,245,194.4588850169676,3.557603339096466,0.793709734763133
Southern North Sea,Steel,246,195.25259475173073,3.561102097770299,0.793709734763133
Southern North Sea,Steel,247,196.04630448649385,3.5645750298222327,0.793709734763133
Southern North Sea,Steel,248,196.84001422125698,3.5680154027109525,0.793709734763133
Southern North Sea,Steel,249,197.6337239560201,3.5714284434197126,0.793709734763133
Southern North Sea,Steel,250,198.42743369078326,3.5748163324678077,0.793709734763133
Southern North Sea,Steel,251,199.2211434255464,3.5781792324707933,0.793709734763133
Southern North Sea,Steel,252,200.0148531603095,3.581517305298281,0.793709734763133
Southern North Sea,Steel,253,200.80856289507264,3.5848227792365086,0.793709734763133
Southern North Sea,Steel,254,201.6022726298358,3.5881032959956864,0.793709734763133
Southern North Sea,Steel,255,202.39598236459892,3.591359634336958,0.793709734763133
Southern North Sea,Steel,256,203.18969209936205,3.594591950628667,0.793709734763133
Southern North Sea,Steel,257,203.98340183412517,3.5977997330482867,0.793709734763133
Southern North Sea,Steel,258,204.7771115688883,3.6009762649724197,0.793709734763133
Southern North Sea,Steel,259,205.57082130365146,3.6041294030176414,0.793709734763133
Southern North Sea,Steel,260,206.36453103841458,3.6072592982348053,0.793709734763133
Southern North Sea,Steel,261,207.1582407731777,3.610366100984934,0.793709734763133
Southern North Sea,Steel,262,207.95195050794084,3.6134481044567996,0.793709734763133
Southern North Sea,Steel,263,208.745660242704,3.6165012979629285,0.793709734763133
Southern North Sea,Steel,264,209.53936997746712,3.619532002786006,0.793709734763133
Southern North Sea,Steel,265,210.33307971223024,3.6225403641744163,0.793709734763133
Southern North Sea,Steel,266,211.12678944699337,3.625526526712558,0.793709734763133
Southern North Sea,Steel,267,211.9204991817565,3.6284876830997526,0.793709734763133
Southern North Sea,Steel,268,212.71420891651965,3.631422326708518,0.793709734763133
Southern North Sea,Steel,269,213.50791865128278,3.6343353518109693,0.793709734763133
Southern North Sea,Steel,270,214.3016283860459,3.637226898075806,0.793709734763133
Southern North Sea,Steel,271,215.09533812080903,3.6400971045326314,0.793709734763133
Southern North Sea,Steel,272,215.8890478555722,3.642942152317132,0.793709734763133
Southern North Sea,Steel,273,216.6827575903353,3.6457628486569,0.793709734763133
Southern North Sea,Steel,274,217.47646732509844,3.648562763002482,0.793709734763133
Southern North Sea,Steel,275,218.27017705986157,3.6513420296571537,0.793709734763133
Southern North Sea,Steel,276,219.06388679462472,3.6541007823090466,0.793709734763133
Southern North Sea,Steel,277,219.85759652938785,3.656834274174277,0.793709734763133
Southern North Sea,Steel,278,220.65130626415097,3.659545447196815,0.793709734763133
Southern North Sea,Steel,279,221.4450159989141,3.662236642374843,0.793709734763133
Southern North Sea,Steel,280,222.23872573367723,3.6649079888522302,0.793709734763133
Southern North Sea,Steel,281,223.03243546844038,3.667559615180764,0.793709734763133
Southern North Sea,Steel,282,223.8261452032035,3.670185925296885,0.793709734763133
Southern North Sea,Steel,283,224.61985493796664,3.6727918272129942,0.793709734763133
Southern North Sea,Steel,284,225.41356467272976,3.6753785243235977,0.793709734763133
Southern North Sea,Steel,285,226.20727440749292,3.677946140811283,0.793709734763133
Southern North Sea,Steel,286,227.00098414225604,3.6804948002887556,0.793709734763133
Southern North Sea,Steel,287,227.79469387701917,3.6830181313122705,0.793709734763133
Southern North Sea,Steel,288,228.5884036117823,3.685522849258204,0.793709734763133
Southern North Sea,Steel,289,229.38211334654542,3.688009105530355,0.793709734763133
Southern North Sea,Steel,290,230.17582308130858,3.690477019540548,0.793709734763133
Southern North Sea,Steel,291,230.9695328160717,3.6929257748619704,0.793709734763133
Southern North Sea,Steel,292,231.76324255083483,3.6953510999509436,0.793709734763133
Southern North Sea,Steel,293,232.55695228559796,3.6977585623961278,0.793709734763133
Southern North Sea,Steel,294,233.3506620203611,3.7001482775487995,0.793709734763133
Southern North Sea,Steel,295,234.14437175512424,3.7025203602332146,0.793709734763133
Southern North Sea,Steel,296,234.93808148988737,3.704873098485112,0.793709734763133
Southern North Sea,Steel,297,235.7317912246505,3.707204252860823,0.793709734763133
Southern North Sea,Steel,298,236.52550095941365,3.709518235766812,0.793709734763133
Southern North Sea,Steel,299,237.31921069417677,3.711815158123216,0.793709734763133
Southern North Sea,Steel,300,238.1129204289399,3.7140951303428995,0.793709734763133
Southern North Sea,Wood_none,0,0.0,1.25426090985969,1.3265641296091482
Southern North Sea,Wood_none,1,1.3265641296091482,1.2671069063365492,1.3265641296091482
Southern North Sea,Wood_none,2,2.6531282592182963,1.2804335940935345,1.3265641296091482
Southern North Sea,Wood_none,3,3.9796923888274445,1.2942477102143009,1.3265641296091482
Southern North Sea,Wood_none,4,5.306256518436593,1.3086476754823944,1.3265641296091482
Southern North Sea,Wood_none,5,6.63282064804574,1.323553892053936,1.3265641296091482
Southern North Sea,Wood_none,6,7.959384777654889,1.338964367088583,1.3265641296091482
Southern North Sea,Wood_none,7,9.285948907264038,1.3549704901706332,1.3265641296091482
Southern North Sea,Wood_none,8,10.612513036873185,1.3714993109760425,1.3265641296091482
Southern North Sea,Wood_none,9,11.939077166482333,1.3885392869265967,1.3265641296091482
Southern North Sea,Wood_none,10,13.26564129609148,1.4061723328439821,1.3265641296091482
Southern North Sea,Wood_none,11,14.59220542570063,1.4243336251309784,1.3265641296091482
Southern North Sea,Wood_none,12,15.918769555309778,1.4430018494986006,1.3265641296091482
Southern North Sea,Wood_none,13,17.245333684918926,1.4622471615341799,1.3265641296091482
Southern North Sea,Wood_none,14,18.571897814528075,1.4820124453995684,1.3265641296091482
Southern North Sea,Wood_none,15,19.89846194413722,1.5022652127698157,1.3265641296091482
Southern North Sea,Wood_none,16,21.22502607374637,1.5230591542302374,1.3265641296091482
Southern North Sea,Wood_none,17,22.55159020335552,1.5443434913632175,1.3265641296091482
Southern North Sea,Wood_none,18,23.878154332964666,1.5660737969623917,1.3265641296091482
Southern North Sea,Wood_none,19,25.204718462573815,1.5882839215098603,1.3265641296091482
Southern North Sea,Wood_none,20,26.53128259218296,1.6109299000463444,1.3265641296091482
Southern North Sea,Wood_none,21,27.85784672179211,1.6339602764762724,1.3265641296091482
Southern North Sea,Wood_none,22,29.18441085140126,1.6573916421070554,1.3265641296091482
Southern North Sea,Wood_none,23,30.510974981010406,1.6811872157610042,1.3265641296091482
Southern North Sea,Wood_none,24,31.837539110619556,1.705293000891724,1.3265641296091482
Southern North Sea,Wood_none,25,33.164103240228705,1.7297110368739748,1.3265641296091482
Southern North Sea,Wood_none,26,34.49066736983785,1.7544107017744326,1.3265641296091482
Southern North Sea,Wood_none,27,35.817231499447,1.7793396952654932,1.3265641296091482
Southern North Sea,Wood_none,28,37.14379562905615,1.8044884627878437,1.3265641296091482
Southern North Sea,Wood_none,29,38.470359758665296,1.8298301352117423,1.3265641296091482
Southern North Sea,Wood_none,30,39.79692388827444,1.8553177259616194,1.3265641296091482
Southern North Sea,Wood_none,31,41.123488017883595,1.8809331838887136,1.3265641296091482
Southern North Sea,Wood_none,32,42.45005214749274,1.906650500448091,1.3265641296091482
Southern North Sea,Wood_none,33,43.77661627710189,1.9324310451080817,1.3265641296091482
Southern North Sea,Wood_none,34,45.10318040671104,1.9582514276670184,1.3265641296091482
Southern North Sea,Wood_none,35,46.429744536320186,1.9840849481892238,1.3265641296091482
Southern North Sea,Wood_none,36,47.75630866592933,2.009906647917163,1.3265641296091482
Southern North Sea,Wood_none,37,49.082872795538485,2.0356945425340855,1.3265641296091482
Southern North Sea,Wood_none,38,50.40943692514763,2.0614213536195516,1.3265641296091482
Southern North Sea,Wood_none,39,51.73600105475678,2.087075541800731,1.3265641296091482
Southern North Sea,Wood_none,40,53.06256518436592,2.1126367433451914,1.3265641296091482
Southern North Sea,Wood_none,41,54.389129313975076,2.1380730981729243,1.3265641296091482
Southern North Sea,Wood_none,42,55.71569344358422,2.1633844305121714,1.3265641296091482
Southern North Sea,Wood_none,43,57.04225757319337,2.188552213555312,1.3265641296091482
Southern North Sea,Wood_none,44,58.36882170280252,2.213538310148729,1.3265641296091482
Southern North Sea,Wood_none,45,59.69538583241167,2.2383561671680394,1.3265641296091482
Southern North Sea,Wood_none,46,61.02194996202081,2.2629925294615543,1.3265641296091482
Southern North Sea,Wood_none,47,62.348514091629966,2.2874028026371054,1.3265641296091482
Southern North Sea,Wood_none,48,63.67507822123911,2.311610969022416,1.3265641296091482
Southern North Sea,Wood_none,49,65.00164235084826,2.3356076400267147,1.3265641296091482
Southern North Sea,Wood_none,50,66.32820648045741,2.3593394353667123,1.3265641296091482
Southern North Sea,Wood_none,51,67.65477061006655,2.382840614889362,1.3265641296091482
Southern North Sea,Wood_none,52,68.9813347396757,2.4061043688380566,1.3265641296091482
Southern North Sea,Wood_none,53,70.30789886928486,2.4290785639410775,1.3265641296091482
Southern North Sea,Wood_none,54,71.634462998894,2.4517999282254577,1.3265641296091482
Southern North Sea,Wood_none,55,72.96102712850315,2.474266694475149,1.3265641296091482
Southern North Sea,Wood_none,56,74.2875912581123,2.496429229670604,1.3265641296091482
Southern North Sea,Wood_none,57,75.61415538772144,2.5183224355285767,1.3265641296091482
Southern North Sea,Wood_none,58,76.94071951733059,2.539949398946845,1.3265641296091482
Southern North Sea,Wood_none,59,78.26728364693975,2.561263483971743,1.3265641296091482
Southern North Sea,Wood_none,60,79.59384777654888,2.582295689028521,1.3265641296091482
Southern North Sea,Wood_none,61,80.92041190615804,2.6030534450394525,1.3265641296091482
Southern North Sea,Wood_none,62,82.24697603576719,2.6234929913412937,1.3265641296091482
Southern North Sea,Wood_none,63,83.57354016537633,2.6436400647911324,1.3265641296091482
Southern North Sea,Wood_none,64,84.90010429498548,2.663506386195857,1.3265641296091482
Southern North Sea,Wood_none,65,86.22666842459464,2.68305174078054,1.3265641296091482
Southern North Sea,Wood_none,66,87.55323255420377,2.7022964665440754,1.3265641296091482
Southern North Sea,Wood_none,67,88.87979668381293,2.7212567507963183,1.3265641296091482
Southern North Sea,Wood_none,68,90.20636081342208,2.739895798569588,1.3265641296091482
Southern North Sea,Wood_none,69,91.53292494303122,2.7582272082003323,1.3265641296091482
Southern North Sea,Wood_none,70,92.85948907264037,2.7762708929565845,1.3265641296091482
Southern North Sea,Wood_none,71,94.18605320224952,2.793993629624376,1.3265641296091482
Southern North Sea,Wood_none,72,95.51261733185866,2.811402734748231,1.3265641296091482
Southern North Sea,Wood_none,73,96.83918146146782,2.828522340258977,1.3265641296091482
Southern North Sea,Wood_none,74,98.16574559107697,2.845322505956098,1.3265641296091482
Southern North Sea,Wood_none,75,99.49230972068611,2.8618022209313536,1.3265641296091482
Southern North Sea,Wood_none,76,100.81887385029526,2.877987416679979,1.3265641296091482
Southern North Sea,Wood_none,77,102.14543797990441,2.8938487493289147,1.3265641296091482
Southern North Sea,Wood_none,78,103.47200210951355,2.9093759519569646,1.3265641296091482
Southern North Sea,Wood_none,79,104.7985662391227,2.9245985844664797,1.3265641296091482
Southern North Sea,Wood_none,80,106.12513036873185,2.9394898588518563,1.3265641296091482
Southern North Sea,Wood_none,81,107.451694498341,2.954031583877127,1.3265641296091482
Southern North Sea,Wood_none,82,108.77825862795015,2.9682584017970077,1.3265641296091482
Southern North Sea,Wood_none,83,110.10482275755929,2.98214711837084,1.3265641296091482
Southern North Sea,Wood_none,84,111.43138688716844,2.995671731641099,1.3265641296091482
Southern North Sea,Wood_none,85,112.7579510167776,3.0088723790667475,1.3265641296091482
Southern North Sea,Wood_none,86,114.08451514638674,3.021729746570456,1.3265641296091482
Southern North Sea,Wood_none,87,115.41107927599589,3.03420960613431,1.3265641296091482
Southern North Sea,Wood_none,88,116.73764340560504,3.0463576357937963,1.3265641296091482
Southern North Sea,Wood_none,89,118.06420753521418,3.0581589073399944,1.3265641296091482
Southern North Sea,Wood_none,90,119.39077166482333,3.0695713132502793,1.3265641296091482
Southern North Sea,Wood_none,91,120.71733579443249,3.0806464293480706,1.3265641296091482
Southern North Sea,Wood_none,92,122.04389992404163,3.0913738189727877,1.3265641296091482
Southern North Sea,Wood_none,93,123.37046405365078,3.101702763474098,1.3265641296091482
Southern North Sea,Wood_none,94,124.69702818325993,3.1116899842800056,1.3265641296091482
Southern North Sea,Wood_none,95,126.02359231286907,3.122963539481005,1.3265641296091482
Southern North Sea,Wood_none,96,127.35015644247822,3.1345123181037913,1.3265641296091482
Southern North Sea,Wood_none,97,128.67672057208736,3.1459181038957795,1.3265641296091482
Southern North Sea,Wood_none,98,130.00328470169651,3.157182322213865,1.3265641296091482
Southern North Sea,Wood_none,99,131.32984883130567,3.168279961350295,1.3265641296091482
Southern North Sea,Wood_none,100,132.65641296091482,3.1792401976234657,1.3265641296091482
Southern North Sea,Wood_none,101,133.98297709052397,3.190064666665317,1.3265641296091482
Southern North Sea,Wood_none,102,135.3095412201331,3.200730167822676,1.3265641296091482
Southern North Sea,Wood_none,103,136.63610534974225,3.2112622590384645,1.3265641296091482
Southern North Sea,Wood_none,104,137.9626694793514,3.2216638904930006,1.3265641296091482
Southern North Sea,Wood_none,105,139.28923360896056,3.231914335716812,1.3265641296091482
Southern North Sea,Wood_none,106,140.6157977385697,3.2420350064774284,1.3265641296091482
Southern North Sea,Wood_none,107,141.94236186817886,3.252030317466888,1.3265641296091482
Southern North Sea,Wood_none,108,143.268925997788,3.26188185804143,1.3265641296091482
Southern North Sea,Wood_none,109,144.59549012739714,3.2716071796463675,1.3265641296091482
Southern North Sea,Wood_none,110,145.9220542570063,3.2812120421010356,1.3265641296091482
Southern North Sea,Wood_none,111,147.24861838661545,3.2906802008439913,1.3265641296091482
Southern North Sea,Wood_none,112,148.5751825162246,3.300025616809241,1.3265641296091482
Southern North Sea,Wood_none,113,149.90174664583375,3.309255282669563,1.3265641296091482
Southern North Sea,Wood_none,114,151.22831077544288,3.3183549783849973,1.3265641296091482
Southern North Sea,Wood_none,115,152.55487490505203,3.3273353289654093,1.3265641296091482
Southern North Sea,Wood_none,116,153.88143903466118,3.3362044543997107,1.3265641296091482
Southern North Sea,Wood_none,117,155.20800316427034,3.344950025379701,1.3265641296091482
Southern North Sea,Wood_none,118,156.5345672938795,3.353579571133485,1.3265641296091482
Southern North Sea,Wood_none,119,157.86113142348864,3.3621022398097287,1.3265641296091482
Southern North Sea,Wood_none,120,159.18769555309777,3.370507466421522,1.3265641296091482
Southern North Sea,Wood_none,121,160.51425968270692,3.3787999108542968,1.3265641296091482
Southern North Sea,Wood_none,122,161.84082381231607,3.3869896563027924,1.3265641296091482
Southern North Sea,Wood_none,123,163.16738794192523,3.395067782697267,1.3265641296091482
Southern North Sea,Wood_none,124,164.49395207153438,3.4030362940215917,1.3265641296091482
Southern North Sea,Wood_none,125,165.82051620114353,3.41090612112423,1.3265641296091482
Southern North Sea,Wood_none,126,167.14708033075266,3.4186698760996923,1.3265641296091482
Southern North Sea,Wood_none,127,168.4736444603618,3.4263271081446516,1.3265641296091482
Southern North Sea,Wood_none,128,169.80020858997096,3.4338895137847536,1.3265641296091482
Southern North Sea,Wood_none,129,171.12677271958012,3.4413511308390223,1.3265641296091482
Southern North Sea,Wood_none,130,172.45333684918927,3.4487092431430413,1.3265641296091482
Southern North Sea,Wood_none,131,173.7799009787984,3.45597623604854,1.3265641296091482
Southern North Sea,Wood_none,132,175.10646510840755,3.4631474726508285,1.3265641296091482
Southern North Sea,Wood_none,133,176.4330292380167,3.4702181497696447,1.3265641296091482
Southern North Sea,Wood_none,134,177.75959336762585,3.4772012695812577,1.3265641296091482
Southern North Sea,Wood_none,135,179.086157497235,3.4840934256942715,1.3265641296091482
Southern North Sea,Wood_none,136,180.41272162684416,3.490887895754716,1.3265641296091482
Southern North Sea,Wood_none,137,181.73928575645328,3.4975982313492375,1.3265641296091482
Southern North Sea,Wood_none,138,183.06584988606244,3.5042221672306044,1.3265641296091482
Southern North Sea,Wood_none,139,184.3924140156716,3.5107512197596233,1.3265641296091482
Southern North Sea,Wood_none,140,185.71897814528074,3.5171994268575233,1.3265641296091482
Southern North Sea,Wood_none,141,187.0455422748899,3.523565580168627,1.3265641296091482
Southern North Sea,Wood_none,142,188.37210640449905,3.5298395832259017,1.3265641296091482
Southern North Sea,Wood_none,143,189.69867053410817,3.5360359013111102,1.3265641296091482
Southern North Sea,Wood_none,144,191.02523466371733,3.5421543035602725,1.3265641296091482
Southern North Sea,Wood_none,145,192.35179879332648,3.5481832202015906,1.3265641296091482
Southern North Sea,Wood_none,146,193.67836292293563,3.5541374887804364,1.3265641296091482
Southern North Sea,Wood_none,147,195.0049270525448,3.5600177811263145,1.3265641296091482
Southern North Sea,Wood_none,148,196.33149118215394,3.5658111852238865,1.3265641296091482
Southern North Sea,Wood_none,149,197.65805531176306,3.5715328594488702,1.3265641296091482
Southern North Sea,Wood_none,150,198.98461944137222,3.577183657668926,1.3265641296091482
Southern North Sea,Wood_none,151,200.31118357098137,3.582751399333769,1.3265641296091482
Southern North Sea,Wood_none,152,201.63774770059052,3.588249565017137,1.3265641296091482
Southern North Sea,Wood_none,153,202.96431183019968,3.5936796254102763,1.3265641296091482
Southern North Sea,Wood_none,154,204.29087595980883,3.5990306942956747,1.3265641296091482
Southern North Sea,Wood_none,155,205.61744008941795,3.604314082336471,1.3265641296091482
Southern North Sea,Wood_none,156,206.9440042190271,3.609532027488785,1.3265641296091482
Southern North Sea,Wood_none,157,208.27056834863626,3.614674855092039,1.3265641296091482
Southern North Sea,Wood_none,158,209.5971324782454,3.619751855339657,1.3265641296091482
Southern North Sea,Wood_none,159,210.92369660785457,3.6247659710217217,1.3265641296091482
Southern North Sea,Wood_none,160,212.2502607374637,3.6297086607601416,1.3265641296091482
Southern North Sea,Wood_none,161,213.57682486707284,3.634587335336356,1.3265641296091482
Southern North Sea,Wood_none,162,214.903388996682,3.6394055836597285,1.3265641296091482
Southern North Sea,Wood_none,163,216.22995312629115,3.6441559236358887,1.3265641296091482
Southern North Sea,Wood_none,164,217.5565172559003,3.6488440197364755,1.3265641296091482
Southern North Sea,Wood_none,165,218.88308138550946,3.6534740517963176,1.3265641296091482
Southern North Sea,Wood_none,166,220.20964551511858,3.6580395270666135,1.3265641296091482
Southern North Sea,Wood_none,167,221.53620964472773,3.6625444892629613,1.3265641296091482
Southern North Sea,Wood_none,168,222.8627737743369,3.6669936572867603,1.3265641296091482
Southern North Sea,Wood_none,169,224.18933790394604,3.6713814616526954,1.3265641296091482
Southern North Sea,Wood_none,170,225.5159020335552,3.6757104437128763,1.3265641296091482
Southern North Sea,Wood_none,171,226.84246616316435,3.679985812734708,1.3265641296091482
Southern North Sea,Wood_none,172,228.16903029277347,3.684202860075395,1.3265641296091482
Southern North Sea,Wood_none,173,229.49559442238262,3.688362736323488,1.3265641296091482
Southern North Sea,Wood_none,174,230.82215855199178,3.692471095402213,1.3265641296091482
Southern North Sea,Wood_none,175,232.14872268160093,3.6965240305659353,1.3265641296091482
Southern North Sea,Wood_none,176,233.47528681121008,3.7005214067976744,1.3265641296091482
Southern North Sea,Wood_none,177,234.80185094081924,3.704469279796955,1.3265641296091482
Southern North Sea,Wood_none,178,236.12841507042836,3.7083644890690315,1.3265641296091482
Southern North Sea,Wood_none,179,237.4549792000375,3.7122057130410058,1.3265641296091482
Southern North Sea,Wood_none,180,238.78154332964667,3.7159993689882587,1.3265641296091482
Southern North Sea,Wood_none,181,240.10810745925582,3.719742990151581,1.3265641296091482
Southern North Sea,Wood_none,182,241.43467158886497,3.723434161660795,1.3265641296091482
Southern North Sea,Wood_none,183,242.76123571847413,3.727079624701489,1.3265641296091482
Southern North Sea,Wood_none,184,244.08779984808325,3.73067755670565,1.3265641296091482
Southern North Sea,Wood_none,185,245.4143639776924,3.7342245372753027,1.3265641296091482
Southern North Sea,Wood_none,186,246.74092810730156,3.7377275962384635,1.3265641296091482
Southern North Sea,Wood_none,187,248.0674922369107,3.741185508492698,1.3265641296091482
Southern North Sea,Wood_none,188,249.39405636651986,3.744593930679619,1.3265641296091482
Southern North Sea,Wood_none,189,250.72062049612902,3.747960148269678,1.3265641296091482
Southern North Sea,Wood_none,190,252.04718462573814,3.7512834895742184,1.3265641296091482
Southern North Sea,Wood_none,191,253.3737487553473,3.7545587659127824,1.3265641296091482
Southern North Sea,Wood_none,192,254.70031288495645,3.757793487542365,1.3265641296091482
Southern North Sea,Wood_none,193,256.02687701456557,3.760987494672306,1.3265641296091482
Southern North Sea,Wood_none,194,257.3534411441747,3.7641348262689807,1.3265641296091482
Southern North Sea,Wood_none,195,258.6800052737839,3.7672431885467046,1.3265641296091482
Southern North Sea,Wood_none,196,260.00656940339303,3.7703128945019175,1.3265641296091482
Southern North Sea,Wood_none,197,261.3331335330022,3.7733372792940356,1.3265641296091482
Southern North Sea,Wood_none,198,262.65969766261134,3.7763242181807466,1.3265641296091482
Southern North Sea,Wood_none,199,263.9862617922205,3.779274156916353,1.3265641296091482
Southern North Sea,Wood_none,200,265.31282592182964,3.782180700806783,1.3265641296091482
Southern North Sea,Wood_none,201,266.6393900514388,3.7850509594532205,1.3265641296091482
Southern North Sea,Wood_none,202,267.96595418104795,3.7878856643740235,1.3265641296091482
Southern North Sea,Wood_none,203,269.2925183106571,3.7906790979833396,1.3265641296091482
Southern North Sea,Wood_none,204,270.6190824402662,3.7934372342616145,1.3265641296091482
Southern North Sea,Wood_none,205,271.94564656987535,3.7961612066959916,1.3265641296091482
Southern North Sea,Wood_none,206,273.2722106994845,3.798845931540844,1.3265641296091482
Southern North Sea,Wood_none,207,274.59877482909366,3.8014963252817897,1.3265641296091482
Southern North Sea,Wood_none,208,275.9253389587028,3.8041138907271916,1.3265641296091482
Southern North Sea,Wood_none,209,277.25190308831196,3.8066941370558194,1.3265641296091482
Southern North Sea,Wood_none,210,278.5784672179211,3.8092409970035637,1.3265641296091482
Southern North Sea,Wood_none,211,279.90503134753027,3.8117563119947517,1.3265641296091482
Southern North Sea,Wood_none,212,281.2315954771394,3.8142361454508245,1.3265641296091482
Southern North Sea,Wood_none,213,282.5581596067486,3.816683515945794,1.3265641296091482
Southern North Sea,Wood_none,214,283.8847237363577,3.8191005746547586,1.3265641296091482
Southern North Sea,Wood_none,215,285.2112878659669,3.8214839026820053,1.3265641296091482
Southern North Sea,Wood_none,216,286.537851995576,3.8238356700827976,1.3265641296091482
Southern North Sea,Wood_none,217,287.86441612518513,3.8261583106608823,1.3265641296091482
Southern North Sea,Wood_none,218,289.1909802547943,3.828448888658492,1.3265641296091482
Southern North Sea,Wood_none,219,290.51754438440344,3.8307087875129713,1.3265641296091482
Southern North Sea,Wood_none,220,291.8441085140126,3.832940698185292,1.3265641296091482
Southern North Sea,Wood_none,221,293.17067264362174,3.8351421354238577,1.3265641296091482
Southern North Sea,Wood_none,222,294.4972367732309,3.8373137543991604,1.3265641296091482
Southern North Sea,Wood_none,223,295.82380090284005,3.8394584793209456,1.3265641296091482
Southern North Sea,Wood_none,224,297.1503650324492,3.8415742446282217,1.3265641296091482
Southern North Sea,Wood_none,225,298.47692916205835,3.843661032209132,1.3265641296091482
Southern North Sea,Wood_none,226,299.8034932916675,3.8457219770933104,1.3265641296091482
Southern North Sea,Wood_none,227,301.1300574212766,3.84602606410744,1.3265641296091482
Southern North Sea,Wood_none,228,302.45662155088576,3.84602606410744,1.3265641296091482
Southern North Sea,Wood_none,229,303.7831856804949,3.84602606410744,1.3265641296091482
Southern North Sea,Wood_none,230,305.10974981010406,3.84602606410744,1.3265641296091482
Southern North Sea,Wood_none,231,306.4363139397132,3.84602606410744,1.3265641296091482
Southern North Sea,Wood_none,232,307.76287806932237,3.84602606410744,1.3265641296091482
Southern North Sea,Wood_none,233,309.0894421989315,3.84602606410744,1.3265641296091482
Southern North Sea,Wood_none,234,310.4160063285407,3.84602606410744,1.3265641296091482
Southern North Sea,Wood_none,235,311.7425704581498,3.84602606410744,1.3265641296091482
Southern North Sea,Wood_none,236,313.069134587759,3.84602606410744,1.3265641296091482
Southern North Sea,Wood_none,237,314.39569871736813,3.84602606410744,1.3265641296091482
Southern North Sea,Wood_none,238,315.7222628469773,3.84602606410744,1.3265641296091482
Southern North Sea,Wood_none,239,317.0488269765864,3.84602606410744,1.3265641296091482
Southern North Sea,Wood_none,240,318.37539110619554,3.84602606410744,1.3265641296091482
Southern North Sea,Wood_none,241,319.7019552358047,3.84602606410744,1.3265641296091482
Southern North Sea,Wood_none,242,321.02851936541384,3.84602606410744,1.3265641296091482
Southern North Sea,Wood_none,243,322.355083495023,3.84602606410744,1.3265641296091482
Southern North Sea,Wood_none,244,323.68164762463215,3.84602606410744,1.3265641296091482
Southern North Sea,Wood_none,245,325.0082117542413,3.84602606410744,1.3265641296091482
Southern North Sea,Wood_none,246,326.33477588385045,3.84602606410744,1.3265641296091482
Southern North Sea,Wood_none,247,327.6613400134596,3.84602606410744,1.3265641296091482
Southern North Sea,Wood_none,248,328.98790414306876,3.84602606410744,1.3265641296091482
Southern North Sea,Wood_none,249,330.3144682726779,3.84602606410744,1.3265641296091482
Southern North Sea,Wood_none,250,331.64103240228707,3.84602606410744,1.3265641296091482
Southern North Sea,Wood_none,251,332.96759653189616,3.84602606410744,1.3265641296091482
Southern North Sea,Wood_none,252,334.2941606615053,3.84602606410744,1.3265641296091482
Southern North Sea,Wood_none,253,335.62072479111447,3.84602606410744,1.3265641296091482
Southern North Sea,Wood_none,254,336.9472889207236,3.84602606410744,1.3265641296091482
Southern North Sea,Wood_none,255,338.2738530503328,3.84602606410744,1.3265641296091482
Southern North Sea,Wood_none,256,339.6004171799419,3.84602606410744,1.3265641296091482
Southern North Sea,Wood_none,257,340.9269813095511,3.84602606410744,1.3265641296091482
Southern North Sea,Wood_none,258,342.25354543916023,3.84602606410744,1.3265641296091482
Southern North Sea,Wood_none,259,343.5801095687694,3.84602606410744,1.3265641296091482
Southern North Sea,Wood_none,260,344.90667369837854,3.84602606410744,1.3265641296091482
Southern North Sea,Wood_none,261,346.2332378279877,3.84602606410744,1.3265641296091482
Southern North Sea,Wood_none,262,347.5598019575968,3.84602606410744,1.3265641296091482
Southern North Sea,Wood_none,263,348.88636608720594,3.84602606410744,1.3265641296091482
Southern North Sea,Wood_none,264,350.2129302168151,3.84602606410744,1.3265641296091482
Southern North Sea,Wood_none,265,351.53949434642425,3.84602606410744,1.3265641296091482
Southern North Sea,Wood_none,266,352.8660584760334,3.84602606410744,1.3265641296091482
Southern North Sea,Wood_none,267,354.19262260564255,3.84602606410744,1.3265641296091482
Southern North Sea,Wood_none,268,355.5191867352517,3.84602606410744,1.3265641296091482
Southern North Sea,Wood_none,269,356.84575086486086,3.84602606410744,1.3265641296091482
Southern North Sea,Wood_none,270,358.17231499447,3.84602606410744,1.3265641296091482
Southern North Sea,Wood_none,271,359.49887912407917,3.84602606410744,1.3265641296091482
Southern North Sea,Wood_none,272,360.8254432536883,3.84602606410744,1.3265641296091482
Southern North Sea,Wood_none,273,362.1520073832975,3.84602606410744,1.3265641296091482
Southern North Sea,Wood_none,274,363.47857151290657,3.84602606410744,1.3265641296091482
Southern North Sea,Wood_none,275,364.8051356425157,3.84602606410744,1.3265641296091482
Southern North Sea,Wood_none,276,366.1316997721249,3.84602606410744,1.3265641296091482
Southern North Sea,Wood_none,277,367.45826390173403,3.84602606410744,1.3265641296091482
Southern North Sea,Wood_none,278,368.7848280313432,3.84602606410744,1.3265641296091482
Southern North Sea,Wood_none,279,370.11139216095233,3.84602606410744,1.3265641296091482
Southern North Sea,Wood_none,280,371.4379562905615,3.84602606410744,1.3265641296091482
Southern North Sea,Wood_none,281,372.76452042017064,3.84602606410744,1.3265641296091482
Southern North Sea,Wood_none,282,374.0910845497798,3.84602606410744,1.3265641296091482
Southern North Sea,Wood_none,283,375.41764867938895,3.84602606410744,1.3265641296091482
Southern North Sea,Wood_none,284,376.7442128089981,3.84602606410744,1.3265641296091482
Southern North Sea,Wood_none,285,378.07077693860725,3.84602606410744,1.3265641296091482
Southern North Sea,Wood_none,286,379.39734106821635,3.84602606410744,1.3265641296091482
Southern North Sea,Wood_none,287,380.7239051978255,3.84602606410744,1.3265641296091482
Southern North Sea,Wood_none,288,382.05046932743466,3.84602606410744,1.3265641296091482
Southern North Sea,Wood_none,289,383.3770334570438,3.84602606410744,1.3265641296091482
Southern North Sea,Wood_none,290,384.70359758665296,3.84602606410744,1.3265641296091482
Southern North Sea,Wood_none,291,386.0301617162621,3.84602606410744,1.3265641296091482
Southern North Sea,Wood_none,292,387.35672584587127,3.84602606410744,1.3265641296091482
Southern North Sea,Wood_none,293,388.6832899754804,3.84602606410744,1.3265641296091482
Southern North Sea,Wood_none,294,390.0098541050896,3.84602606410744,1.3265641296091482
Southern North Sea,Wood_none,295,391.3364182346987,3.84602606410744,1.3265641296091482
Southern North Sea,Wood_none,296,392.6629823643079,3.84602606410744,1.3265641296091482
Southern North Sea,Wood_none,297,393.989546493917,3.84602606410744,1.3265641296091482
Southern North Sea,Wood_none,298,395.31611062352613,3.84602606410744,1.3265641296091482
Southern North Sea,Wood_none,299,396.6426747531353,3.84602606410744,1.3265641296091482
Southern North Sea,Wood_none,300,397.96923888274443,3.84602606410744,1.3265641296091482
Southern North Sea,Wood_high,0,0.0,1.25426090985969,2.3243961207192396
Southern North Sea,Wood_high,1,2.3243961207192396,1.2770822609748853,2.3243961207192396
Southern North Sea,Wood_high,2,4.648792241438479,1.301461230018733,2.3243961207192396
Southern North Sea,Wood_high,3,6.973188362157719,1.3274326079009384,2.3243961207192396
Southern North Sea,Wood_high,4,9.297584482876958,1.355113807541341,2.3243961207192396
Southern North Sea,Wood_high,5,11.621980603596198,1.3844374698106663,2.3243961207192396
Southern North Sea,Wood_high,6,13.946376724315439,1.415398483177897,2.3243961207192396
Southern North Sea,Wood_high,7,16.270772845034678,1.4480708618076181,2.3243961207192396
Southern North Sea,Wood_high,8,18.595168965753917,1.4823631109397533,2.3243961207192396
Southern North Sea,Wood_high,9,20.919565086473156,1.5182155723438022,2.3243961207192396
Southern North Sea,Wood_high,10,23.243961207192395,1.5556281370762595,2.3243961207192396
Southern North Sea,Wood_high,11,25.568357327911635,1.594456999251696,2.3243961207192396
Southern North Sea,Wood_high,12,27.892753448630877,1.6345690951362777,2.3243961207192396
Southern North Sea,Wood_high,13,30.217149569350116,1.6758816633154312,2.3243961207192396
Southern North Sea,Wood_high,14,32.541545690069356,1.7182249910282477,2.3243961207192396
Southern North Sea,Wood_high,15,34.86594181078859,1.7614323125473987,2.3243961207192396
Southern North Sea,Wood_high,16,37.190337931507834,1.805376014114158,2.3243961207192396
Southern North Sea,Wood_high,17,39.51473405222708,1.8498867402668793,2.3243961207192396
Southern North Sea,Wood_high,18,41.83913017294631,1.8947962202323614,2.3243961207192396
Southern North Sea,Wood_high,19,44.163526293665555,1.9399585643598554,2.3243961207192396
Southern North Sea,Wood_high,20,46.48792241438479,1.985217802516997,2.3243961207192396
Southern North Sea,Wood_high,21,48.81231853510403,2.030438255245625,2.3243961207192396
Southern North Sea,Wood_high,22,51.13671465582327,2.075499005841972,2.3243961207192396
Southern North Sea,Wood_high,23,53.46111077654251,2.1202871620232995,2.3243961207192396
Southern North Sea,Wood_high,24,55.785506897261754,2.1647139285207375,2.3243961207192396
Southern North Sea,Wood_high,25,58.10990301798099,2.208680115778665,2.3243961207192396
Southern North Sea,Wood_high,26,60.43429913870023,2.2520952313712423,2.3243961207192396
Southern North Sea,Wood_high,27,62.75869525941947,2.29491420886987,2.3243961207192396
Southern North Sea,Wood_high,28,65.08309138013871,2.3370675182233263,2.3243961207192396
Southern North Sea,Wood_high,29,67.40748750085795,2.3784775374289513,2.3243961207192396
Southern North Sea,Wood_high,30,69.73188362157718,2.4191301916007095,2.3243961207192396
Southern North Sea,Wood_high,31,72.05627974229643,2.4589824609767943,2.3243961207192396
Southern North Sea,Wood_high,32,74.38067586301567,2.4979723742727113,2.3243961207192396
Southern North Sea,Wood_high,33,76.70507198373491,2.536118720931793,2.3243961207192396
Southern North Sea,Wood_high,34,79.02946810445415,2.57339921368879,2.3243961207192396
Southern North Sea,Wood_high,35,81.35386422517338,2.6097546090978234,2.3243961207192396
Southern North Sea,Wood_high,36,83.67826034589262,2.645220422107419,2.3243961207192396
Southern North Sea,Wood_high,37,86.00265646661187,2.679785902083557,2.3243961207192396
Southern North Sea,Wood_high,38,88.32705258733111,2.713388570681282,2.3243961207192396
Southern North Sea,Wood_high,39,90.65144870805034,2.7460774251323294,2.3243961207192396
Southern North Sea,Wood_high,40,92.97584482876958,2.7778464046579305,2.3243961207192396
Southern North Sea,Wood_high,41,95.30024094948882,2.8086384293632816,2.3243961207192396
Southern North Sea,Wood_high,42,97.62463707020807,2.838498519773315,2.3243961207192396
Southern North Sea,Wood_high,43,99.94903319092731,2.867425049025462,2.3243961207192396
Southern North Sea,Wood_high,44,102.27342931164654,2.8953552198750314,2.3243961207192396
Southern North Sea,Wood_high,45,104.59782543236578,2.92230982502448,2.3243961207192396
Southern North Sea,Wood_high,46,106.92222155308502,2.948279043351003,2.3243961207192396
Southern North Sea,Wood_high,47,109.24661767380427,2.9731967998571567,2.3243961207192396
Southern North Sea,Wood_high,48,111.57101379452351,2.997076849287456,2.3243961207192396
Southern North Sea,Wood_high,49,113.89540991524274,3.0199181512712903,2.3243961207192396
Southern North Sea,Wood_high,50,116.21980603596198,3.041661814872582,2.3243961207192396
Southern North Sea,Wood_high,51,118.54420215668122,3.0623170963811965,2.3243961207192396
Southern North Sea,Wood_high,52,120.86859827740047,3.0818950758718615,2.3243961207192396
Southern North Sea,Wood_high,53,123.1929943981197,3.1003473491666718,2.3243961207192396
Southern North Sea,Wood_high,54,125.51739051883894,3.1185027151158384,2.3243961207192396
Southern North Sea,Wood_high,55,127.84178663955818,3.138760915245979,2.3243961207192396
Southern North Sea,Wood_high,56,130.16618276027742,3.1585484586552037,2.3243961207192396
Southern North Sea,Wood_high,57,132.49057888099665,3.177876977263679,2.3243961207192396
Southern North Sea,Wood_high,58,134.8149750017159,3.1967699621203725,2.3243961207192396
Southern North Sea,Wood_high,59,137.13937112243514,3.2152261301879723,2.3243961207192396
Southern North Sea,Wood_high,60,139.46376724315436,3.233252072892249,2.3243961207192396
Southern North Sea,Wood_high,61,141.78816336387362,3.2508718444146565,2.3243961207192396
Southern North Sea,Wood_high,62,144.11255948459285,3.268086214684293,2.3243961207192396
Southern North Sea,Wood_high,63,146.4369556053121,3.2848973630048555,2.3243961207192396
Southern North Sea,Wood_high,64,148.76135172603134,3.301329723179726,2.3243961207192396
Southern North Sea,Wood_high,65,151.08574784675056,3.317385846382208,2.3243961207192396
Southern North Sea,Wood_high,66,153.41014396746982,3.33306406624064,2.3243961207192396
Southern North Sea,Wood_high,67,155.73454008818905,3.3483890349088257,2.3243961207192396
Southern North Sea,Wood_high,68,158.0589362089083,3.3633648404390115,2.3243961207192396
Southern North Sea,Wood_high,69,160.38333232962754,3.377986480806279,2.3243961207192396
Southern North Sea,Wood_high,70,162.70772845034676,3.3922786853141567,2.3243961207192396
Southern North Sea,Wood_high,71,165.03212457106602,3.406246859428407,2.3243961207192396
Southern North Sea,Wood_high,72,167.35652069178525,3.419883124108736,2.3243961207192396
Southern North Sea,Wood_high,73,169.6809168125045,3.4332121627017704,2.3243961207192396
Southern North Sea,Wood_high,74,172.00531293322373,3.4462405012713733,2.3243961207192396
Southern North Sea,Wood_high,75,174.32970905394296,3.458957795632143,2.3243961207192396
Southern North Sea,Wood_high,76,176.65410517466222,3.4713885763600754,2.3243961207192396
Southern North Sea,Wood_high,77,178.97850129538145,3.4835392037990327,2.3243961207192396
Southern North Sea,Wood_high,78,181.30289741610068,3.4954005682281264,2.3243961207192396
Southern North Sea,Wood_high,79,183.62729353681993,3.5069936250119924,2.3243961207192396
Southern North Sea,Wood_high,80,185.95168965753916,3.5183254156586434,2.3243961207192396
Southern North Sea,Wood_high,81,188.27608577825842,3.5293887126412304,2.3243961207192396
Southern North Sea,Wood_high,82,190.60048189897765,3.5402005000411503,2.3243961207192396
Southern North Sea,Wood_high,83,192.92487801969688,3.550768635146634,2.3243961207192396
Southern North Sea,Wood_high,84,195.24927414041613,3.5610875597658342,2.3243961207192396
Southern North Sea,Wood_high,85,197.57367026113536,3.571170727884979,2.3243961207192396
Southern North Sea,Wood_high,86,199.89806638185462,3.5810266700850772,2.3243961207192396
Southern North Sea,Wood_high,87,202.22246250257385,3.5906513048286226,2.3243961207192396
Southern North Sea,Wood_high,88,204.54685862329308,3.6000549556918586,2.3243961207192396
Southern North Sea,Wood_high,89,206.87125474401233,3.60924669959854,2.3243961207192396
Southern North Sea,Wood_high,90,209.19565086473156,3.618223757407857,2.3243961207192396
Southern North Sea,Wood_high,91,211.52004698545082,3.626993684063429,2.3243961207192396
Southern North Sea,Wood_high,92,213.84444310617005,3.635565989969647,2.3243961207192396
Southern North Sea,Wood_high,93,216.16883922688928,3.643939040937332,2.3243961207192396
Southern North Sea,Wood_high,94,218.49323534760853,3.652117950445929,2.3243961207192396
Southern North Sea,Wood_high,95,220.81763146832776,3.6601125622815913,2.3243961207192396
Southern North Sea,Wood_high,96,223.14202758904702,3.667922245097458,2.3243961207192396
Southern North Sea,Wood_high,97,225.46642370976625,3.6755499664943696,2.3243961207192396
Southern North Sea,Wood_high,98,227.79081983048547,3.68300581509467,2.3243961207192396
Southern North Sea,Wood_high,99,230.11521595120473,3.690290034266388,2.3243961207192396
Southern North Sea,Wood_high,100,232.43961207192396,3.697403712509388,2.3243961207192396
Southern North Sea,Wood_high,101,234.7640081926432,3.7043571051853923,2.3243961207192396
Southern North Sea,Wood_high,102,237.08840431336245,3.711151214990655,2.3243961207192396
Southern North Sea,Wood_high,103,239.41280043408167,3.717785491838083,2.3243961207192396
Southern North Sea,Wood_high,104,241.73719655480093,3.7242702891724853,2.3243961207192396
Southern North Sea,Wood_high,105,244.06159267552016,3.7306072652354927,2.3243961207192396
Southern North Sea,Wood_high,106,246.3859887962394,3.7367944479351247,2.3243961207192396
Southern North Sea,Wood_high,107,248.71038491695865,3.7428422286641707,2.3243961207192396
Southern North Sea,Wood_high,108,251.03478103767787,3.7487528279888416,2.3243961207192396
Southern North Sea,Wood_high,109,253.35917715839713,3.75452304659914,2.3243961207192396
Southern North Sea,Wood_high,110,255.68357327911636,3.760163261383401,2.3243961207192396
Southern North Sea,Wood_high,111,258.0079693998356,3.765676171620023,2.3243961207192396
Southern North Sea,Wood_high,112,260.33236552055484,3.77105752572969,2.3243961207192396
Southern North Sea,Wood_high,113,262.6567616412741,3.776317640562577,2.3243961207192396
Southern North Sea,Wood_high,114,264.9811577619933,3.781459207526942,2.3243961207192396
Southern North Sea,Wood_high,115,267.30555388271256,3.786478314792418,2.3243961207192396
Southern North Sea,Wood_high,116,269.6299500034318,3.791383944744665,2.3243961207192396
Southern North Sea,Wood_high,117,271.954346124151,3.796179018993909,2.3243961207192396
Southern North Sea,Wood_high,118,274.2787422448703,3.800860426032563,2.3243961207192396
Southern North Sea,Wood_high,119,276.60313836558953,3.805435459983892,2.3243961207192396
Southern North Sea,Wood_high,120,278.92753448630873,3.8099073915925405,2.3243961207192396
Southern North Sea,Wood_high,121,281.251930607028,3.8142738193395633,2.3243961207192396
Southern North Sea,Wood_high,122,283.57632672774724,3.8185405363049134,2.3243961207192396
Southern North Sea,Wood_high,123,285.9007228484665,3.822711101806883,2.3243961207192396
Southern North Sea,Wood_high,124,288.2251189691857,3.826783742537352,2.3243961207192396
Southern North Sea,Wood_high,125,290.54951508990496,3.8307629201540894,2.3243961207192396
Southern North Sea,Wood_high,126,292.8739112106242,3.8346524285810637,2.3243961207192396
Southern North Sea,Wood_high,127,295.1983073313434,3.8384510487554886,2.3243961207192396
Southern North Sea,Wood_high,128,297.5227034520627,3.8421620644598646,2.3243961207192396
Southern North Sea,Wood_high,129,299.84709957278193,3.845789456234017,2.3243961207192396
Southern North Sea,Wood_high,130,302.17149569350113,3.84602606410744,2.3243961207192396
Southern North Sea,Wood_high,131,304.4958918142204,3.84602606410744,2.3243961207192396
Southern North Sea,Wood_high,132,306.82028793493964,3.84602606410744,2.3243961207192396
Southern North Sea,Wood_high,133,309.14468405565884,3.84602606410744,2.3243961207192396
Southern North Sea,Wood_high,134,311.4690801763781,3.84602606410744,2.3243961207192396
Southern North Sea,Wood_high,135,313.79347629709736,3.84602606410744,2.3243961207192396
Southern North Sea,Wood_high,136,316.1178724178166,3.84602606410744,2.3243961207192396
Southern North Sea,Wood_high,137,318.4422685385358,3.84602606410744,2.3243961207192396
Southern North Sea,Wood_high,138,320.76666465925507,3.84602606410744,2.3243961207192396
Southern North Sea,Wood_high,139,323.0910607799743,3.84602606410744,2.3243961207192396
Southern North Sea,Wood_high,140,325.4154569006935,3.84602606410744,2.3243961207192396
Southern North Sea,Wood_high,141,327.7398530214128,3.84602606410744,2.3243961207192396
Southern North Sea,Wood_high,142,330.06424914213204,3.84602606410744,2.3243961207192396
Southern North Sea,Wood_high,143,332.38864526285124,3.84602606410744,2.3243961207192396
Southern North Sea,Wood_high,144,334.7130413835705,3.84602606410744,2.3243961207192396
Southern North Sea,Wood_high,145,337.03743750428976,3.84602606410744,2.3243961207192396
Southern North Sea,Wood_high,146,339.361833625009,3.84602606410744,2.3243961207192396
Southern North Sea,Wood_high,147,341.6862297457282,3.84602606410744,2.3243961207192396
Southern North Sea,Wood_high,148,344.01062586644747,3.84602606410744,2.3243961207192396
Southern North Sea,Wood_high,149,346.3350219871667,3.84602606410744,2.3243961207192396
Southern North Sea,Wood_high,150,348.6594181078859,3.84602606410744,2.3243961207192396
Southern North Sea,Wood_high,151,350.9838142286052,3.84602606410744,2.3243961207192396
Southern North Sea,Wood_high,152,353.30821034932444,3.84602606410744,2.3243961207192396
Southern North Sea,Wood_high,153,355.63260647004364,3.84602606410744,2.3243961207192396
Southern North Sea,Wood_high,154,357.9570025907629,3.84602606410744,2.3243961207192396
Southern North Sea,Wood_high,155,360.28139871148215,3.84602606410744,2.3243961207192396
Southern North Sea,Wood_high,156,362.60579483220135,3.84602606410744,2.3243961207192396
Southern North Sea,Wood_high,157,364.9301909529206,3.84602606410744,2.3243961207192396
Southern North Sea,Wood_high,158,367.25458707363987,3.84602606410744,2.3243961207192396
Southern North Sea,Wood_high,159,369.5789831943591,3.84602606410744,2.3243961207192396
Southern North Sea,Wood_high,160,371.9033793150783,3.84602606410744,2.3243961207192396
Southern North Sea,Wood_high,161,374.2277754357976,3.84602606410744,2.3243961207192396
Southern North Sea,Wood_high,162,376.55217155651684,3.84602606410744,2.3243961207192396
Southern North Sea,Wood_high,163,378.87656767723604,3.84602606410744,2.3243961207192396
Southern North Sea,Wood_high,164,381.2009637979553,3.84602606410744,2.3243961207192396
Southern North Sea,Wood_high,165,383.52535991867455,3.84602606410744,2.3243961207192396
Southern North Sea,Wood_high,166,385.84975603939375,3.84602606410744,2.3243961207192396
Southern North Sea,Wood_high,167,388.174152160113,3.84602606410744,2.3243961207192396
Southern North Sea,Wood_high,168,390.49854828083227,3.84602606410744,2.3243961207192396
Southern North Sea,Wood_high,169,392.8229444015515,3.84602606410744,2.3243961207192396
Southern North Sea,Wood_high,170,395.1473405222707,3.84602606410744,2.3243961207192396
Southern North Sea,Wood_high,171,397.47173664299,3.84602606410744,2.3243961207192396
Southern North Sea,Wood_high,172,399.79613276370924,3.84602606410744,2.3243961207192396
Southern North Sea,Wood_high,173,402.12052888442844,3.84602606410744,2.3243961207192396
Southern North Sea,Wood_high,174,404.4449250051477,3.84602606410744,2.3243961207192396
Southern North Sea,Wood_high,175,406.76932112586695,3.84602606410744,2.3243961207192396
Southern North Sea,Wood_high,176,409.09371724658615,3.84602606410744,2.3243961207192396
Southern North Sea,Wood_high,177,411.4181133673054,3.84602606410744,2.3243961207192396
Southern North Sea,Wood_high,178,413.74250948802467,3.84602606410744,2.3243961207192396
Southern North Sea,Wood_high,179,416.06690560874387,3.84602606410744,2.3243961207192396
Southern North Sea,Wood_high,180,418.3913017294631,3.84602606410744,2.3243961207192396
Southern North Sea,Wood_high,181,420.7156978501824,3.84602606410744,2.3243961207192396
Southern North Sea,Wood_high,182,423.04009397090164,3.84602606410744,2.3243961207192396
Southern North Sea,Wood_high,183,425.36449009162084,3.84602606410744,2.3243961207192396
Southern North Sea,Wood_high,184,427.6888862123401,3.84602606410744,2.3243961207192396
Southern North Sea,Wood_high,185,430.01328233305935,3.84602606410744,2.3243961207192396
Southern North Sea,Wood_high,186,432.33767845377855,3.84602606410744,2.3243961207192396
Southern North Sea,Wood_high,187,434.6620745744978,3.84602606410744,2.3243961207192396
Southern North Sea,Wood_high,188,436.98647069521706,3.84602606410744,2.3243961207192396
Southern North Sea,Wood_high,189,439.31086681593627,3.84602606410744,2.3243961207192396
Southern North Sea,Wood_high,190,441.6352629366555,3.84602606410744,2.3243961207192396
Southern North Sea,Wood_high,191,443.9596590573748,3.84602606410744,2.3243961207192396
Southern North Sea,Wood_high,192,446.28405517809404,3.84602606410744,2.3243961207192396
Southern North Sea,Wood_high,193,448.60845129881324,3.84602606410744,2.3243961207192396
Southern North Sea,Wood_high,194,450.9328474195325,3.84602606410744,2.3243961207192396
Southern North Sea,Wood_high,195,453.25724354025175,3.84602606410744,2.3243961207192396
Southern North Sea,Wood_high,196,455.58163966097095,3.84602606410744,2.3243961207192396
Southern North Sea,Wood_high,197,457.9060357816902,3.84602606410744,2.3243961207192396
Southern North Sea,Wood_high,198,460.23043190240946,3.84602606410744,2.3243961207192396
Southern North Sea,Wood_high,199,462.55482802312866,3.84602606410744,2.3243961207192396
Southern North Sea,Wood_high,200,464.8792241438479,3.84602606410744,2.3243961207192396
Southern North Sea,Wood_high,201,467.2036202645672,3.84602606410744,2.3243961207192396
Southern North Sea,Wood_high,202,469.5280163852864,3.84602606410744,2.3243961207192396
Southern North Sea,Wood_high,203,471.85241250600563,3.84602606410744,2.3243961207192396
Southern North Sea,Wood_high,204,474.1768086267249,3.84602606410744,2.3243961207192396
Southern North Sea,Wood_high,205,476.50120474744415,3.84602606410744,2.3243961207192396
Southern North Sea,Wood_high,206,478.82560086816335,3.84602606410744,2.3243961207192396
Southern North Sea,Wood_high,207,481.1499969888826,3.84602606410744,2.3243961207192396
Southern North Sea,Wood_high,208,483.47439310960186,3.84602606410744,2.3243961207192396
Southern North Sea,Wood_high,209,485.79878923032106,3.84602606410744,2.3243961207192396
Southern North Sea,Wood_high,210,488.1231853510403,3.84602606410744,2.3243961207192396
Southern North Sea,Wood_high,211,490.4475814717596,3.84602606410744,2.3243961207192396
Southern North Sea,Wood_high,212,492.7719775924788,3.84602606410744,2.3243961207192396
Southern North Sea,Wood_high,213,495.09637371319803,3.84602606410744,2.3243961207192396
Southern North Sea,Wood_high,214,497.4207698339173,3.84602606410744,2.3243961207192396
Southern North Sea,Wood_high,215,499.7451659546365,3.84602606410744,2.3243961207192396
Southern North Sea,Wood_high,216,502.06956207535575,3.84602606410744,2.3243961207192396
Southern North Sea,Wood_high,217,504.393958196075,3.84602606410744,2.3243961207192396
Southern North Sea,Wood_high,218,506.71835431679426,3.84602606410744,2.3243961207192396
Southern North Sea,Wood_high,219,509.04275043751346,3.84602606410744,2.3243961207192396
Southern North Sea,Wood_high,220,511.3671465582327,3.84602606410744,2.3243961207192396
Southern North Sea,Wood_high,221,513.6915426789519,3.84602606410744,2.3243961207192396
Southern North Sea,Wood_high,222,516.0159387996712,3.84602606410744,2.3243961207192396
Southern North Sea,Wood_high,223,518.3403349203904,3.84602606410744,2.3243961207192396
Southern North Sea,Wood_high,224,520.6647310411097,3.84602606410744,2.3243961207192396
Southern North Sea,Wood_high,225,522.989127161829,3.84602606410744,2.3243961207192396
Southern North Sea,Wood_high,226,525.3135232825482,3.84602606410744,2.3243961207192396
Southern North Sea,Wood_high,227,527.6379194032673,3.84602606410744,2.3243961207192396
Southern North Sea,Wood_high,228,529.9623155239866,3.84602606410744,2.3243961207192396
Southern North Sea,Wood_high,229,532.2867116447059,3.84602606410744,2.3243961207192396
Southern North Sea,Wood_high,230,534.6111077654251,3.84602606410744,2.3243961207192396
Southern North Sea,Wood_high,231,536.9355038861444,3.84602606410744,2.3243961207192396
Southern North Sea,Wood_high,232,539.2599000068636,3.84602606410744,2.3243961207192396
Southern North Sea,Wood_high,233,541.5842961275829,3.84602606410744,2.3243961207192396
Southern North Sea,Wood_high,234,543.908692248302,3.84602606410744,2.3243961207192396
Southern North Sea,Wood_high,235,546.2330883690213,3.84602606410744,2.3243961207192396
Southern North Sea,Wood_high,236,548.5574844897405,3.84602606410744,2.3243961207192396
Southern North Sea,Wood_high,237,550.8818806104598,3.84602606410744,2.3243961207192396
Southern North Sea,Wood_high,238,553.2062767311791,3.84602606410744,2.3243961207192396
Southern North Sea,Wood_high,239,555.5306728518983,3.84602606410744,2.3243961207192396
Southern North Sea,Wood_high,240,557.8550689726175,3.84602606410744,2.3243961207192396
Southern North Sea,Wood_high,241,560.1794650933367,3.84602606410744,2.3243961207192396
Southern North Sea,Wood_high,242,562.503861214056,3.84602606410744,2.3243961207192396
Southern North Sea,Wood_high,243,564.8282573347752,3.84602606410744,2.3243961207192396
Southern North Sea,Wood_high,244,567.1526534554945,3.84602606410744,2.3243961207192396
Southern North Sea,Wood_high,245,569.4770495762137,3.84602606410744,2.3243961207192396
Southern North Sea,Wood_high,246,571.801445696933,3.84602606410744,2.3243961207192396
Southern North Sea,Wood_high,247,574.1258418176521,3.84602606410744,2.3243961207192396
Southern North Sea,Wood_high,248,576.4502379383714,3.84602606410744,2.3243961207192396
Southern North Sea,Wood_high,249,578.7746340590907,3.84602606410744,2.3243961207192396
Southern North Sea,Wood_high,250,581.0990301798099,3.84602606410744,2.3243961207192396
Southern North Sea,Wood_high,251,583.4234263005292,3.84602606410744,2.3243961207192396
Southern North Sea,Wood_high,252,585.7478224212484,3.84602606410744,2.3243961207192396
Southern North Sea,Wood_high,253,588.0722185419676,3.84602606410744,2.3243961207192396
Southern North Sea,Wood_high,254,590.3966146626868,3.84602606410744,2.3243961207192396
Southern North Sea,Wood_high,255,592.7210107834061,3.84602606410744,2.3243961207192396
Southern North Sea,Wood_high,256,595.0454069041253,3.84602606410744,2.3243961207192396
Southern North Sea,Wood_high,257,597.3698030248446,3.84602606410744,2.3243961207192396
Southern North Sea,Wood_high,258,599.6941991455639,3.84602606410744,2.3243961207192396
Southern North Sea,Wood_high,259,602.0185952662831,3.84602606410744,2.3243961207192396
Southern North Sea,Wood_high,260,604.3429913870023,3.84602606410744,2.3243961207192396
Southern North Sea,Wood_high,261,606.6673875077215,3.84602606410744,2.3243961207192396
Southern North Sea,Wood_high,262,608.9917836284408,3.84602606410744,2.3243961207192396
Southern North Sea,Wood_high,263,611.31617974916,3.84602606410744,2.3243961207192396
Southern North Sea,Wood_high,264,613.6405758698793,3.84602606410744,2.3243961207192396
Southern North Sea,Wood_high,265,615.9649719905985,3.84602606410744,2.3243961207192396
Southern North Sea,Wood_high,266,618.2893681113177,3.84602606410744,2.3243961207192396
Southern North Sea,Wood_high,267,620.6137642320369,3.84602606410744,2.3243961207192396
Southern North Sea,Wood_high,268,622.9381603527562,3.84602606410744,2.3243961207192396
Southern North Sea,Wood_high,269,625.2625564734755,3.84602606410744,2.3243961207192396
Southern North Sea,Wood_high,270,627.5869525941947,3.84602606410744,2.3243961207192396
Southern North Sea,Wood_high,271,629.911348714914,3.84602606410744,2.3243961207192396
Southern North Sea,Wood_high,272,632.2357448356332,3.84602606410744,2.3243961207192396
Southern North Sea,Wood_high,273,634.5601409563524,3.84602606410744,2.3243961207192396
Southern North Sea,Wood_high,274,636.8845370770716,3.84602606410744,2.3243961207192396
Southern North Sea,Wood_high,275,639.2089331977909,3.84602606410744,2.3243961207192396
Southern North Sea,Wood_high,276,641.5333293185101,3.84602606410744,2.3243961207192396
Southern North Sea,Wood_high,277,643.8577254392294,3.84602606410744,2.3243961207192396
Southern North Sea,Wood_high,278,646.1821215599487,3.84602606410744,2.3243961207192396
Southern North Sea,Wood_high,279,648.5065176806678,3.84602606410744,2.3243961207192396
Southern North Sea,Wood_high,280,650.830913801387,3.84602606410744,2.3243961207192396
Southern North Sea,Wood_high,281,653.1553099221063,3.84602606410744,2.3243961207192396
Southern North Sea,Wood_high,282,655.4797060428256,3.84602606410744,2.3243961207192396
Southern North Sea,Wood_high,283,657.8041021635448,3.84602606410744,2.3243961207192396
Southern North Sea,Wood_high,284,660.1284982842641,3.84602606410744,2.3243961207192396
Southern North Sea,Wood_high,285,662.4528944049833,3.84602606410744,2.3243961207192396
Southern North Sea,Wood_high,286,664.7772905257025,3.84602606410744,2.3243961207192396
Southern North Sea,Wood_high,287,667.1016866464217,3.84602606410744,2.3243961207192396
Southern North Sea,Wood_high,288,669.426082767141,3.84602606410744,2.3243961207192396
Southern North Sea,Wood_high,289,671.7504788878603,3.84602606410744,2.3243961207192396
Southern North Sea,Wood_high,290,674.0748750085795,3.84602606410744,2.3243961207192396
Southern North Sea,Wood_high,291,676.3992711292988,3.84602606410744,2.3243961207192396
Southern North Sea,Wood_high,292,678.723667250018,3.84602606410744,2.3243961207192396
Southern North Sea,Wood_high,293,681.0480633707372,3.84602606410744,2.3243961207192396
Southern North Sea,Wood_high,294,683.3724594914564,3.84602606410744,2.3243961207192396
Southern North Sea,Wood_high,295,685.6968556121757,3.84602606410744,2.3243961207192396
Southern North Sea,Wood_high,296,688.0212517328949,3.84602606410744,2.3243961207192396
Southern North Sea,Wood_high,297,690.3456478536142,3.84602606410744,2.3243961207192396
Southern North Sea,Wood_high,298,692.6700439743335,3.84602606410744,2.3243961207192396
Southern North Sea,Wood_high,299,694.9944400950526,3.84602606410744,2.3243961207192396
Southern North Sea,Wood_high,300,697.3188362157719,3.84602606410744,2.3243961207192396
Norwegian trench,Steel,0,0.0,1.25426090985969,1.1665085200667011
Norwegian trench,Steel,1,1.1665085200667011,1.2655220680064907,1.1665085200667011
Norwegian trench,Steel,2,2.3330170401334023,1.2771701488609855,1.1665085200667011
Norwegian trench,Steel,3,3.4995255602001034,1.2892103280817677,1.1665085200667011
Norwegian trench,Steel,4,4.6660340802668046,1.301647269629862,1.1665085200667011
Norwegian trench,Steel,5,5.832542600333506,1.3144850911633572,1.1665085200667011
Norwegian trench,Steel,6,6.999051120400207,1.3277273311842677,1.1665085200667011
Norwegian trench,Steel,7,8.165559640466908,1.3414277951940965,1.1665085200667011
Norwegian trench,Steel,8,9.332068160533609,1.3555385488844844,1.1665085200667011
Norwegian trench,Steel,9,10.49857668060031,1.370060724123375,1.1665085200667011
Norwegian trench,Steel,10,11.665085200667011,1.3849950513007685,1.1665085200667011
Norwegian trench,Steel,11,12.831593720733713,1.4003415526586862,1.1665085200667011
Norwegian trench,Steel,12,13.998102240800414,1.416099529974352,1.1665085200667011
Norwegian trench,Steel,13,15.164610760867115,1.4323179257609584,1.1665085200667011
Norwegian trench,Steel,14,16.331119280933816,1.448944111241259,1.1665085200667011
Norwegian trench,Steel,15,17.49762780100052,1.4659739190578547,1.1665085200667011
Norwegian trench,Steel,16,18.664136321067218,1.4834023579744764,1.1665085200667011
Norwegian trench,Steel,17,19.830644841133918,1.5012234320989233,1.1665085200667011
Norwegian trench,Steel,18,20.99715336120062,1.5194297762594307,1.1665085200667011
Norwegian trench,Steel,19,22.163661881267323,1.5380571718352924,1.1665085200667011
Norwegian trench,Steel,20,23.330170401334023,1.5570480703496838,1.1665085200667011
Norwegian trench,Steel,21,24.496678921400722,1.576389116726365,1.1665085200667011
Norwegian trench,Steel,22,25.663187441467425,1.59606682075057,1.1665085200667011
Norwegian trench,Steel,23,26.829695961534128,1.616066732905281,1.1665085200667011
Norwegian trench,Steel,24,27.996204481600827,1.6363734155344594,1.1665085200667011
Norwegian trench,Steel,25,29.162713001667527,1.6570040501808467,1.1665085200667011
Norwegian trench,Steel,26,30.32922152173423,1.6779053263393058,1.1665085200667011
Norwegian trench,Steel,27,31.495730041800932,1.6990588788376968,1.1665085200667011
Norwegian trench,Steel,28,32.66223856186763,1.7204467402663806,1.1665085200667011
Norwegian trench,Steel,29,33.82874708193433,1.742050594744602,1.1665085200667011
Norwegian trench,Steel,30,34.99525560200104,1.7638518514511676,1.1665085200667011
Norwegian trench,Steel,31,36.16176412206774,1.7858510845463074,1.1665085200667011
Norwegian trench,Steel,32,37.328272642134436,1.8080063982789403,1.1665085200667011
Norwegian trench,Steel,33,38.494781162201136,1.8302981507084217,1.1665085200667011
Norwegian trench,Steel,34,39.661289682267835,1.852707329205814,1.1665085200667011
Norwegian trench,Steel,35,40.82779820233454,1.8752149727755107,1.1665085200667011
Norwegian trench,Steel,36,41.99430672240124,1.8978022171954485,1.1665085200667011
Norwegian trench,Steel,37,43.16081524246794,1.92045543170787,1.1665085200667011
Norwegian trench,Steel,38,44.32732376253465,1.9431471718530229,1.1665085200667011
Norwegian trench,Steel,39,45.493832282601346,1.9658593140787757,1.1665085200667011
Norwegian trench,Steel,40,46.660340802668046,1.9885751768979862,1.1665085200667011
Norwegian trench,Steel,41,47.826849322734745,2.011279348089424,1.1665085200667011
Norwegian trench,Steel,42,48.993357842801444,2.0339572079078145,1.1665085200667011
Norwegian trench,Steel,43,50.15986636286815,2.0565882279226164,1.1665085200667011
Norwegian trench,Steel,44,51.32637488293485,2.0791627106131982,1.1665085200667011
Norwegian trench,Steel,45,52.49288340300155,2.1016684380733737,1.1665085200667011
Norwegian trench,Steel,46,53.659391923068256,2.124093335812885,1.1665085200667011
Norwegian trench,Steel,47,54.825900443134955,2.1464256781797766,1.1665085200667011
Norwegian trench,Steel,48,55.992408963201655,2.1686540843237423,1.1665085200667011
Norwegian trench,Steel,49,57.158917483268354,2.1907527515020915,1.1665085200667011
Norwegian trench,Steel,50,58.32542600333505,2.212724059361911,1.1665085200667011
Norwegian trench,Steel,51,59.49193452340176,2.234560085320655,1.1665085200667011
Norwegian trench,Steel,52,60.65844304346846,2.256252684461438,1.1665085200667011
Norwegian trench,Steel,53,61.82495156353516,2.2777940473505476,1.1665085200667011
Norwegian trench,Steel,54,62.991460083601865,2.299176694055512,1.1665085200667011
Norwegian trench,Steel,55,64.15796860366856,2.320372997353187,1.1665085200667011
Norwegian trench,Steel,56,65.32447712373526,2.3413940741948256,1.1665085200667011
Norwegian trench,Steel,57,66.49098564380196,2.3622345891049576,1.1665085200667011
Norwegian trench,Steel,58,67.65749416386866,2.382888669429942,1.1665085200667011
Norwegian trench,Steel,59,68.82400268393536,2.4033511943452783,1.1665085200667011
Norwegian trench,Steel,60,69.99051120400208,2.4236177392050453,1.1665085200667011
Norwegian trench,Steel,61,71.15701972406877,2.4436603402537465,1.1665085200667011
Norwegian trench,Steel,62,72.32352824413547,2.4634971891390043,1.1665085200667011
Norwegian trench,Steel,63,73.49003676420217,2.4831265785242893,1.1665085200667011
Norwegian trench,Steel,64,74.65654528426887,2.5025457020398028,1.1665085200667011
Norwegian trench,Steel,65,75.82305380433557,2.521752055667539,1.1665085200667011
Norwegian trench,Steel,66,76.98956232440227,2.540743385900105,1.1665085200667011
Norwegian trench,Steel,67,78.15607084446897,2.5594920091007203,1.1665085200667011
Norwegian trench,Steel,68,79.32257936453567,2.5780196088341967,1.1665085200667011
Norwegian trench,Steel,69,80.48908788460238,2.5963261780464673,1.1665085200667011
Norwegian trench,Steel,70,81.65559640466908,2.61441009861692,1.1665085200667011
Norwegian trench,Steel,71,82.82210492473578,2.6322698368609307,1.1665085200667011
Norwegian trench,Steel,72,83.98861344480248,2.6499040350278342,1.1665085200667011
Norwegian trench,Steel,73,85.15512196486918,2.6672850222294855,1.1665085200667011
Norwegian trench,Steel,74,86.32163048493588,2.684436179246238,1.1665085200667011
Norwegian trench,Steel,75,87.48813900500258,2.701358662305369,1.1665085200667011
Norwegian trench,Steel,76,88.6546475250693,2.718051806329214,1.1665085200667011
Norwegian trench,Steel,77,89.821156045136,2.7345148545398463,1.1665085200667011
Norwegian trench,Steel,78,90.98766456520269,2.7507469766938786,1.1665085200667011
Norwegian trench,Steel,79,92.15417308526939,2.766720582527459,1.1665085200667011
Norwegian trench,Steel,80,93.32068160533609,2.7824596780597375,1.1665085200667011
Norwegian trench,Steel,81,94.48719012540279,2.797965953040074,1.1665085200667011
Norwegian trench,Steel,82,95.65369864546949,2.813239058686789,1.1665085200667011
Norwegian trench,Steel,83,96.82020716553619,2.82827869425236,1.1665085200667011
Norwegian trench,Steel,84,97.98671568560289,2.8430843062894824,1.1665085200667011
Norwegian trench,Steel,85,99.1532242056696,2.8576276608652087,1.1665085200667011
Norwegian trench,Steel,86,100.3197327257363,2.8719316378762163,1.1665085200667011
Norwegian trench,Steel,87,101.486241245803,2.8859964757336516,1.1665085200667011
Norwegian trench,Steel,88,102.6527497658697,2.8998198588786965,1.1665085200667011
Norwegian trench,Steel,89,103.8192582859364,2.9133994880814233,1.1665085200667011
Norwegian trench,Steel,90,104.9857668060031,2.926732963977637,1.1665085200667011
Norwegian trench,Steel,91,106.1522753260698,2.939789174718031,1.1665085200667011
Norwegian trench,Steel,92,107.31878384613651,2.9525912613029353,1.1665085200667011
Norwegian trench,Steel,93,108.48529236620321,2.965139628173492,1.1665085200667011
Norwegian trench,Steel,94,109.65180088626991,2.9774321056623383,1.1665085200667011
Norwegian trench,Steel,95,110.81830940633661,2.9894666047825154,1.1665085200667011
Norwegian trench,Steel,96,111.98481792640331,3.00124111460604,1.1665085200667011
Norwegian trench,Steel,97,113.15132644647001,3.0127237519566585,1.1665085200667011
Norwegian trench,Steel,98,114.31783496653671,3.0239392177366993,1.1665085200667011
Norwegian trench,Steel,99,115.48434348660341,3.034888725815814,1.1665085200667011
Norwegian trench,Steel,100,116.6508520066701,3.0455705993789057,1.1665085200667011
Norwegian trench,Steel,101,117.81736052673682,3.055983404448139,1.1665085200667011
Norwegian trench,Steel,102,118.98386904680352,3.0661259266524565,1.1665085200667011
Norwegian trench,Steel,103,120.15037756687022,3.0759662839075768,1.1665085200667011
Norwegian trench,Steel,104,121.31688608693692,3.0855306122900683,1.1665085200667011
Norwegian trench,Steel,105,122.48339460700362,3.094821168177009,1.1665085200667011
Norwegian trench,Steel,106,123.64990312707032,3.1038369633576406,1.1665085200667011
Norwegian trench,Steel,107,124.81641164713702,3.112577047391313,1.1665085200667011
Norwegian trench,Steel,108,125.98292016720373,3.122607025884907,1.1665085200667011
Norwegian trench,Steel,109,127.14942868727043,3.132777657840449,1.1665085200667011
Norwegian trench,Steel,110,128.31593720733713,3.1428312891800787,1.1665085200667011
Norwegian trench,Steel,111,129.4824457274038,3.1527707099622684,1.1665085200667011
Norwegian trench,Steel,112,130.64895424747053,3.1625971976471807,1.1665085200667011
Norwegian trench,Steel,113,131.81546276753724,3.172312015580617,1.1665085200667011
Norwegian trench,Steel,114,132.98197128760393,3.181916413148403,1.1665085200667011
Norwegian trench,Steel,115,134.14847980767064,3.191399601981764,1.1665085200667011
Norwegian trench,Steel,116,135.31498832773732,3.2007736217864777,1.1665085200667011
Norwegian trench,Steel,117,136.48149684780404,3.210041151616293,1.1665085200667011
Norwegian trench,Steel,118,137.64800536787072,3.219203382574711,1.1665085200667011
Norwegian trench,Steel,119,138.81451388793744,3.228261492605,1.1665085200667011
Norwegian trench,Steel,120,139.98102240800415,3.237216646634167,1.1665085200667011
Norwegian trench,Steel,121,141.14753092807084,3.246058857306858,1.1665085200667011
Norwegian trench,Steel,122,142.31403944813755,3.2547992063732614,1.1665085200667011
Norwegian trench,Steel,123,143.48054796820423,3.263440264139405,1.1665085200667011
Norwegian trench,Steel,124,144.64705648827095,3.2719831411898386,1.1665085200667011
Norwegian trench,Steel,125,145.81356500833763,3.2804289358385468,1.1665085200667011
Norwegian trench,Steel,126,146.98007352840435,3.288778734263164,1.1665085200667011
Norwegian trench,Steel,127,148.14658204847103,3.2970232911240727,1.1665085200667011
Norwegian trench,Steel,128,149.31309056853775,3.305172804714739,1.1665085200667011
Norwegian trench,Steel,129,150.47959908860446,3.3132297390525816,1.1665085200667011
Norwegian trench,Steel,130,151.64610760867114,3.3211951296463362,1.1665085200667011
Norwegian trench,Steel,131,152.81261612873786,3.3290700005636564,1.1665085200667011
Norwegian trench,Steel,132,153.97912464880454,3.336855364556262,1.1665085200667011
Norwegian trench,Steel,133,155.14563316887126,3.3445426636187965,1.1665085200667011
Norwegian trench,Steel,134,156.31214168893794,3.352141281391999,1.1665085200667011
Norwegian trench,Steel,135,157.47865020900466,3.3596535782284387,1.1665085200667011
Norwegian trench,Steel,136,158.64515872907134,3.3670805196361617,1.1665085200667011
Norwegian trench,Steel,137,159.81166724913805,3.374423060455548,1.1665085200667011
Norwegian trench,Steel,138,160.97817576920477,3.381682144976049,1.1665085200667011
Norwegian trench,Steel,139,162.14468428927145,3.3888498518471444,1.1665085200667011
Norwegian trench,Steel,140,163.31119280933817,3.3959348135957357,1.1665085200667011
Norwegian trench,Steel,141,164.47770132940485,3.4029392896642485,1.1665085200667011
Norwegian trench,Steel,142,165.64420984947157,3.409864180292115,1.1665085200667011
Norwegian trench,Steel,143,166.81071836953825,3.416710375772251,1.1665085200667011
Norwegian trench,Steel,144,167.97722688960496,3.4234787565598706,1.1665085200667011
Norwegian trench,Steel,145,169.14373540967168,3.430161990990903,1.1665085200667011
Norwegian trench,Steel,146,170.31024392973836,3.4367680191494334,1.1665085200667011
Norwegian trench,Steel,147,171.47675244980508,3.4432990024238395,1.1665085200667011
Norwegian trench,Steel,148,172.64326096987176,3.4497557801971137,1.1665085200667011
Norwegian trench,Steel,149,173.80976948993847,3.4561391825781262,1.1665085200667011
Norwegian trench,Steel,150,174.97627801000516,3.4624500305030694,1.1665085200667011
Norwegian trench,Steel,151,176.14278653007187,3.4686815384667056,1.1665085200667011
Norwegian trench,Steel,152,177.3092950501386,3.4748410082813566,1.1665085200667011
Norwegian trench,Steel,153,178.47580357020527,3.4809305062124696,1.1665085200667011
Norwegian trench,Steel,154,179.642312090272,3.4869508149005126,1.1665085200667011
Norwegian trench,Steel,155,180.80882061033867,3.492902708338755,1.1665085200667011
Norwegian trench,Steel,156,181.97532913040538,3.498786951967891,1.1665085200667011
Norwegian trench,Steel,157,183.14183765047207,3.5045972661041587,1.1665085200667011
Norwegian trench,Steel,158,184.30834617053878,3.5103403642994175,1.1665085200667011
Norwegian trench,Steel,159,185.47485469060547,3.5160182206791633,1.1665085200667011
Norwegian trench,Steel,160,186.64136321067218,3.5216315649771377,1.1665085200667011
Norwegian trench,Steel,161,187.8078717307389,3.527181118864459,1.1665085200667011
Norwegian trench,Steel,162,188.97438025080558,3.5326675960378178,1.1665085200667011
Norwegian trench,Steel,163,190.1408887708723,3.5380851852554027,1.1665085200667011
Norwegian trench,Steel,164,191.30739729093898,3.5434400579750935,1.1665085200667011
Norwegian trench,Steel,165,192.4739058110057,3.5487340991968073,1.1665085200667011
Norwegian trench,Steel,166,193.64041433107238,3.5539679893240903,1.1665085200667011
Norwegian trench,Steel,167,194.8069228511391,3.5591424012428847,1.1665085200667011
Norwegian trench,Steel,168,195.97343137120578,3.564258000403786,1.1665085200667011
Norwegian trench,Steel,169,197.1399398912725,3.569309409369707,1.1665085200667011
Norwegian trench,Steel,170,198.3064484113392,3.574302300117394,1.1665085200667011
Norwegian trench,Steel,171,199.4729569314059,3.5792384715491656,1.1665085200667011
Norwegian trench,Steel,172,200.6394654514726,3.5841185580730786,1.1665085200667011
Norwegian trench,Steel,173,201.8059739715393,3.588943187087802,1.1665085200667011
Norwegian trench,Steel,174,202.972482491606,3.5937129790593003,1.1665085200667011
Norwegian trench,Steel,175,204.1389910116727,3.598422958260274,1.1665085200667011
Norwegian trench,Steel,176,205.3054995317394,3.6030783365151215,1.1665085200667011
Norwegian trench,Steel,177,206.4720080518061,3.6076808296544423,1.1665085200667011
Norwegian trench,Steel,178,207.6385165718728,3.612231029200125,1.1665085200667011
Norwegian trench,Steel,179,208.8050250919395,3.616729520138515,1.1665085200667011
Norwegian trench,Steel,180,209.9715336120062,3.6211768809919054,1.1665085200667011
Norwegian trench,Steel,181,211.1380421320729,3.625568508004757,1.1665085200667011
Norwegian trench,Steel,182,212.3045506521396,3.629909189143095,1.1665085200667011
Norwegian trench,Steel,183,213.4710591722063,3.6342005601760623,1.1665085200667011
Norwegian trench,Steel,184,214.63756769227302,3.6384431726385036,1.1665085200667011
Norwegian trench,Steel,185,215.8040762123397,3.642637571971527,1.1665085200667011
Norwegian trench,Steel,186,216.97058473240642,3.6467842975891593,1.1665085200667011
Norwegian trench,Steel,187,218.1370932524731,3.6508790901544566,1.1665085200667011
Norwegian trench,Steel,188,219.30360177253982,3.6549263472648557,1.1665085200667011
Norwegian trench,Steel,189,220.4701102926065,3.6589276276109497,1.1665085200667011
Norwegian trench,Steel,190,221.63661881267322,3.662883445443677,1.1665085200667011
Norwegian trench,Steel,191,222.8031273327399,3.6667943093321713,1.1665085200667011
Norwegian trench,Steel,192,223.96963585280662,3.6706607222259335,1.1665085200667011
Norwegian trench,Steel,193,225.13614437287333,3.674478743678883,1.1665085200667011
Norwegian trench,Steel,194,226.30265289294002,3.678252411818626,1.1665085200667011
Norwegian trench,Steel,195,227.46916141300673,3.6819832112027813,1.1665085200667011
Norwegian trench,Steel,196,228.63566993307342,3.6856716213187704,1.1665085200667011
Norwegian trench,Steel,197,229.80217845314013,3.6893181163563162,1.1665085200667011
Norwegian trench,Steel,198,230.96868697320681,3.692923165265382,1.1665085200667011
Norwegian trench,Steel,199,232.13519549327353,3.6964831228404798,1.1665085200667011
Norwegian trench,Steel,200,233.3017040133402,3.7000016962445366,1.1665085200667011
Norwegian trench,Steel,201,234.46821253340693,3.703480298801711,1.1665085200667011
Norwegian trench,Steel,202,235.63472105347364,3.706919377585945,1.1665085200667011
Norwegian trench,Steel,203,236.80122957354033,3.7103193747315966,1.1665085200667011
Norwegian trench,Steel,204,237.96773809360704,3.7136807274875028,1.1665085200667011
Norwegian trench,Steel,205,239.13424661367372,3.717000063978758,1.1665085200667011
Norwegian trench,Steel,206,240.30075513374044,3.7202807866974545,1.1665085200667011
Norwegian trench,Steel,207,241.46726365380712,3.7235242405806512,1.1665085200667011
Norwegian trench,Steel,208,242.63377217387384,3.726730842479968,1.1665085200667011
Norwegian trench,Steel,209,243.80028069394055,3.729901004641353,1.1665085200667011
Norwegian trench,Steel,210,244.96678921400724,3.7330351347555006,1.1665085200667011
Norwegian trench,Steel,211,246.13329773407395,3.7361301139811793,1.1665085200667011
Norwegian trench,Steel,212,247.29980625414063,3.739189064390988,1.1665085200667011
Norwegian trench,Steel,213,248.46631477420735,3.7422132653219218,1.1665085200667011
Norwegian trench,Steel,214,249.63282329427403,3.7452031054463033,1.1665085200667011
Norwegian trench,Steel,215,250.79933181434075,3.748158969142151,1.1665085200667011
Norwegian trench,Steel,216,251.96584033440746,3.7510812365401485,1.1665085200667011
Norwegian trench,Steel,217,253.13234885447415,3.753967023030929,1.1665085200667011
Norwegian trench,Steel,218,254.29885737454086,3.7568191926323866,1.1665085200667011
Norwegian trench,Steel,219,255.46536589460754,3.7596389618042014,1.1665085200667011
Norwegian trench,Steel,220,256.63187441467426,3.762426692944343,1.1665085200667011
Norwegian trench,Steel,221,257.79838293474097,3.765182744446776,1.1665085200667011
Norwegian trench,Steel,222,258.9648914548076,3.7679074707452416,1.1665085200667011
Norwegian trench,Steel,223,260.13139997487434,3.7705982040461667,1.1665085200667011
Norwegian trench,Steel,224,261.29790849494105,3.773257570935154,1.1665085200667011
Norwegian trench,Steel,225,262.46441701500777,3.7758867276490733,1.1665085200667011
Norwegian trench,Steel,226,263.6309255350745,3.7784860120876775,1.1665085200667011
Norwegian trench,Steel,227,264.79743405514114,3.781055758417391,1.1665085200667011
Norwegian trench,Steel,228,265.96394257520785,3.7835962971121537,1.1665085200667011
Norwegian trench,Steel,229,267.13045109527457,3.7861051610623853,1.1665085200667011
Norwegian trench,Steel,230,268.2969596153413,3.7885847584349177,1.1665085200667011
Norwegian trench,Steel,231,269.46346813540794,3.791036187826721,1.1665085200667011
Norwegian trench,Steel,232,270.62997665547465,3.793459764295419,1.1665085200667011
Norwegian trench,Steel,233,271.79648517554136,3.7958557994177022,1.1665085200667011
Norwegian trench,Steel,234,272.9629936956081,3.79822460132738,1.1665085200667011
Norwegian trench,Steel,235,274.1295022156748,3.8005638886573134,1.1665085200667011
Norwegian trench,Steel,236,275.29601073574145,3.802875868683445,1.1665085200667011
Norwegian trench,Steel,237,276.46251925580816,3.8051615848717444,1.1665085200667011
Norwegian trench,Steel,238,277.6290277758749,3.8074213309818745,1.1665085200667011
Norwegian trench,Steel,239,278.7955362959416,3.8096553975278384,1.1665085200667011
Norwegian trench,Steel,240,279.9620448160083,3.8118640718135235,1.1665085200667011
Norwegian trench,Steel,241,281.12855333607496,3.814045244375733,1.1665085200667011
Norwegian trench,Steel,242,282.2950618561417,3.8162009377556547,1.1665085200667011
Norwegian trench,Steel,243,283.4615703762084,3.8183321427214616,1.1665085200667011
Norwegian trench,Steel,244,284.6280788962751,3.8204391331745615,1.1665085200667011
Norwegian trench,Steel,245,285.79458741634176,3.8225221799901368,1.1665085200667011
Norwegian trench,Steel,246,286.96109593640847,3.8245815510502466,1.1665085200667011
Norwegian trench,Steel,247,288.1276044564752,3.826615295979306,1.1665085200667011
Norwegian trench,Steel,248,289.2941129765419,3.8286252674736203,1.1665085200667011
Norwegian trench,Steel,249,290.4606214966086,3.8306124059596685,1.1665085200667011
Norwegian trench,Steel,250,291.62713001667527,3.8325769668230567,1.1665085200667011
Norwegian trench,Steel,251,292.793638536742,3.8345192026277255,1.1665085200667011
Norwegian trench,Steel,252,293.9601470568087,3.836439363146833,1.1665085200667011
Norwegian trench,Steel,253,295.1266555768754,3.838335645223288,1.1665085200667011
Norwegian trench,Steel,254,296.29316409694206,3.840209745429433,1.1665085200667011
Norwegian trench,Steel,255,297.4596726170088,3.8420625561284703,1.1665085200667011
Norwegian trench,Steel,256,298.6261811370755,3.84389431544186,1.1665085200667011
Norwegian trench,Steel,257,299.7926896571422,3.845705258860165,1.1665085200667011
Norwegian trench,Steel,258,300.9591981772089,3.84602606410744,1.1665085200667011
Norwegian trench,Steel,259,302.1257066972756,3.84602606410744,1.1665085200667011
Norwegian trench,Steel,260,303.2922152173423,3.84602606410744,1.1665085200667011
Norwegian trench,Steel,261,304.458723737409,3.84602606410744,1.1665085200667011
Norwegian trench,Steel,262,305.6252322574757,3.84602606410744,1.1665085200667011
Norwegian trench,Steel,263,306.7917407775424,3.84602606410744,1.1665085200667011
Norwegian trench,Steel,264,307.9582492976091,3.84602606410744,1.1665085200667011
Norwegian trench,Steel,265,309.1247578176758,3.84602606410744,1.1665085200667011
Norwegian trench,Steel,266,310.2912663377425,3.84602606410744,1.1665085200667011
Norwegian trench,Steel,267,311.4577748578092,3.84602606410744,1.1665085200667011
Norwegian trench,Steel,268,312.6242833778759,3.84602606410744,1.1665085200667011
Norwegian trench,Steel,269,313.7907918979426,3.84602606410744,1.1665085200667011
Norwegian trench,Steel,270,314.9573004180093,3.84602606410744,1.1665085200667011
Norwegian trench,Steel,271,316.123808938076,3.84602606410744,1.1665085200667011
Norwegian trench,Steel,272,317.2903174581427,3.84602606410744,1.1665085200667011
Norwegian trench,Steel,273,318.4568259782094,3.84602606410744,1.1665085200667011
Norwegian trench,Steel,274,319.6233344982761,3.84602606410744,1.1665085200667011
Norwegian trench,Steel,275,320.7898430183428,3.84602606410744,1.1665085200667011
Norwegian trench,Steel,276,321.95635153840954,3.84602606410744,1.1665085200667011
Norwegian trench,Steel,277,323.1228600584762,3.84602606410744,1.1665085200667011
Norwegian trench,Steel,278,324.2893685785429,3.84602606410744,1.1665085200667011
Norwegian trench,Steel,279,325.4558770986096,3.84602606410744,1.1665085200667011
Norwegian trench,Steel,280,326.62238561867633,3.84602606410744,1.1665085200667011
Norwegian trench,Steel,281,327.78889413874305,3.84602606410744,1.1665085200667011
Norwegian trench,Steel,282,328.9554026588097,3.84602606410744,1.1665085200667011
Norwegian trench,Steel,283,330.1219111788764,3.84602606410744,1.1665085200667011
Norwegian trench,Steel,284,331.28841969894313,3.84602606410744,1.1665085200667011
Norwegian trench,Steel,285,332.45492821900984,3.84602606410744,1.1665085200667011
Norwegian trench,Steel,286,333.6214367390765,3.84602606410744,1.1665085200667011
Norwegian trench,Steel,287,334.7879452591432,3.84602606410744,1.1665085200667011
Norwegian trench,Steel,288,335.9544537792099,3.84602606410744,1.1665085200667011
Norwegian trench,Steel,289,337.12096229927664,3.84602606410744,1.1665085200667011
Norwegian trench,Steel,290,338.28747081934335,3.84602606410744,1.1665085200667011
Norwegian trench,Steel,291,339.45397933941,3.84602606410744,1.1665085200667011
Norwegian trench,Steel,292,340.6204878594767,3.84602606410744,1.1665085200667011
Norwegian trench,Steel,293,341.78699637954344,3.84602606410744,1.1665085200667011
Norwegian trench,Steel,294,342.95350489961015,3.84602606410744,1.1665085200667011
Norwegian trench,Steel,295,344.1200134196768,3.84602606410744,1.1665085200667011
Norwegian trench,Steel,296,345.2865219397435,3.84602606410744,1.1665085200667011
Norwegian trench,Steel,297,346.45303045981024,3.84602606410744,1.1665085200667011
Norwegian trench,Steel,298,347.61953897987695,3.84602606410744,1.1665085200667011
Norwegian trench,Steel,299,348.78604749994366,3.84602606410744,1.1665085200667011
Norwegian trench,Steel,300,349.9525560200103,3.84602606410744,1.1665085200667011
Norwegian trench,Wood_none,0,0.0,1.25426090985969,1.5464394486000514
Norwegian trench,Wood_none,1,1.5464394486000514,1.269284067351816,1.5464394486000514
Norwegian trench,Wood_none,2,3.092878897200103,1.2849442386471719,1.5464394486000514
Norwegian trench,Wood_none,3,4.639318345800154,1.3013590065912912,1.5464394486000514
Norwegian trench,Wood_none,4,6.185757794400206,1.3184593143277108,1.5464394486000514
Norwegian trench,Wood_none,5,7.7321972430002575,1.3363059364578411,1.5464394486000514
Norwegian trench,Wood_none,6,9.278636691600308,1.3548804243623025,1.5464394486000514
Norwegian trench,Wood_none,7,10.82507614020036,1.374183182005552,1.5464394486000514
Norwegian trench,Wood_none,8,12.371515588800412,1.3942479634179274,1.5464394486000514
Norwegian trench,Wood_none,9,13.917955037400462,1.4150132780815423,1.5464394486000514
Norwegian trench,Wood_none,10,15.464394486000515,1.436564864841578,1.5464394486000514
Norwegian trench,Wood_none,11,17.010833934600566,1.4587832531308775,1.5464394486000514
Norwegian trench,Wood_none,12,18.557273383200616,1.481792074517975,1.5464394486000514
Norwegian trench,Wood_none,13,20.103712831800667,1.505448037485253,1.5464394486000514
Norwegian trench,Wood_none,14,21.65015228040072,1.5298317257604548,1.5464394486000514
Norwegian trench,Wood_none,15,23.196591729000772,1.554847924491062,1.5464394486000514
Norwegian trench,Wood_none,16,24.743031177600823,1.5805100877147393,1.5464394486000514
Norwegian trench,Wood_none,17,26.289470626200874,1.6067673933354634,1.5464394486000514
Norwegian trench,Wood_none,18,27.835910074800925,1.6335776728569793,1.5464394486000514
Norwegian trench,Wood_none,19,29.38234952340098,1.6609274501291882,1.5464394486000514
Norwegian trench,Wood_none,20,30.92878897200103,1.6887316076131893,1.5464394486000514
Norwegian trench,Wood_none,21,32.47522842060108,1.7170042035805644,1.5464394486000514
Norwegian trench,Wood_none,22,34.02166786920113,1.7456354386953814,1.5464394486000514
Norwegian trench,Wood_none,23,35.568107317801186,1.7746454543689005,1.5464394486000514
Norwegian trench,Wood_none,24,37.11454676640123,1.8039306935010855,1.5464394486000514
Norwegian trench,Wood_none,25,38.66098621500129,1.833483329652896,1.5464394486000514
Norwegian trench,Wood_none,26,40.207425663601335,1.863232514364357,1.5464394486000514
Norwegian trench,Wood_none,27,41.75386511220139,1.8931445111657725,1.5464394486000514
Norwegian trench,Wood_none,28,43.30030456080144,1.9231681100826539,1.5464394486000514
Norwegian trench,Wood_none,29,44.84674400940149,1.953258605825096,1.5464394486000514
Norwegian trench,Wood_none,30,46.393183458001545,1.9833730216429282,1.5464394486000514
Norwegian trench,Wood_none,31,47.93962290660159,2.0134738884440386,1.5464394486000514
Norwegian trench,Wood_none,32,49.486062355201646,2.0435188302959935,1.5464394486000514
Norwegian trench,Wood_none,33,51.0325018038017,2.0734859052093872,1.5464394486000514
Norwegian trench,Wood_none,34,52.57894125240175,2.1033259543635294,1.5464394486000514
Norwegian trench,Wood_none,35,54.1253807010018,2.1330293092306634,1.5464394486000514
Norwegian trench,Wood_none,36,55.67182014960185,2.1625489259796464,1.5464394486000514
Norwegian trench,Wood_none,37,57.218259598201904,2.1918721126919762,1.5464394486000514
Norwegian trench,Wood_none,38,58.76469904680196,2.2209663143701306,1.5464394486000514
Norwegian trench,Wood_none,39,60.311138495402005,2.249810830206731,1.5464394486000514
Norwegian trench,Wood_none,40,61.85757794400206,2.2783954408636156,1.5464394486000514
Norwegian trench,Wood_none,41,63.40401739260211,2.30668108900618,1.5464394486000514
Norwegian trench,Wood_none,42,64.95045684120215,2.3346835640749033,1.5464394486000514
Norwegian trench,Wood_none,43,66.49689628980221,2.3623397145307887,1.5464394486000514
Norwegian trench,Wood_none,44,68.04333573840226,2.3896902000127302,1.5464394486000514
Norwegian trench,Wood_none,45,69.58977518700232,2.416664412973569,1.5464394486000514
Norwegian trench,Wood_none,46,71.13621463560237,2.4433056492218257,1.5464394486000514
Norwegian trench,Wood_none,47,72.68265408420241,2.4695640352869543,1.5464394486000514
Norwegian trench,Wood_none,48,74.22909353280247,2.495459461907813,1.5464394486000514
Norwegian trench,Wood_none,49,75.77553298140252,2.5209718756451487,1.5464394486000514
Norwegian trench,Wood_none,50,77.32197243000257,2.5460945445920373,1.5464394486000514
Norwegian trench,Wood_none,51,78.86841187860263,2.570838672556107,1.5464394486000514
Norwegian trench,Wood_none,52,80.41485132720267,2.595168326599968,1.5464394486000514
Norwegian trench,Wood_none,53,81.96129077580272,2.6191267216275578,1.5464394486000514
Norwegian trench,Wood_none,54,83.50773022440278,2.6426469112156785,1.5464394486000514
Norwegian trench,Wood_none,55,85.05416967300283,2.6657959519571524,1.5464394486000514
Norwegian trench,Wood_none,56,86.60060912160289,2.6885033693885108,1.5464394486000514
Norwegian trench,Wood_none,57,88.14704857020293,2.710826256515994,1.5464394486000514
Norwegian trench,Wood_none,58,89.69348801880298,2.732719595777566,1.5464394486000514
Norwegian trench,Wood_none,59,91.23992746740304,2.754208833270765,1.5464394486000514
Norwegian trench,Wood_none,60,92.78636691600309,2.775280784540446,1.5464394486000514
Norwegian trench,Wood_none,61,94.33280636460314,2.795929463387439,1.5464394486000514
Norwegian trench,Wood_none,62,95.87924581320318,2.8161747959065733,1.5464394486000514
Norwegian trench,Wood_none,63,97.42568526180324,2.8359787616833345,1.5464394486000514
Norwegian trench,Wood_none,64,98.97212471040329,2.855393155383902,1.5464394486000514
Norwegian trench,Wood_none,65,100.51856415900335,2.8743439399684636,1.5464394486000514
Norwegian trench,Wood_none,66,102.0650036076034,2.8929020288665397,1.5464394486000514
Norwegian trench,Wood_none,67,103.61144305620344,2.910991605541632,1.5464394486000514
Norwegian trench,Wood_none,68,105.1578825048035,2.928665874065257,1.5464394486000514
Norwegian trench,Wood_none,69,106.70432195340355,2.945876357408058,1.5464394486000514
Norwegian trench,Wood_none,70,108.2507614020036,2.962642927766142,1.5464394486000514
Norwegian trench,Wood_none,71,109.79720085060366,2.9789519448216866,1.5464394486000514
Norwegian trench,Wood_none,72,111.3436402992037,2.9947887049989395,1.5464394486000514
Norwegian trench,Wood_none,73,112.89007974780375,3.010176054714408,1.5464394486000514
Norwegian trench,Wood_none,74,114.43651919640381,3.0250631230423464,1.5464394486000514
Norwegian trench,Wood_none,75,115.98295864500386,3.039510619162622,1.5464394486000514
Norwegian trench,Wood_none,76,117.52939809360392,3.0534303420849236,1.5464394486000514
Norwegian trench,Wood_none,77,119.07583754220396,3.066907199446569,1.5464394486000514
Norwegian trench,Wood_none,78,120.62227699080401,3.0798617348066517,1.5464394486000514
Norwegian trench,Wood_none,79,122.16871643940406,3.092352866346031,1.5464394486000514
Norwegian trench,Wood_none,80,123.71515588800412,3.104335327573788,1.5464394486000514
Norwegian trench,Wood_none,81,125.26159533660417,3.116247514131734,1.5464394486000514
Norwegian trench,Wood_none,82,126.80803478520421,3.129810708476095,1.5464394486000514
Norwegian trench,Wood_none,83,128.35447423380427,3.1431610068777904,1.5464394486000514
Norwegian trench,Wood_none,84,129.9009136824043,3.1563154412552814,1.5464394486000514
Norwegian trench,Wood_none,85,131.44735313100438,3.1692555999663483,1.5464394486000514
Norwegian trench,Wood_none,86,132.99379257960442,3.1820135887466994,1.5464394486000514
Norwegian trench,Wood_none,87,134.54023202820449,3.1945561896483565,1.5464394486000514
Norwegian trench,Wood_none,88,136.08667147680453,3.206922796642634,1.5464394486000514
Norwegian trench,Wood_none,89,137.63311092540457,3.2190869158653235,1.5464394486000514
Norwegian trench,Wood_none,90,139.17955037400463,3.2310736533944593,1.5464394486000514
Norwegian trench,Wood_none,91,140.72598982260467,3.2428711852079632,1.5464394486000514
Norwegian trench,Wood_none,92,142.27242927120474,3.254489705133914,1.5464394486000514
Norwegian trench,Wood_none,93,143.81886871980478,3.265931693178313,1.5464394486000514
Norwegian trench,Wood_none,94,145.36530816840482,3.2771932904371597,1.5464394486000514
Norwegian trench,Wood_none,95,146.9117476170049,3.288290445776579,1.5464394486000514
Norwegian trench,Wood_none,96,148.45818706560493,3.2992060692985152,1.5464394486000514
Norwegian trench,Wood_none,97,150.004626514205,3.3099684611716333,1.5464394486000514
Norwegian trench,Wood_none,98,151.55106596280504,3.320549043728689,1.5464394486000514
Norwegian trench,Wood_none,99,153.09750541140508,3.3309808566170265,1.5464394486000514
Norwegian trench,Wood_none,100,154.64394486000515,3.3412425777282477,1.5464394486000514
Norwegian trench,Wood_none,101,156.1903843086052,3.351353951214213,1.5464394486000514
Norwegian trench,Wood_none,102,157.73682375720526,3.361306416655123,1.5464394486000514
Norwegian trench,Wood_none,103,159.2832632058053,3.3711071797308954,1.5464394486000514
Norwegian trench,Wood_none,104,160.82970265440534,3.380759706004665,1.5464394486000514
Norwegian trench,Wood_none,105,162.3761421030054,3.390259386574255,1.5464394486000514
Norwegian trench,Wood_none,106,163.92258155160545,3.39962100961996,1.5464394486000514
Norwegian trench,Wood_none,107,165.46902100020552,3.4088288437109284,1.5464394486000514
Norwegian trench,Wood_none,108,167.01546044880556,3.4179074272625356,1.5464394486000514
Norwegian trench,Wood_none,109,168.5618998974056,3.4268332680433957,1.5464394486000514
Norwegian trench,Wood_none,110,170.10833934600566,3.4356329912060204,1.5464394486000514
Norwegian trench,Wood_none,111,171.6547787946057,3.4442898382592837,1.5464394486000514
Norwegian trench,Wood_none,112,173.20121824320577,3.452819254334448,1.5464394486000514
Norwegian trench,Wood_none,113,174.7476576918058,3.4612152111695207,1.5464394486000514
Norwegian trench,Wood_none,114,176.29409714040585,3.4694826114574453,1.5464394486000514
Norwegian trench,Wood_none,115,177.84053658900592,3.477625537550942,1.5464394486000514
Norwegian trench,Wood_none,116,179.38697603760596,3.4856389593661223,1.5464394486000514
Norwegian trench,Wood_none,117,180.93341548620603,3.4935364775082434,1.5464394486000514
Norwegian trench,Wood_none,118,182.47985493480607,3.50130371195009,1.5464394486000514
Norwegian trench,Wood_none,119,184.0262943834061,3.508961923866916,1.5464394486000514
Norwegian trench,Wood_none,120,185.57273383200618,3.5164918148559656,1.5464394486000514
Norwegian trench,Wood_none,121,187.11917328060622,3.5239147936856146,1.5464394486000514
Norwegian trench,Wood_none,122,188.6656127292063,3.5312177597011725,1.5464394486000514
Norwegian trench,Wood_none,123,190.21205217780633,3.5384127206289455,1.5464394486000514
Norwegian trench,Wood_none,124,191.75849162640637,3.5454955978566116,1.5464394486000514
Norwegian trench,Wood_none,125,193.30493107500644,3.552469535054134,1.5464394486000514
Norwegian trench,Wood_none,126,194.85137052360648,3.5593389538112397,1.5464394486000514
Norwegian trench,Wood_none,127,196.39780997220655,3.566098647198103,1.5464394486000514
Norwegian trench,Wood_none,128,197.94424942080659,3.572761038131153,1.5464394486000514
Norwegian trench,Wood_none,129,199.49068886940663,3.579313059929966,1.5464394486000514
Norwegian trench,Wood_none,130,201.0371283180067,3.585773121489737,1.5464394486000514
Norwegian trench,Wood_none,131,202.58356776660673,3.592125381116747,1.5464394486000514
Norwegian trench,Wood_none,132,204.1300072152068,3.598387011466902,1.5464394486000514
Norwegian trench,Wood_none,133,205.67644666380684,3.604547835613941,1.5464394486000514
Norwegian trench,Wood_none,134,207.22288611240688,3.610617121164249,1.5464394486000514
Norwegian trench,Wood_none,135,208.76932556100695,3.6165922768923555,1.5464394486000514
Norwegian trench,Wood_none,136,210.315765009607,3.622475117614416,1.5464394486000514
Norwegian trench,Wood_none,137,211.86220445820706,3.6282701983122823,1.5464394486000514
Norwegian trench,Wood_none,138,213.4086439068071,3.633972313443414,1.5464394486000514
Norwegian trench,Wood_none,139,214.95508335540714,3.6395927440556304,1.5464394486000514
Norwegian trench,Wood_none,140,216.5015228040072,3.645119677628445,1.5464394486000514
Norwegian trench,Wood_none,141,218.04796225260725,3.650569042962672,1.5464394486000514
Norwegian trench,Wood_none,142,219.59440170120732,3.655927845929426,1.5464394486000514
Norwegian trench,Wood_none,143,221.14084114980736,3.6612098243338944,1.5464394486000514
Norwegian trench,Wood_none,144,222.6872805984074,3.666407131004065,1.5464394486000514
Norwegian trench,Wood_none,145,224.23372004700747,3.6715268567035753,1.5464394486000514
Norwegian trench,Wood_none,146,225.7801594956075,3.6765675322161298,1.5464394486000514
Norwegian trench,Wood_none,147,227.32659894420757,3.681529982163809,1.5464394486000514
Norwegian trench,Wood_none,148,228.87303839280762,3.6864187451461268,1.5464394486000514
Norwegian trench,Wood_none,149,230.41947784140766,3.6912287438350226,1.5464394486000514
Norwegian trench,Wood_none,150,231.96591729000772,3.6959701708135264,1.5464394486000514
Norwegian trench,Wood_none,151,233.51235673860776,3.700632394941137,1.5464394486000514
Norwegian trench,Wood_none,152,235.05879618720783,3.70522919045021,1.5464394486000514
Norwegian trench,Wood_none,153,236.60523563580787,3.7097499076094542,1.5464394486000514
Norwegian trench,Wood_none,154,238.1516750844079,3.7142055036378494,1.5464394486000514
Norwegian trench,Wood_none,155,239.69811453300798,3.718589981403606,1.5464394486000514
Norwegian trench,Wood_none,156,241.24455398160802,3.722908708955124,1.5464394486000514
Norwegian trench,Wood_none,157,242.7909934302081,3.7271610515976143,1.5464394486000514
Norwegian trench,Wood_none,158,244.33743287880813,3.731347109008067,1.5464394486000514
Norwegian trench,Wood_none,159,245.88387232740817,3.7354712971990374,1.5464394486000514
Norwegian trench,Wood_none,160,247.43031177600824,3.7395287541951054,1.5464394486000514
Norwegian trench,Wood_none,161,248.97675122460828,3.7435286487286374,1.5464394486000514
Norwegian trench,Wood_none,162,250.52319067320835,3.747461450362729,1.5464394486000514
Norwegian trench,Wood_none,163,252.0696301218084,3.75133906312012,1.5464394486000514
Norwegian trench,Wood_none,164,253.61606957040843,3.755152766228933,1.5464394486000514
Norwegian trench,Wood_none,165,255.1625090190085,3.758911269967412,1.5464394486000514
Norwegian trench,Wood_none,166,256.70894846760854,3.7626100405815093,1.5464394486000514
Norwegian trench,Wood_none,167,258.2553879162086,3.766253088743291,1.5464394486000514
Norwegian trench,Wood_none,168,259.8018273648086,3.7698403892579377,1.5464394486000514
Norwegian trench,Wood_none,169,261.3482668134087,3.7733715233718876,1.5464394486000514
Norwegian trench,Wood_none,170,262.89470626200875,3.7768507119135353,1.5464394486000514
Norwegian trench,Wood_none,171,264.4411457106088,3.7802733650191316,1.5464394486000514
Norwegian trench,Wood_none,172,265.98758515920883,3.7836476985843595,1.5464394486000514
Norwegian trench,Wood_none,173,267.5340246078089,3.7869651985509263,1.5464394486000514
Norwegian trench,Wood_none,174,269.08046405640897,3.7902361468393524,1.5464394486000514
Norwegian trench,Wood_none,175,270.626903505009,3.7934534087954996,1.5464394486000514
Norwegian trench,Wood_none,176,272.17334295360905,3.7966238825066636,1.5464394486000514
Norwegian trench,Wood_none,177,273.7197824022091,3.7997441866157455,1.5464394486000514
Norwegian trench,Wood_none,178,275.26622185080913,3.8028172676309904,1.5464394486000514
Norwegian trench,Wood_none,179,276.8126612994092,3.8058435347973836,1.5464394486000514
Norwegian trench,Wood_none,180,278.35910074800927,3.808822210592487,1.5464394486000514
Norwegian trench,Wood_none,181,279.9055401966093,3.811757273758454,1.5464394486000514
Norwegian trench,Wood_none,182,281.45197964520935,3.814644440291975,1.5464394486000514
Norwegian trench,Wood_none,183,282.9984190938094,3.8174910470857113,1.5464394486000514
Norwegian trench,Wood_none,184,284.5448585424095,3.820289511598967,1.5464394486000514
Norwegian trench,Wood_none,185,286.0912979910095,3.823048709890789,1.5464394486000514
Norwegian trench,Wood_none,186,287.63773743960957,3.8257628106344623,1.5464394486000514
Norwegian trench,Wood_none,187,289.1841768882096,3.8284372534595295,1.5464394486000514
Norwegian trench,Wood_none,188,290.73061633680965,3.831069559893532,1.5464394486000514
Norwegian trench,Wood_none,189,292.27705578540974,3.8336618469898025,1.5464394486000514
Norwegian trench,Wood_none,190,293.8234952340098,3.8362148232124555,1.5464394486000514
Norwegian trench,Wood_none,191,295.3699346826098,3.838727474681211,1.5464394486000514
Norwegian trench,Wood_none,192,296.91637413120986,3.8412035105852036,1.5464394486000514
Norwegian trench,Wood_none,193,298.4628135798099,3.8436389693274955,1.5464394486000514
Norwegian trench,Wood_none,194,300.00925302841,3.84602606410744,1.5464394486000514
Norwegian trench,Wood_none,195,301.55569247701004,3.84602606410744,1.5464394486000514
Norwegian trench,Wood_none,196,303.1021319256101,3.84602606410744,1.5464394486000514
Norwegian trench,Wood_none,197,304.6485713742101,3.84602606410744,1.5464394486000514
Norwegian trench,Wood_none,198,306.19501082281016,3.84602606410744,1.5464394486000514
Norwegian trench,Wood_none,199,307.74145027141026,3.84602606410744,1.5464394486000514
Norwegian trench,Wood_none,200,309.2878897200103,3.84602606410744,1.5464394486000514
Norwegian trench,Wood_none,201,310.83432916861034,3.84602606410744,1.5464394486000514
Norwegian trench,Wood_none,202,312.3807686172104,3.84602606410744,1.5464394486000514
Norwegian trench,Wood_none,203,313.9272080658104,3.84602606410744,1.5464394486000514
Norwegian trench,Wood_none,204,315.4736475144105,3.84602606410744,1.5464394486000514
Norwegian trench,Wood_none,205,317.02008696301056,3.84602606410744,1.5464394486000514
Norwegian trench,Wood_none,206,318.5665264116106,3.84602606410744,1.5464394486000514
Norwegian trench,Wood_none,207,320.11296586021064,3.84602606410744,1.5464394486000514
Norwegian trench,Wood_none,208,321.6594053088107,3.84602606410744,1.5464394486000514
Norwegian trench,Wood_none,209,323.2058447574108,3.84602606410744,1.5464394486000514
Norwegian trench,Wood_none,210,324.7522842060108,3.84602606410744,1.5464394486000514
Norwegian trench,Wood_none,211,326.29872365461085,3.84602606410744,1.5464394486000514
Norwegian trench,Wood_none,212,327.8451631032109,3.84602606410744,1.5464394486000514
Norwegian trench,Wood_none,213,329.39160255181093,3.84602606410744,1.5464394486000514
Norwegian trench,Wood_none,214,330.93804200041103,3.84602606410744,1.5464394486000514
Norwegian trench,Wood_none,215,332.48448144901107,3.84602606410744,1.5464394486000514
Norwegian trench,Wood_none,216,334.0309208976111,3.84602606410744,1.5464394486000514
Norwegian trench,Wood_none,217,335.57736034621115,3.84602606410744,1.5464394486000514
Norwegian trench,Wood_none,218,337.1237997948112,3.84602606410744,1.5464394486000514
Norwegian trench,Wood_none,219,338.6702392434113,3.84602606410744,1.5464394486000514
Norwegian trench,Wood_none,220,340.2166786920113,3.84602606410744,1.5464394486000514
Norwegian trench,Wood_none,221,341.76311814061137,3.84602606410744,1.5464394486000514
Norwegian trench,Wood_none,222,343.3095575892114,3.84602606410744,1.5464394486000514
Norwegian trench,Wood_none,223,344.85599703781145,3.84602606410744,1.5464394486000514
Norwegian trench,Wood_none,224,346.40243648641155,3.84602606410744,1.5464394486000514
Norwegian trench,Wood_none,225,347.9488759350116,3.84602606410744,1.5464394486000514
Norwegian trench,Wood_none,226,349.4953153836116,3.84602606410744,1.5464394486000514
Norwegian trench,Wood_none,227,351.04175483221167,3.84602606410744,1.5464394486000514
Norwegian trench,Wood_none,228,352.5881942808117,3.84602606410744,1.5464394486000514
Norwegian trench,Wood_none,229,354.1346337294118,3.84602606410744,1.5464394486000514
Norwegian trench,Wood_none,230,355.68107317801184,3.84602606410744,1.5464394486000514
Norwegian trench,Wood_none,231,357.2275126266119,3.84602606410744,1.5464394486000514
Norwegian trench,Wood_none,232,358.7739520752119,3.84602606410744,1.5464394486000514
Norwegian trench,Wood_none,233,360.32039152381196,3.84602606410744,1.5464394486000514
Norwegian trench,Wood_none,234,361.86683097241206,3.84602606410744,1.5464394486000514
Norwegian trench,Wood_none,235,363.4132704210121,3.84602606410744,1.5464394486000514
Norwegian trench,Wood_none,236,364.95970986961214,3.84602606410744,1.5464394486000514
Norwegian trench,Wood_none,237,366.5061493182122,3.84602606410744,1.5464394486000514
Norwegian trench,Wood_none,238,368.0525887668122,3.84602606410744,1.5464394486000514
Norwegian trench,Wood_none,239,369.5990282154123,3.84602606410744,1.5464394486000514
Norwegian trench,Wood_none,240,371.14546766401236,3.84602606410744,1.5464394486000514
Norwegian trench,Wood_none,241,372.6919071126124,3.84602606410744,1.5464394486000514
Norwegian trench,Wood_none,242,374.23834656121244,3.84602606410744,1.5464394486000514
Norwegian trench,Wood_none,243,375.7847860098125,3.84602606410744,1.5464394486000514
Norwegian trench,Wood_none,244,377.3312254584126,3.84602606410744,1.5464394486000514
Norwegian trench,Wood_none,245,378.8776649070126,3.84602606410744,1.5464394486000514
Norwegian trench,Wood_none,246,380.42410435561266,3.84602606410744,1.5464394486000514
Norwegian trench,Wood_none,247,381.9705438042127,3.84602606410744,1.5464394486000514
Norwegian trench,Wood_none,248,383.51698325281274,3.84602606410744,1.5464394486000514
Norwegian trench,Wood_none,249,385.06342270141283,3.84602606410744,1.5464394486000514
Norwegian trench,Wood_none,250,386.6098621500129,3.84602606410744,1.5464394486000514
Norwegian trench,Wood_none,251,388.1563015986129,3.84602606410744,1.5464394486000514
Norwegian trench,Wood_none,252,389.70274104721295,3.84602606410744,1.5464394486000514
Norwegian trench,Wood_none,253,391.249180495813,3.84602606410744,1.5464394486000514
Norwegian trench,Wood_none,254,392.7956199444131,3.84602606410744,1.5464394486000514
Norwegian trench,Wood_none,255,394.34205939301313,3.84602606410744,1.5464394486000514
Norwegian trench,Wood_none,256,395.88849884161317,3.84602606410744,1.5464394486000514
Norwegian trench,Wood_none,257,397.4349382902132,3.84602606410744,1.5464394486000514
Norwegian trench,Wood_none,258,398.98137773881325,3.84602606410744,1.5464394486000514
Norwegian trench,Wood_none,259,400.52781718741335,3.84602606410744,1.5464394486000514
Norwegian trench,Wood_none,260,402.0742566360134,3.84602606410744,1.5464394486000514
Norwegian trench,Wood_none,261,403.6206960846134,3.84602606410744,1.5464394486000514
Norwegian trench,Wood_none,262,405.16713553321347,3.84602606410744,1.5464394486000514
Norwegian trench,Wood_none,263,406.7135749818135,3.84602606410744,1.5464394486000514
Norwegian trench,Wood_none,264,408.2600144304136,3.84602606410744,1.5464394486000514
Norwegian trench,Wood_none,265,409.80645387901365,3.84602606410744,1.5464394486000514
Norwegian trench,Wood_none,266,411.3528933276137,3.84602606410744,1.5464394486000514
Norwegian trench,Wood_none,267,412.8993327762137,3.84602606410744,1.5464394486000514
Norwegian trench,Wood_none,268,414.44577222481377,3.84602606410744,1.5464394486000514
Norwegian trench,Wood_none,269,415.99221167341386,3.84602606410744,1.5464394486000514
Norwegian trench,Wood_none,270,417.5386511220139,3.84602606410744,1.5464394486000514
Norwegian trench,Wood_none,271,419.08509057061394,3.84602606410744,1.5464394486000514
Norwegian trench,Wood_none,272,420.631530019214,3.84602606410744,1.5464394486000514
Norwegian trench,Wood_none,273,422.177969467814,3.84602606410744,1.5464394486000514
Norwegian trench,Wood_none,274,423.7244089164141,3.84602606410744,1.5464394486000514
Norwegian trench,Wood_none,275,425.27084836501416,3.84602606410744,1.5464394486000514
Norwegian trench,Wood_none,276,426.8172878136142,3.84602606410744,1.5464394486000514
Norwegian trench,Wood_none,277,428.36372726221424,3.84602606410744,1.5464394486000514
Norwegian trench,Wood_none,278,429.9101667108143,3.84602606410744,1.5464394486000514
Norwegian trench,Wood_none,279,431.4566061594144,3.84602606410744,1.5464394486000514
Norwegian trench,Wood_none,280,433.0030456080144,3.84602606410744,1.5464394486000514
Norwegian trench,Wood_none,281,434.54948505661446,3.84602606410744,1.5464394486000514
Norwegian trench,Wood_none,282,436.0959245052145,3.84602606410744,1.5464394486000514
Norwegian trench,Wood_none,283,437.64236395381454,3.84602606410744,1.5464394486000514
Norwegian trench,Wood_none,284,439.18880340241464,3.84602606410744,1.5464394486000514
Norwegian trench,Wood_none,285,440.7352428510147,3.84602606410744,1.5464394486000514
Norwegian trench,Wood_none,286,442.2816822996147,3.84602606410744,1.5464394486000514
Norwegian trench,Wood_none,287,443.82812174821476,3.84602606410744,1.5464394486000514
Norwegian trench,Wood_none,288,445.3745611968148,3.84602606410744,1.5464394486000514
Norwegian trench,Wood_none,289,446.9210006454149,3.84602606410744,1.5464394486000514
Norwegian trench,Wood_none,290,448.46744009401493,3.84602606410744,1.5464394486000514
Norwegian trench,Wood_none,291,450.013879542615,3.84602606410744,1.5464394486000514
Norwegian trench,Wood_none,292,451.560318991215,3.84602606410744,1.5464394486000514
Norwegian trench,Wood_none,293,453.10675843981505,3.84602606410744,1.5464394486000514
Norwegian trench,Wood_none,294,454.65319788841515,3.84602606410744,1.5464394486000514
Norwegian trench,Wood_none,295,456.1996373370152,3.84602606410744,1.5464394486000514
Norwegian trench,Wood_none,296,457.74607678561523,3.84602606410744,1.5464394486000514
Norwegian trench,Wood_none,297,459.29251623421527,3.84602606410744,1.5464394486000514
Norwegian trench,Wood_none,298,460.8389556828153,3.84602606410744,1.5464394486000514
Norwegian trench,Wood_none,299,462.3853951314154,3.84602606410744,1.5464394486000514
Norwegian trench,Wood_none,300,463.93183458001545,3.84602606410744,1.5464394486000514
Norwegian trench,Wood_high,0,0.0,1.25426090985969,2.31388820920547
Norwegian trench,Wood_high,1,2.31388820920547,1.2769751357268804,2.31388820920547
Norwegian trench,Wood_high,2,4.62777641841094,1.3012344690808464,2.31388820920547
Norwegian trench,Wood_high,3,6.94166462761641,1.3270733740381113,2.31388820920547
Norwegian trench,Wood_high,4,9.25555283682188,1.3545960965831965,2.31388820920547
Norwegian trench,Wood_high,5,11.569441046027348,1.3837578419568106,2.31388820920547
Norwegian trench,Wood_high,6,13.88332925523282,1.4145439875782677,2.31388820920547
Norwegian trench,Wood_high,7,16.19721746443829,1.4470064709535433,2.31388820920547
Norwegian trench,Wood_high,8,18.51110567364376,1.4810963880582149,2.31388820920547
Norwegian trench,Wood_high,9,20.824993882849228,1.5167355971007748,2.31388820920547
Norwegian trench,Wood_high,10,23.138882092054697,1.5538974013535607,2.31388820920547
Norwegian trench,Wood_high,11,25.452770301260166,1.5924948115718827,2.31388820920547
Norwegian trench,Wood_high,12,27.76665851046564,1.6323698356169931,2.31388820920547
Norwegian trench,Wood_high,13,30.08054671967111,1.6734150503050338,2.31388820920547
Norwegian trench,Wood_high,14,32.39443492887658,1.715516933653099,2.31388820920547
Norwegian trench,Wood_high,15,34.708323138082044,1.7584831722662406,2.31388820920547
Norwegian trench,Wood_high,16,37.02221134728752,1.8021698776543567,2.31388820920547
Norwegian trench,Wood_high,17,39.33609955649299,1.8464487660134195,2.31388820920547
Norwegian trench,Wood_high,18,41.649987765698455,1.891132254873065,2.31388820920547
Norwegian trench,Wood_high,19,43.96387597490393,1.9360727241897853,2.31388820920547
Norwegian trench,Wood_high,20,46.277764184109394,1.9811255484059016,2.31388820920547
Norwegian trench,Wood_high,21,48.59165239331487,2.0261490557508837,2.31388820920547
Norwegian trench,Wood_high,22,50.90554060252033,2.0710287825148264,2.31388820920547
Norwegian trench,Wood_high,23,53.219428811725805,2.11564787293294,2.31388820920547
Norwegian trench,Wood_high,24,55.53331702093128,2.159911330730481,2.31388820920547
Norwegian trench,Wood_high,25,57.847205230136744,2.203735817444055,2.31388820920547
Norwegian trench,Wood_high,26,60.16109343934222,2.2470277731228037,2.31388820920547
Norwegian trench,Wood_high,27,62.47498164854768,2.289718728549535,2.31388820920547
Norwegian trench,Wood_high,28,64.78886985775316,2.331765664226693,2.31388820920547
Norwegian trench,Wood_high,29,67.10275806695863,2.373100873697955,2.31388820920547
Norwegian trench,Wood_high,30,69.41664627616409,2.413660386017941,2.31388820920547
Norwegian trench,Wood_high,31,71.73053448536956,2.4534377820962177,2.31388820920547
Norwegian trench,Wood_high,32,74.04442269457503,2.4923980125148324,2.31388820920547
Norwegian trench,Wood_high,33,76.3583109037805,2.5304817850165793,2.31388820920547
Norwegian trench,Wood_high,34,78.67219911298598,2.567713259150981,2.31388820920547
Norwegian trench,Wood_high,35,80.98608732219144,2.6040777702252806,2.31388820920547
Norwegian trench,Wood_high,36,83.29997553139691,2.63951163540288,2.31388820920547
Norwegian trench,Wood_high,37,85.61386374060238,2.67405157233244,2.31388820920547
Norwegian trench,Wood_high,38,87.92775194980786,2.7076921759651382,2.31388820920547
Norwegian trench,Wood_high,39,90.24164015901331,2.7403857776107055,2.31388820920547
Norwegian trench,Wood_high,40,92.55552836821879,2.772155121958252,2.31388820920547
Norwegian trench,Wood_high,41,94.86941657742426,2.8030079355029525,2.31388820920547
Norwegian trench,Wood_high,42,97.18330478662973,2.832908972229956,2.31388820920547
Norwegian trench,Wood_high,43,99.4971929958352,2.861862340059204,2.31388820920547
Norwegian trench,Wood_high,44,101.81108120504067,2.8898789690320674,2.31388820920547
Norwegian trench,Wood_high,45,104.12496941424614,2.9169185261965938,2.31388820920547
Norwegian trench,Wood_high,46,106.43885762345161,2.9429491954726474,2.31388820920547
Norwegian trench,Wood_high,47,108.75274583265708,2.9679868052228913,2.31388820920547
Norwegian trench,Wood_high,48,111.06663404186256,2.992001087714317,2.31388820920547
Norwegian trench,Wood_high,49,113.38052225106802,3.0149398019143816,2.31388820920547
Norwegian trench,Wood_high,50,115.69441046027349,3.036835933259536,2.31388820920547
Norwegian trench,Wood_high,51,118.00829866947896,3.0576745693445067,2.31388820920547
Norwegian trench,Wood_high,52,120.32218687868443,3.0773845410705056,2.31388820920547
Norwegian trench,Wood_high,53,122.63607508788989,3.0960187775103827,2.31388820920547
Norwegian trench,Wood_high,54,124.94996329709537,3.1135693853440323,2.31388820920547
Norwegian trench,Wood_high,55,127.26385150630084,3.133766483312971,2.31388820920547
Norwegian trench,Wood_high,56,129.5777397155063,3.1535779201145067,2.31388820920547
Norwegian trench,Wood_high,57,131.89162792471177,3.1729444151500608,2.31388820920547
Norwegian trench,Wood_high,58,134.20551613391726,3.191859178608369,2.31388820920547
Norwegian trench,Wood_high,59,136.51940434312272,3.210340547337158,2.31388820920547
Norwegian trench,Wood_high,60,138.83329255232817,3.228406870812447,2.31388820920547
Norwegian trench,Wood_high,61,141.14718076153366,3.246056226551787,2.31388820920547
Norwegian trench,Wood_high,62,143.46106897073912,3.26329681878554,2.31388820920547
Norwegian trench,Wood_high,63,145.7749571799446,3.280150253549134,2.31388820920547
Norwegian trench,Wood_high,64,148.08884538915007,3.2966188485993975,2.31388820920547
Norwegian trench,Wood_high,65,150.40273359835552,3.3127019617941285,2.31388820920547
Norwegian trench,Wood_high,66,152.716621807561,3.328423931533033,2.31388820920547
Norwegian trench,Wood_high,67,155.03051001676647,3.3437907512663547,2.31388820920547
Norwegian trench,Wood_high,68,157.34439822597196,3.358794091120013,2.31388820920547
Norwegian trench,Wood_high,69,159.65828643517742,3.373460553656138,2.31388820920547
Norwegian trench,Wood_high,70,161.97217464438287,3.3877975974127548,2.31388820920547
Norwegian trench,Wood_high,71,164.28606285358836,3.401795356233972,2.31388820920547
Norwegian trench,Wood_high,72,166.59995106279382,3.415477170421883,2.31388820920547
Norwegian trench,Wood_high,73,168.9138392719993,3.4288517000423213,2.31388820920547
Norwegian trench,Wood_high,74,171.22772748120477,3.44191301169822,2.31388820920547
Norwegian trench,Wood_high,75,173.54161569041023,3.454676279696104,2.31388820920547
Norwegian trench,Wood_high,76,175.8555038996157,3.4671529101595056,2.31388820920547
Norwegian trench,Wood_high,77,178.16939210882117,3.479340415786801,2.31388820920547
Norwegian trench,Wood_high,78,180.48328031802663,3.491246802353399,2.31388820920547
Norwegian trench,Wood_high,79,182.79716852723212,3.502885811157942,2.31388820920547
Norwegian trench,Wood_high,80,185.11105673643758,3.514257962158697,2.31388820920547
Norwegian trench,Wood_high,81,187.42494494564306,3.5253649925183472,2.31388820920547
Norwegian trench,Wood_high,82,189.73883315484852,3.536222610833333,2.31388820920547
Norwegian trench,Wood_high,83,192.05272136405398,3.546833949071552,2.31388820920547
Norwegian trench,Wood_high,84,194.36660957325947,3.5571952867857357,2.31388820920547
Norwegian trench,Wood_high,85,196.68049778246493,3.5673239710612084,2.31388820920547
Norwegian trench,Wood_high,86,198.9943859916704,3.57722515298826,2.31388820920547
Norwegian trench,Wood_high,87,201.30827420087587,3.5868910965103296,2.31388820920547
Norwegian trench,Wood_high,88,203.62216241008133,3.596339781855843,2.31388820920547
Norwegian trench,Wood_high,89,205.93605061928682,3.6055762511094365,2.31388820920547
Norwegian trench,Wood_high,90,208.24993882849228,3.6145955469824558,2.31388820920547
Norwegian trench,Wood_high,91,210.56382703769776,3.6234098835385975,2.31388820920547
Norwegian trench,Wood_high,92,212.87771524690322,3.632026263189727,2.31388820920547
Norwegian trench,Wood_high,93,215.19160345610868,3.6404421670497245,2.31388820920547
Norwegian trench,Wood_high,94,217.50549166531417,3.6486647404939507,2.31388820920547
Norwegian trench,Wood_high,95,219.81937987451963,3.656702658155696,2.31388820920547
Norwegian trench,Wood_high,96,222.1332680837251,3.6645555325069585,2.31388820920547
Norwegian trench,Wood_high,97,224.44715629293057,3.6722260697585343,2.31388820920547
Norwegian trench,Wood_high,98,226.76104450213603,3.6797243586549353,2.31388820920547
Norwegian trench,Wood_high,99,229.07493271134152,3.687051866353155,2.31388820920547
Norwegian trench,Wood_high,100,231.38882092054698,3.6942074274707033,2.31388820920547
Norwegian trench,Wood_high,101,233.70270912975244,3.7012023140097705,2.31388820920547
Norwegian trench,Wood_high,102,236.01659733895792,3.7080395988072117,2.31388820920547
Norwegian trench,Wood_high,103,238.33048554816338,3.7147147560055407,2.31388820920547
Norwegian trench,Wood_high,104,240.64437375736887,3.7212400347619834,2.31388820920547
Norwegian trench,Wood_high,105,242.95826196657433,3.7276187533811895,2.31388820920547
Norwegian trench,Wood_high,106,245.27215017577979,3.7338468944305396,2.31388820920547
Norwegian trench,Wood_high,107,247.58603838498527,3.7399340913834656,2.31388820920547
Norwegian trench,Wood_high,108,249.89992659419073,3.745884575832247,2.31388820920547
Norwegian trench,Wood_high,109,252.21381480339622,3.7516960547408638,2.31388820920547
Norwegian trench,Wood_high,110,254.52770301260168,3.7573745795545954,2.31388820920547
Norwegian trench,Wood_high,111,256.84159122180716,3.762925577842672,2.31388820920547
Norwegian trench,Wood_high,112,259.1554794310126,3.7683482661680108,2.31388820920547
Norwegian trench,Wood_high,113,261.4693676402181,3.7736455542514977,2.31388820920547
Norwegian trench,Wood_high,114,263.78325584942354,3.778823884587571,2.31388820920547
Norwegian trench,Wood_high,115,266.097144058629,3.783883789702154,2.31388820920547
Norwegian trench,Wood_high,116,268.4110322678345,3.788825434733033,2.31388820920547
Norwegian trench,Wood_high,117,270.72492047704,3.793656115062172,2.31388820920547
Norwegian trench,Wood_high,118,273.03880868624543,3.7983775048248387,2.31388820920547
Norwegian trench,Wood_high,119,275.3526968954509,3.802987382378104,2.31388820920547
Norwegian trench,Wood_high,120,277.66658510465635,3.807493751224488,2.31388820920547
Norwegian trench,Wood_high,121,279.98047331386186,3.8118989030848347,2.31388820920547
Norwegian trench,Wood_high,122,282.2943615230673,3.8161996531932947,2.31388820920547
Norwegian trench,Wood_high,123,284.6082497322728,3.8204034823917548,2.31388820920547
Norwegian trench,Wood_high,124,286.92213794147824,3.824512895544178,2.31388820920547
Norwegian trench,Wood_high,125,289.2360261506837,3.8285259266887963,2.31388820920547
Norwegian trench,Wood_high,126,291.5499143598892,3.8324475265496036,2.31388820920547
Norwegian trench,Wood_high,127,293.8638025690947,3.836281054355147,2.31388820920547
Norwegian trench,Wood_high,128,296.17769077830013,3.8400256127066306,2.31388820920547
Norwegian trench,Wood_high,129,298.4915789875056,3.8436839301214634,2.31388820920547
Norwegian trench,Wood_high,130,300.80546719671105,3.84602606410744,2.31388820920547
Norwegian trench,Wood_high,131,303.11935540591656,3.84602606410744,2.31388820920547
Norwegian trench,Wood_high,132,305.433243615122,3.84602606410744,2.31388820920547
Norwegian trench,Wood_high,133,307.7471318243275,3.84602606410744,2.31388820920547
Norwegian trench,Wood_high,134,310.06102003353294,3.84602606410744,2.31388820920547
Norwegian trench,Wood_high,135,312.3749082427384,3.84602606410744,2.31388820920547
Norwegian trench,Wood_high,136,314.6887964519439,3.84602606410744,2.31388820920547
Norwegian trench,Wood_high,137,317.0026846611494,3.84602606410744,2.31388820920547
Norwegian trench,Wood_high,138,319.31657287035483,3.84602606410744,2.31388820920547
Norwegian trench,Wood_high,139,321.6304610795603,3.84602606410744,2.31388820920547
Norwegian trench,Wood_high,140,323.94434928876575,3.84602606410744,2.31388820920547
Norwegian trench,Wood_high,141,326.25823749797127,3.84602606410744,2.31388820920547
Norwegian trench,Wood_high,142,328.5721257071767,3.84602606410744,2.31388820920547
Norwegian trench,Wood_high,143,330.8860139163822,3.84602606410744,2.31388820920547
Norwegian trench,Wood_high,144,333.19990212558764,3.84602606410744,2.31388820920547
Norwegian trench,Wood_high,145,335.5137903347931,3.84602606410744,2.31388820920547
Norwegian trench,Wood_high,146,337.8276785439986,3.84602606410744,2.31388820920547
Norwegian trench,Wood_high,147,340.1415667532041,3.84602606410744,2.31388820920547
Norwegian trench,Wood_high,148,342.45545496240953,3.84602606410744,2.31388820920547
Norwegian trench,Wood_high,149,344.769343171615,3.84602606410744,2.31388820920547
Norwegian trench,Wood_high,150,347.08323138082045,3.84602606410744,2.31388820920547
Norwegian trench,Wood_high,151,349.3971195900259,3.84602606410744,2.31388820920547
Norwegian trench,Wood_high,152,351.7110077992314,3.84602606410744,2.31388820920547
Norwegian trench,Wood_high,153,354.0248960084369,3.84602606410744,2.31388820920547
Norwegian trench,Wood_high,154,356.33878421764234,3.84602606410744,2.31388820920547
Norwegian trench,Wood_high,155,358.6526724268478,3.84602606410744,2.31388820920547
Norwegian trench,Wood_high,156,360.96656063605326,3.84602606410744,2.31388820920547
Norwegian trench,Wood_high,157,363.2804488452588,3.84602606410744,2.31388820920547
Norwegian trench,Wood_high,158,365.59433705446423,3.84602606410744,2.31388820920547
Norwegian trench,Wood_high,159,367.9082252636697,3.84602606410744,2.31388820920547
Norwegian trench,Wood_high,160,370.22211347287515,3.84602606410744,2.31388820920547
Norwegian trench,Wood_high,161,372.5360016820806,3.84602606410744,2.31388820920547
Norwegian trench,Wood_high,162,374.8498898912861,3.84602606410744,2.31388820920547
Norwegian trench,Wood_high,163,377.1637781004916,3.84602606410744,2.31388820920547
Norwegian trench,Wood_high,164,379.47766630969704,3.84602606410744,2.31388820920547
Norwegian trench,Wood_high,165,381.7915545189025,3.84602606410744,2.31388820920547
Norwegian trench,Wood_high,166,384.10544272810796,3.84602606410744,2.31388820920547
Norwegian trench,Wood_high,167,386.4193309373135,3.84602606410744,2.31388820920547
Norwegian trench,Wood_high,168,388.73321914651893,3.84602606410744,2.31388820920547
Norwegian trench,Wood_high,169,391.0471073557244,3.84602606410744,2.31388820920547
Norwegian trench,Wood_high,170,393.36099556492985,3.84602606410744,2.31388820920547
Norwegian trench,Wood_high,171,395.6748837741353,3.84602606410744,2.31388820920547
Norwegian trench,Wood_high,172,397.9887719833408,3.84602606410744,2.31388820920547
Norwegian trench,Wood_high,173,400.3026601925463,3.84602606410744,2.31388820920547
Norwegian trench,Wood_high,174,402.61654840175174,3.84602606410744,2.31388820920547
Norwegian trench,Wood_high,175,404.9304366109572,3.84602606410744,2.31388820920547
Norwegian trench,Wood_high,176,407.24432482016266,3.84602606410744,2.31388820920547
Norwegian trench,Wood_high,177,409.5582130293682,3.84602606410744,2.31388820920547
Norwegian trench,Wood_high,178,411.87210123857363,3.84602606410744,2.31388820920547
Norwegian trench,Wood_high,179,414.1859894477791,3.84602606410744,2.31388820920547
Norwegian trench,Wood_high,180,416.49987765698455,3.84602606410744,2.31388820920547
Norwegian trench,Wood_high,181,418.81376586619,3.84602606410744,2.31388820920547
Norwegian trench,Wood_high,182,421.1276540753955,3.84602606410744,2.31388820920547
Norwegian trench,Wood_high,183,423.441542284601,3.84602606410744,2.31388820920547
Norwegian trench,Wood_high,184,425.75543049380644,3.84602606410744,2.31388820920547
Norwegian trench,Wood_high,185,428.0693187030119,3.84602606410744,2.31388820920547
Norwegian trench,Wood_high,186,430.38320691221736,3.84602606410744,2.31388820920547
Norwegian trench,Wood_high,187,432.6970951214229,3.84602606410744,2.31388820920547
Norwegian trench,Wood_high,188,435.01098333062833,3.84602606410744,2.31388820920547
Norwegian trench,Wood_high,189,437.3248715398338,3.84602606410744,2.31388820920547
Norwegian trench,Wood_high,190,439.63875974903925,3.84602606410744,2.31388820920547
Norwegian trench,Wood_high,191,441.9526479582447,3.84602606410744,2.31388820920547
Norwegian trench,Wood_high,192,444.2665361674502,3.84602606410744,2.31388820920547
Norwegian trench,Wood_high,193,446.5804243766557,3.84602606410744,2.31388820920547
Norwegian trench,Wood_high,194,448.89431258586114,3.84602606410744,2.31388820920547
Norwegian trench,Wood_high,195,451.2082007950666,3.84602606410744,2.31388820920547
Norwegian trench,Wood_high,196,453.52208900427206,3.84602606410744,2.31388820920547
Norwegian trench,Wood_high,197,455.8359772134775,3.84602606410744,2.31388820920547
Norwegian trench,Wood_high,198,458.14986542268304,3.84602606410744,2.31388820920547
Norwegian trench,Wood_high,199,460.4637536318885,3.84602606410744,2.31388820920547
Norwegian trench,Wood_high,200,462.77764184109395,3.84602606410744,2.31388820920547
Norwegian trench,Wood_high,201,465.0915300502994,3.84602606410744,2.31388820920547
Norwegian trench,Wood_high,202,467.40541825950487,3.84602606410744,2.31388820920547
Norwegian trench,Wood_high,203,469.7193064687104,3.84602606410744,2.31388820920547
Norwegian trench,Wood_high,204,472.03319467791584,3.84602606410744,2.31388820920547
Norwegian trench,Wood_high,205,474.3470828871213,3.84602606410744,2.31388820920547
Norwegian trench,Wood_high,206,476.66097109632676,3.84602606410744,2.31388820920547
Norwegian trench,Wood_high,207,478.9748593055322,3.84602606410744,2.31388820920547
Norwegian trench,Wood_high,208,481.28874751473774,3.84602606410744,2.31388820920547
Norwegian trench,Wood_high,209,483.6026357239432,3.84602606410744,2.31388820920547
Norwegian trench,Wood_high,210,485.91652393314865,3.84602606410744,2.31388820920547
Norwegian trench,Wood_high,211,488.2304121423541,3.84602606410744,2.31388820920547
Norwegian trench,Wood_high,212,490.54430035155957,3.84602606410744,2.31388820920547
Norwegian trench,Wood_high,213,492.8581885607651,3.84602606410744,2.31388820920547
Norwegian trench,Wood_high,214,495.17207676997054,3.84602606410744,2.31388820920547
Norwegian trench,Wood_high,215,497.485964979176,3.84602606410744,2.31388820920547
Norwegian trench,Wood_high,216,499.79985318838146,3.84602606410744,2.31388820920547
Norwegian trench,Wood_high,217,502.1137413975869,3.84602606410744,2.31388820920547
Norwegian trench,Wood_high,218,504.42762960679244,3.84602606410744,2.31388820920547
Norwegian trench,Wood_high,219,506.7415178159979,3.84602606410744,2.31388820920547
Norwegian trench,Wood_high,220,509.05540602520335,3.84602606410744,2.31388820920547
Norwegian trench,Wood_high,221,511.3692942344088,3.84602606410744,2.31388820920547
Norwegian trench,Wood_high,222,513.6831824436143,3.84602606410744,2.31388820920547
Norwegian trench,Wood_high,223,515.9970706528197,3.84602606410744,2.31388820920547
Norwegian trench,Wood_high,224,518.3109588620252,3.84602606410744,2.31388820920547
Norwegian trench,Wood_high,225,520.6248470712306,3.84602606410744,2.31388820920547
Norwegian trench,Wood_high,226,522.9387352804362,3.84602606410744,2.31388820920547
Norwegian trench,Wood_high,227,525.2526234896417,3.84602606410744,2.31388820920547
Norwegian trench,Wood_high,228,527.5665116988471,3.84602606410744,2.31388820920547
Norwegian trench,Wood_high,229,529.8803999080526,3.84602606410744,2.31388820920547
Norwegian trench,Wood_high,230,532.194288117258,3.84602606410744,2.31388820920547
Norwegian trench,Wood_high,231,534.5081763264635,3.84602606410744,2.31388820920547
Norwegian trench,Wood_high,232,536.822064535669,3.84602606410744,2.31388820920547
Norwegian trench,Wood_high,233,539.1359527448744,3.84602606410744,2.31388820920547
Norwegian trench,Wood_high,234,541.44984095408,3.84602606410744,2.31388820920547
Norwegian trench,Wood_high,235,543.7637291632853,3.84602606410744,2.31388820920547
Norwegian trench,Wood_high,236,546.0776173724909,3.84602606410744,2.31388820920547
Norwegian trench,Wood_high,237,548.3915055816964,3.84602606410744,2.31388820920547
Norwegian trench,Wood_high,238,550.7053937909018,3.84602606410744,2.31388820920547
Norwegian trench,Wood_high,239,553.0192820001073,3.84602606410744,2.31388820920547
Norwegian trench,Wood_high,240,555.3331702093127,3.84602606410744,2.31388820920547
Norwegian trench,Wood_high,241,557.6470584185182,3.84602606410744,2.31388820920547
Norwegian trench,Wood_high,242,559.9609466277237,3.84602606410744,2.31388820920547
Norwegian trench,Wood_high,243,562.2748348369291,3.84602606410744,2.31388820920547
Norwegian trench,Wood_high,244,564.5887230461346,3.84602606410744,2.31388820920547
Norwegian trench,Wood_high,245,566.90261125534,3.84602606410744,2.31388820920547
Norwegian trench,Wood_high,246,569.2164994645456,3.84602606410744,2.31388820920547
Norwegian trench,Wood_high,247,571.5303876737511,3.84602606410744,2.31388820920547
Norwegian trench,Wood_high,248,573.8442758829565,3.84602606410744,2.31388820920547
Norwegian trench,Wood_high,249,576.158164092162,3.84602606410744,2.31388820920547
Norwegian trench,Wood_high,250,578.4720523013674,3.84602606410744,2.31388820920547
Norwegian trench,Wood_high,251,580.7859405105729,3.84602606410744,2.31388820920547
Norwegian trench,Wood_high,252,583.0998287197784,3.84602606410744,2.31388820920547
Norwegian trench,Wood_high,253,585.4137169289838,3.84602606410744,2.31388820920547
Norwegian trench,Wood_high,254,587.7276051381893,3.84602606410744,2.31388820920547
Norwegian trench,Wood_high,255,590.0414933473947,3.84602606410744,2.31388820920547
Norwegian trench,Wood_high,256,592.3553815566003,3.84602606410744,2.31388820920547
Norwegian trench,Wood_high,257,594.6692697658058,3.84602606410744,2.31388820920547
Norwegian trench,Wood_high,258,596.9831579750112,3.84602606410744,2.31388820920547
Norwegian trench,Wood_high,259,599.2970461842167,3.84602606410744,2.31388820920547
Norwegian trench,Wood_high,260,601.6109343934221,3.84602606410744,2.31388820920547
Norwegian trench,Wood_high,261,603.9248226026276,3.84602606410744,2.31388820920547
Norwegian trench,Wood_high,262,606.2387108118331,3.84602606410744,2.31388820920547
Norwegian trench,Wood_high,263,608.5525990210385,3.84602606410744,2.31388820920547
Norwegian trench,Wood_high,264,610.866487230244,3.84602606410744,2.31388820920547
Norwegian trench,Wood_high,265,613.1803754394494,3.84602606410744,2.31388820920547
Norwegian trench,Wood_high,266,615.494263648655,3.84602606410744,2.31388820920547
Norwegian trench,Wood_high,267,617.8081518578605,3.84602606410744,2.31388820920547
Norwegian trench,Wood_high,268,620.1220400670659,3.84602606410744,2.31388820920547
Norwegian trench,Wood_high,269,622.4359282762714,3.84602606410744,2.31388820920547
Norwegian trench,Wood_high,270,624.7498164854768,3.84602606410744,2.31388820920547
Norwegian trench,Wood_high,271,627.0637046946823,3.84602606410744,2.31388820920547
Norwegian trench,Wood_high,272,629.3775929038878,3.84602606410744,2.31388820920547
Norwegian trench,Wood_high,273,631.6914811130932,3.84602606410744,2.31388820920547
Norwegian trench,Wood_high,274,634.0053693222987,3.84602606410744,2.31388820920547
Norwegian trench,Wood_high,275,636.3192575315041,3.84602606410744,2.31388820920547
Norwegian trench,Wood_high,276,638.6331457407097,3.84602606410744,2.31388820920547
Norwegian trench,Wood_high,277,640.9470339499152,3.84602606410744,2.31388820920547
Norwegian trench,Wood_high,278,643.2609221591206,3.84602606410744,2.31388820920547
Norwegian trench,Wood_high,279,645.5748103683261,3.84602606410744,2.31388820920547
Norwegian trench,Wood_high,280,647.8886985775315,3.84602606410744,2.31388820920547
Norwegian trench,Wood_high,281,650.202586786737,3.84602606410744,2.31388820920547
Norwegian trench,Wood_high,282,652.5164749959425,3.84602606410744,2.31388820920547
Norwegian trench,Wood_high,283,654.8303632051479,3.84602606410744,2.31388820920547
Norwegian trench,Wood_high,284,657.1442514143534,3.84602606410744,2.31388820920547
Norwegian trench,Wood_high,285,659.4581396235588,3.84602606410744,2.31388820920547
Norwegian trench,Wood_high,286,661.7720278327644,3.84602606410744,2.31388820920547
Norwegian trench,Wood_high,287,664.0859160419699,3.84602606410744,2.31388820920547
Norwegian trench,Wood_high,288,666.3998042511753,3.84602606410744,2.31388820920547
Norwegian trench,Wood_high,289,668.7136924603808,3.84602606410744,2.31388820920547
Norwegian trench,Wood_high,290,671.0275806695862,3.84602606410744,2.31388820920547
Norwegian trench,Wood_high,291,673.3414688787917,3.84602606410744,2.31388820920547
Norwegian trench,Wood_high,292,675.6553570879972,3.84602606410744,2.31388820920547
Norwegian trench,Wood_high,293,677.9692452972026,3.84602606410744,2.31388820920547
Norwegian trench,Wood_high,294,680.2831335064081,3.84602606410744,2.31388820920547
Norwegian trench,Wood_high,295,682.5970217156136,3.84602606410744,2.31388820920547
Norwegian trench,Wood_high,296,684.9109099248191,3.84602606410744,2.31388820920547
Norwegian trench,Wood_high,297,687.2247981340246,3.84602606410744,2.31388820920547
Norwegian trench,Wood_high,298,689.53868634323,3.84602606410744,2.31388820920547
Norwegian trench,Wood_high,299,691.8525745524355,3.84602606410744,2.31388820920547
Norwegian trench,Wood_high,300,694.1664627616409,3.84602606410744,2.31388820920547
Baltic entrance,Steel,0,0.0,1.25426090985969,0.34513246071720866
Baltic entrance,Steel,1,0.34513246071720866,1.2575784695461787,0.34513246071720866
Baltic entrance,Steel,2,0.6902649214344173,1.2608960292326672,0.34513246071720866
Baltic entrance,Steel,3,1.035397382151626,1.2642238319905248,0.34513246071720866
Baltic entrance,Steel,4,1.3805298428688346,1.2676412639334331,0.34513246071720866
Baltic entrance,Steel,5,1.7256623035860432,1.2710586958763412,0.34513246071720866
Baltic entrance,Steel,6,2.070794764303252,1.2744968653741637,0.34513246071720866
Baltic entrance,Steel,7,2.4159272250204604,1.2780153952362077,0.34513246071720866
Baltic entrance,Steel,8,2.7610596857376692,1.2815339250982516,0.34513246071720866
Baltic entrance,Steel,9,3.106192146454878,1.285083906612395,0.34513246071720866
Baltic entrance,Steel,10,3.4513246071720864,1.2887046567086564,0.34513246071720866
Baltic entrance,Steel,11,3.7964570678892953,1.2923254068049181,0.34513246071720866
Baltic entrance,Steel,12,4.141589528606504,1.2959885077413476,0.34513246071720866
Baltic entrance,Steel,13,4.486721989323713,1.299712490398833,0.34513246071720866
Baltic entrance,Steel,14,4.831854450040921,1.3034364730563186,0.34513246071720866
Baltic entrance,Steel,15,5.17698691075813,1.3072138537248166,0.34513246071720866
Baltic entrance,Steel,16,5.5221193714753385,1.3110419649128198,0.34513246071720866
Baltic entrance,Steel,17,5.867251832192547,1.3148700761008227,0.34513246071720866
Baltic entrance,Steel,18,6.212384292909756,1.3187627409379243,0.34513246071720866
Baltic entrance,Steel,19,6.557516753626964,1.322695754232653,0.34513246071720866
Baltic entrance,Steel,20,6.902649214344173,1.3266287675273818,0.34513246071720866
Baltic entrance,Steel,21,7.247781675061382,1.3306375568710185,0.34513246071720866
Baltic entrance,Steel,22,7.5929141357785905,1.3346761178186017,0.34513246071720866
Baltic entrance,Steel,23,7.938046596495799,1.338714678766185,0.34513246071720866
Baltic entrance,Steel,24,8.283179057213008,1.3428402612855472,0.34513246071720866
Baltic entrance,Steel,25,8.628311517930216,1.3469848822274646,0.34513246071720866
Baltic entrance,Steel,26,8.973443978647426,1.351129503169382,0.34513246071720866
Baltic entrance,Steel,27,9.318576439364634,1.3553723690521682,0.34513246071720866
Baltic entrance,Steel,28,9.663708900081842,1.3596234244757526,0.34513246071720866
Baltic entrance,Steel,29,10.008841360799051,1.3638772124208807,0.34513246071720866
Baltic entrance,Steel,30,10.35397382151626,1.3682349348955873,0.34513246071720866
Baltic entrance,Steel,31,10.699106282233469,1.3725926573702938,0.34513246071720866
Baltic entrance,Steel,32,11.044238742950677,1.3769640635049782,0.34513246071720866
Baltic entrance,Steel,33,11.389371203667885,1.3814285402616733,0.34513246071720866
Baltic entrance,Steel,34,11.734503664385095,1.385893017018368,0.34513246071720866
Baltic entrance,Steel,35,12.079636125102303,1.3903821123023457,0.34513246071720866
Baltic entrance,Steel,36,12.424768585819512,1.3949532825086441,0.34513246071720866
Baltic entrance,Steel,37,12.76990104653672,1.3995244527149424,0.34513246071720866
Baltic entrance,Steel,38,13.115033507253928,1.4041311138275148,0.34513246071720866
Baltic entrance,Steel,39,13.460165967971138,1.4088087666066549,0.34513246071720866
Baltic entrance,Steel,40,13.805298428688346,1.413486419385795,0.34513246071720866
Baltic entrance,Steel,41,14.150430889405555,1.4182103262738643,0.34513246071720866
Baltic entrance,Steel,42,14.495563350122763,1.4229940995080261,0.34513246071720866
Baltic entrance,Steel,43,14.840695810839971,1.427777872742188,0.34513246071720866
Baltic entrance,Steel,44,15.185828271557181,1.432618507372929,0.34513246071720866
Baltic entrance,Steel,45,15.530960732274389,1.4375078873242857,0.34513246071720866
Baltic entrance,Steel,46,15.876093192991599,1.4423972672756427,0.34513246071720866
Baltic entrance,Steel,47,16.221225653708807,1.4473538839758844,0.34513246071720866
Baltic entrance,Steel,48,16.566358114426016,1.4523481594680805,0.34513246071720866
Baltic entrance,Steel,49,16.911490575143223,1.4573424349602764,0.34513246071720866
Baltic entrance,Steel,50,17.256623035860432,1.4624139219573404,0.34513246071720866
Baltic entrance,Steel,51,17.601755496577642,1.4675120392444923,0.34513246071720866
Baltic entrance,Steel,52,17.94688795729485,1.472610156531644,0.34513246071720866
Baltic entrance,Steel,53,18.292020418012058,1.47779506236242,0.34513246071720866
Baltic entrance,Steel,54,18.637152878729268,1.4829957531059998,0.34513246071720866
Baltic entrance,Steel,55,18.982285339446477,1.4881964438495798,0.34513246071720866
Baltic entrance,Steel,56,19.327417800163683,1.4934930487422702,0.34513246071720866
Baltic entrance,Steel,57,19.672550260880893,1.4987948429881142,0.34513246071720866
Baltic entrance,Steel,58,20.017682721598103,1.5041017245657198,0.34513246071720866
Baltic entrance,Steel,59,20.36281518231531,1.5095028136695214,0.34513246071720866
Baltic entrance,Steel,60,20.70794764303252,1.5149039027733235,0.34513246071720866
Baltic entrance,Steel,61,21.05308010374973,1.5203199291180072,0.34513246071720866
Baltic entrance,Steel,62,21.398212564466938,1.5258181417452696,0.34513246071720866
Baltic entrance,Steel,63,21.743345025184144,1.531316354372532,0.34513246071720866
Baltic entrance,Steel,64,22.088477485901354,1.5368388201299048,0.34513246071720866
Baltic entrance,Steel,65,22.433609946618564,1.5424316392255781,0.34513246071720866
Baltic entrance,Steel,66,22.77874240733577,1.5480244583212515,0.34513246071720866
Baltic entrance,Steel,67,23.12387486805298,1.553650220563693,0.34513246071720866
Baltic entrance,Steel,68,23.46900732877019,1.559334823808053,0.34513246071720866
Baltic entrance,Steel,69,23.8141397894874,1.565019427052413,0.34513246071720866
Baltic entrance,Steel,70,24.159272250204605,1.5707449910149538,0.34513246071720866
Baltic entrance,Steel,71,24.504404710921815,1.576518353433874,0.34513246071720866
Baltic entrance,Steel,72,24.849537171639025,1.5822917158527943,0.34513246071720866
Baltic entrance,Steel,73,25.19466963235623,1.5881133341055407,0.34513246071720866
Baltic entrance,Steel,74,25.53980209307344,1.593972249953986,0.34513246071720866
Baltic entrance,Steel,75,25.88493455379065,1.5998311658024311,0.34513246071720866
Baltic entrance,Steel,76,26.230067014507856,1.6057448304886726,0.34513246071720866
Baltic entrance,Steel,77,26.575199475225066,1.6116858771942961,0.34513246071720866
Baltic entrance,Steel,78,26.920331935942276,1.6176269238999197,0.34513246071720866
Baltic entrance,Steel,79,27.265464396659485,1.6236283592196366,0.34513246071720866
Baltic entrance,Steel,80,27.61059685737669,1.6296479176625913,0.34513246071720866
Baltic entrance,Steel,81,27.9557293180939,1.635667476105546,0.34513246071720866
Baltic entrance,Steel,82,28.30086177881111,1.6417521922602036,0.34513246071720866
Baltic entrance,Steel,83,28.645994239528317,1.6478464961276633,0.34513246071720866
Baltic entrance,Steel,84,28.991126700245527,1.6539407999951234,0.34513246071720866
Baltic entrance,Steel,85,29.336259160962737,1.6601041311101923,0.34513246071720866
Baltic entrance,Steel,86,29.681391621679943,1.6662692837353652,0.34513246071720866
Baltic entrance,Steel,87,30.026524082397152,1.6724395732906885,0.34513246071720866
Baltic entrance,Steel,88,30.371656543114362,1.6786715678641253,0.34513246071720866
Baltic entrance,Steel,89,30.716789003831572,1.6849035624375621,0.34513246071720866
Baltic entrance,Steel,90,31.061921464548778,1.6911468136955372,0.34513246071720866
Baltic entrance,Steel,91,31.407053925265988,1.6974415497958821,0.34513246071720866
Baltic entrance,Steel,92,31.752186385983197,1.703736285896227,0.34513246071720866
Baltic entrance,Steel,93,32.097318846700404,1.710047535010276,0.34513246071720866
Baltic entrance,Steel,94,32.44245130741761,1.7164008330156044,0.34513246071720866
Baltic entrance,Steel,95,32.78758376813482,1.7227541310209329,0.34513246071720866
Baltic entrance,Steel,96,33.13271622885203,1.7291283159955648,0.34513246071720866
Baltic entrance,Steel,97,33.47784868956924,1.735535931179545,0.34513246071720866
Baltic entrance,Steel,98,33.822981150286445,1.7419435463635253,0.34513246071720866
Baltic entrance,Steel,99,34.168113611003655,1.7483755267112093,0.34513246071720866
Baltic entrance,Steel,100,34.513246071720864,1.7548331628831073,0.34513246071720866
Baltic entrance,Steel,101,34.858378532438074,1.7612907990550053,0.34513246071720866
Baltic entrance,Steel,102,35.203510993155284,1.7677753746897893,0.34513246071720866
Baltic entrance,Steel,103,35.548643453872494,1.774278697254211,0.34513246071720866
Baltic entrance,Steel,104,35.8937759145897,1.780782019818633,0.34513246071720866
Baltic entrance,Steel,105,36.238908375306906,1.7873139489988084,0.34513246071720866
Baltic entrance,Steel,106,36.584040836024116,1.7938585973295418,0.34513246071720866
Baltic entrance,Steel,107,36.929173296741325,1.8004032456602752,0.34513246071720866
Baltic entrance,Steel,108,37.274305757458535,1.8069772618256918,0.34513246071720866
Baltic entrance,Steel,109,37.619438218175745,1.8135588608684483,0.34513246071720866
Baltic entrance,Steel,110,37.964570678892954,1.8201404599112048,0.34513246071720866
Baltic entrance,Steel,111,38.309703139610164,1.8267512872965699,0.34513246071720866
Baltic entrance,Steel,112,38.65483560032737,1.833365458336562,0.34513246071720866
Baltic entrance,Steel,113,38.99996806104458,1.839979629376554,0.34513246071720866
Baltic entrance,Steel,114,39.345100521761786,1.846621997318623,0.34513246071720866
Baltic entrance,Steel,115,39.690232982478996,1.8532643678703071,0.34513246071720866
Baltic entrance,Steel,116,40.035365443196206,1.8599091815175675,0.34513246071720866
Baltic entrance,Steel,117,40.380497903913415,1.8665753943150065,0.34513246071720866
Baltic entrance,Steel,118,40.72563036463062,1.8732416071124454,0.34513246071720866
Baltic entrance,Steel,119,41.07076282534783,1.8799118197122486,0.34513246071720866
Baltic entrance,Steel,120,41.41589528606504,1.886597540798475,0.34513246071720866
Baltic entrance,Steel,121,41.76102774678225,1.8932832618847015,0.34513246071720866
Baltic entrance,Steel,122,42.10616020749946,1.8999736598697898,0.34513246071720866
Baltic entrance,Steel,123,42.45129266821667,1.906674585802077,0.34513246071720866
Baltic entrance,Steel,124,42.796425128933876,1.913375511734364,0.34513246071720866
Baltic entrance,Steel,125,43.14155758965108,1.9200809240468566,0.34513246071720866
Baltic entrance,Steel,126,43.48669005036829,1.926792788251291,0.34513246071720866
Baltic entrance,Steel,127,43.8318225110855,1.9335046524557251,0.34513246071720866
Baltic entrance,Steel,128,44.17695497180271,1.940219977335447,0.34513246071720866
Baltic entrance,Steel,129,44.52208743251992,1.9469385912308654,0.34513246071720866
Baltic entrance,Steel,130,44.86721989323713,1.9536572051262837,0.34513246071720866
Baltic entrance,Steel,131,45.21235235395434,1.960377534887378,0.34513246071720866
Baltic entrance,Steel,132,45.55748481467154,1.9670989375484111,0.34513246071720866
Baltic entrance,Steel,133,45.90261727538875,1.9738203402094447,0.34513246071720866
Baltic entrance,Steel,134,46.24774973610596,1.9805410994976986,0.34513246071720866
Baltic entrance,Steel,135,46.59288219682317,1.9872616058961001,0.34513246071720866
Baltic entrance,Steel,136,46.93801465754038,1.9939821122945016,0.34513246071720866
Baltic entrance,Steel,137,47.28314711825759,2.000699065121501,0.34513246071720866
Baltic entrance,Steel,138,47.6282795789748,2.007415240016019,0.34513246071720866
Baltic entrance,Steel,139,47.973412039692,2.014131414910537,0.34513246071720866
Baltic entrance,Steel,140,48.31854450040921,2.020840519394726,0.34513246071720866
Baltic entrance,Steel,141,48.66367696112642,2.0275490337328317,0.34513246071720866
Baltic entrance,Steel,142,49.00880942184363,2.034257270326714,0.34513246071720866
Baltic entrance,Steel,143,49.35394188256084,2.0409549032983683,0.34513246071720866
Baltic entrance,Steel,144,49.69907434327805,2.0476525362700224,0.34513246071720866
Baltic entrance,Steel,145,50.04420680399525,2.0543483916976264,0.34513246071720866
Baltic entrance,Steel,146,50.38933926471246,2.0610321469831185,0.34513246071720866
Baltic entrance,Steel,147,50.73447172542967,2.0677159022686102,0.34513246071720866
Baltic entrance,Steel,148,51.07960418614688,2.0743957914072597,0.34513246071720866
Baltic entrance,Steel,149,51.42473664686409,2.0810627845997267,0.34513246071720866
Baltic entrance,Steel,150,51.7698691075813,2.0877297777921937,0.34513246071720866
Baltic entrance,Steel,151,52.11500156829851,2.094390249027984,0.34513246071720866
Baltic entrance,Steel,152,52.46013402901571,2.1010376691051476,0.34513246071720866
Baltic entrance,Steel,153,52.80526648973292,2.1076850891823105,0.34513246071720866
Baltic entrance,Steel,154,53.15039895045013,2.1143227865427825,0.34513246071720866
Baltic entrance,Steel,155,53.49553141116734,2.1209478951269025,0.34513246071720866
Baltic entrance,Steel,156,53.84066387188455,2.127573003711023,0.34513246071720866
Baltic entrance,Steel,157,54.18579633260176,2.134184665807399,0.34513246071720866
Baltic entrance,Steel,158,54.53092879331897,2.140784796399014,0.34513246071720866
Baltic entrance,Steel,159,54.87606125403617,2.1473849269906284,0.34513246071720866
Baltic entrance,Steel,160,55.22119371475338,2.1539673859443176,0.34513246071720866
Baltic entrance,Steel,161,55.56632617547059,2.160539943167092,0.34513246071720866
Baltic entrance,Steel,162,55.9114586361878,2.1671125003898664,0.34513246071720866
Baltic entrance,Steel,163,56.25659109690501,2.173662706420748,0.34513246071720866
Baltic entrance,Steel,164,56.60172355762222,2.1802051997716623,0.34513246071720866
Baltic entrance,Steel,165,56.94685601833943,2.186747693122576,0.34513246071720866
Baltic entrance,Steel,166,57.291988479056634,2.1932628492354054,0.34513246071720866
Baltic entrance,Steel,167,57.637120939773844,2.199773029776307,0.34513246071720866
Baltic entrance,Steel,168,57.982253400491054,2.206283210317209,0.34513246071720866
Baltic entrance,Steel,169,58.32738586120826,2.2127608329554906,0.34513246071720866
Baltic entrance,Steel,170,58.67251832192547,2.2192366907281285,0.34513246071720866
Baltic entrance,Steel,171,59.01765078264268,2.2257106957169865,0.34513246071720866
Baltic entrance,Steel,172,59.362783243359885,2.2321503253042696,0.34513246071720866
Baltic entrance,Steel,173,59.707915704077095,2.2385899548915527,0.34513246071720866
Baltic entrance,Steel,174,60.053048164794305,2.245023733972086,0.34513246071720866
Baltic entrance,Steel,175,60.398180625511515,2.2514253000410775,0.34513246071720866
Baltic entrance,Steel,176,60.743313086228724,2.257826866110069,0.34513246071720866
Baltic entrance,Steel,177,61.088445546945934,2.2642182251363225,0.34513246071720866
Baltic entrance,Steel,178,61.433578007663144,2.270579961254587,0.34513246071720866
Baltic entrance,Steel,179,61.778710468380346,2.2769416973728513,0.34513246071720866
Baltic entrance,Steel,180,62.123842929097556,2.2832885319121403,0.34513246071720866
Baltic entrance,Steel,181,62.468975389814766,2.2896087394695264,0.34513246071720866
Baltic entrance,Steel,182,62.814107850531975,2.295928947026912,0.34513246071720866
Baltic entrance,Steel,183,63.159240311249185,2.302229240880937,0.34513246071720866
Baltic entrance,Steel,184,63.504372771966395,2.308506288101665,0.34513246071720866
Baltic entrance,Steel,185,63.849505232683605,2.3147833353223937,0.34513246071720866
Baltic entrance,Steel,186,64.19463769340081,2.321035159175135,0.34513246071720866
Baltic entrance,Steel,187,64.53977015411802,2.327267480202757,0.34513246071720866
Baltic entrance,Steel,188,64.88490261483523,2.3334998012303796,0.34513246071720866
Baltic entrance,Steel,189,65.23003507555244,2.339701311393519,0.34513246071720866
Baltic entrance,Steel,190,65.57516753626965,2.3458874054296692,0.34513246071720866
Baltic entrance,Steel,191,65.92029999698686,2.3520734994658197,0.34513246071720866
Baltic entrance,Steel,192,66.26543245770407,2.3582229506588117,0.34513246071720866
Baltic entrance,Steel,193,66.61056491842128,2.3643613992987045,0.34513246071720866
Baltic entrance,Steel,194,66.95569737913848,2.3704998479385972,0.34513246071720866
Baltic entrance,Steel,195,67.3008298398557,2.3765956634983443,0.34513246071720866
Baltic entrance,Steel,196,67.64596230057289,2.3826852005679426,0.34513246071720866
Baltic entrance,Steel,197,67.9910947612901,2.3887747376375414,0.34513246071720866
Baltic entrance,Steel,198,68.33622722200731,2.3948155468978194,0.34513246071720866
Baltic entrance,Steel,199,68.68135968272452,2.40085506556428,0.34513246071720866
Baltic entrance,Steel,200,69.02649214344173,2.4068906701693678,0.34513246071720866
Baltic entrance,Steel,201,69.37162460415894,2.412879197505658,0.34513246071720866
Baltic entrance,Steel,202,69.71675706487615,2.4188677248419475,0.34513246071720866
Baltic entrance,Steel,203,70.06188952559336,2.424846947231434,0.34513246071720866
Baltic entrance,Steel,204,70.40702198631057,2.4307835847017683,0.34513246071720866
Baltic entrance,Steel,205,70.75215444702778,2.4367202221721027,0.34513246071720866
Baltic entrance,Steel,206,71.09728690774499,2.4426419983084267,0.34513246071720866
Baltic entrance,Steel,207,71.4424193684622,2.448525914103301,0.34513246071720866
Baltic entrance,Steel,208,71.7875518291794,2.4544098298981756,0.34513246071720866
Baltic entrance,Steel,209,72.1326842898966,2.4602731913659177,0.34513246071720866
Baltic entrance,Steel,210,72.47781675061381,2.4661036421612277,0.34513246071720866
Baltic entrance,Steel,211,72.82294921133102,2.4719340929565377,0.34513246071720866
Baltic entrance,Steel,212,73.16808167204823,2.4777381767581637,0.34513246071720866
Baltic entrance,Steel,213,73.51321413276544,2.4835144865796175,0.34513246071720866
Baltic entrance,Steel,214,73.85834659348265,2.4892907964010718,0.34513246071720866
Baltic entrance,Steel,215,74.20347905419986,2.49503482837757,0.34513246071720866
Baltic entrance,Steel,216,74.54861151491707,2.5007563899002365,0.34513246071720866
Baltic entrance,Steel,217,74.89374397563428,2.5064779514229034,0.34513246071720866
Baltic entrance,Steel,218,75.23887643635149,2.512161238760272,0.34513246071720866
Baltic entrance,Steel,219,75.5840088970687,2.517827501133489,0.34513246071720866
Baltic entrance,Steel,220,75.92914135778591,2.523493763506706,0.34513246071720866
Baltic entrance,Steel,221,76.27427381850312,2.529115681115091,0.34513246071720866
Baltic entrance,Steel,222,76.61940627922033,2.5347261422532865,0.34513246071720866
Baltic entrance,Steel,223,76.96453873993752,2.540336603391482,0.34513246071720866
Baltic entrance,Steel,224,77.30967120065473,2.5458965816001027,0.34513246071720866
Baltic entrance,Steel,225,77.65480366137194,2.5514507788762684,0.34513246071720866
Baltic entrance,Steel,226,77.99993612208915,2.5570049761524336,0.34513246071720866
Baltic entrance,Steel,227,78.34506858280636,2.5625024965329817,0.34513246071720866
Baltic entrance,Steel,228,78.69020104352357,2.5680000064216975,0.34513246071720866
Baltic entrance,Steel,229,79.03533350424078,2.5734916716335734,0.34513246071720866
Baltic entrance,Steel,230,79.38046596495799,2.578932091580513,0.34513246071720866
Baltic entrance,Steel,231,79.7255984256752,2.5843725115274525,0.34513246071720866
Baltic entrance,Steel,232,80.07073088639241,2.5898011548975317,0.34513246071720866
Baltic entrance,Steel,233,80.41586334710962,2.5951841108544405,0.34513246071720866
Baltic entrance,Steel,234,80.76099580782683,2.600567066811349,0.34513246071720866
Baltic entrance,Steel,235,81.10612826854404,2.6059322387045865,0.34513246071720866
Baltic entrance,Steel,236,81.45126072926124,2.611257360328188,0.34513246071720866
Baltic entrance,Steel,237,81.79639318997845,2.616582481951789,0.34513246071720866
Baltic entrance,Steel,238,82.14152565069566,2.621883749034897,0.34513246071720866
Baltic entrance,Steel,239,82.48665811141286,2.6271506976261243,0.34513246071720866
Baltic entrance,Steel,240,82.83179057213007,2.6324176462173514,0.34513246071720866
Baltic entrance,Steel,241,83.17692303284728,2.637654620686027,0.34513246071720866
Baltic entrance,Steel,242,83.5220554935645,2.6428630972823552,0.34513246071720866
Baltic entrance,Steel,243,83.8671879542817,2.6480715738786835,0.34513246071720866
Baltic entrance,Steel,244,84.21232041499891,2.653243918793449,0.34513246071720866
Baltic entrance,Steel,245,84.55745287571612,2.658393662383968,0.34513246071720866
Baltic entrance,Steel,246,84.90258533643333,2.663543405974487,0.34513246071720866
Baltic entrance,Steel,247,85.24771779715054,2.668650832739015,0.34513246071720866
Baltic entrance,Steel,248,85.59285025786775,2.6737416184732474,0.34513246071720866
Baltic entrance,Steel,249,85.93798271858496,2.6788324042074794,0.34513246071720866
Baltic entrance,Steel,250,86.28311517930216,2.683874670045134,0.34513246071720866
Baltic entrance,Steel,251,86.62824764001937,2.688906307444964,0.34513246071720866
Baltic entrance,Steel,252,86.97338010073658,2.693937944844794,0.34513246071720866
Baltic entrance,Steel,253,87.31851256145379,2.6989148502885274,0.34513246071720866
Baltic entrance,Steel,254,87.663645022171,2.703887181472611,0.34513246071720866
Baltic entrance,Steel,255,88.0087774828882,2.708858000632994,0.34513246071720866
Baltic entrance,Steel,256,88.35390994360542,2.713770878729301,0.34513246071720866
Baltic entrance,Steel,257,88.69904240432263,2.7186837568256084,0.34513246071720866
Baltic entrance,Steel,258,89.04417486503984,2.7235890001050294,0.34513246071720866
Baltic entrance,Steel,259,89.38930732575704,2.7284422283724887,0.34513246071720866
Baltic entrance,Steel,260,89.73443978647425,2.7332954566399477,0.34513246071720866
Baltic entrance,Steel,261,90.07957224719146,2.738134888919332,0.34513246071720866
Baltic entrance,Steel,262,90.42470470790867,2.7429282791970335,0.34513246071720866
Baltic entrance,Steel,263,90.76983716862587,2.747721669474735,0.34513246071720866
Baltic entrance,Steel,264,91.11496962934308,2.7524950729640034,0.34513246071720866
Baltic entrance,Steel,265,91.46010209006029,2.757228464009617,0.34513246071720866
Baltic entrance,Steel,266,91.8052345507775,2.7619618550552305,0.34513246071720866
Baltic entrance,Steel,267,92.15036701149471,2.766669046497204,0.34513246071720866
Baltic entrance,Steel,268,92.49549947221192,2.771342302453451,0.34513246071720866
Baltic entrance,Steel,269,92.84063193292913,2.7760155584096973,0.34513246071720866
Baltic entrance,Steel,270,93.18576439364634,2.7806563869447807,0.34513246071720866
Baltic entrance,Steel,271,93.53089685436355,2.785269395856688,0.34513246071720866
Baltic entrance,Steel,272,93.87602931508076,2.789882404768595,0.34513246071720866
Baltic entrance,Steel,273,94.22116177579797,2.7944567498799,0.34513246071720866
Baltic entrance,Steel,274,94.56629423651518,2.799009422268488,0.34513246071720866
Baltic entrance,Steel,275,94.91142669723239,2.8035620946570763,0.34513246071720866
Baltic entrance,Steel,276,95.2565591579496,2.808069864204441,0.34513246071720866
Baltic entrance,Steel,277,95.60169161866679,2.8125621317015863,0.34513246071720866
Baltic entrance,Steel,278,95.946824079384,2.817054399198731,0.34513246071720866
Baltic entrance,Steel,279,96.29195654010121,2.8214955094720704,0.34513246071720866
Baltic entrance,Steel,280,96.63708900081842,2.8259273021515265,0.34513246071720866
Baltic entrance,Steel,281,96.98222146153563,2.830359094830983,0.34513246071720866
Baltic entrance,Steel,282,97.32735392225284,2.8347333787420212,0.34513246071720866
Baltic entrance,Steel,283,97.67248638297005,2.8391045393611676,0.34513246071720866
Baltic entrance,Steel,284,98.01761884368726,2.84347259130914,0.34513246071720866
Baltic entrance,Steel,285,98.36275130440447,2.8477828567100376,0.34513246071720866
Baltic entrance,Steel,286,98.70788376512168,2.852093122110935,0.34513246071720866
Baltic entrance,Steel,287,99.05301622583889,2.856393977288693,0.34513246071720866
Baltic entrance,Steel,288,99.3981486865561,2.860642982699526,0.34513246071720866
Baltic entrance,Steel,289,99.74328114727331,2.8648919881103594,0.34513246071720866
Baltic entrance,Steel,290,100.0884136079905,2.869125182264313,0.34513246071720866
Baltic entrance,Steel,291,100.43354606870771,2.873312466655974,0.34513246071720866
Baltic entrance,Steel,292,100.77867852942492,2.877499751047635,0.34513246071720866
Baltic entrance,Steel,293,101.12381099014213,2.881664702505848,0.34513246071720866
Baltic entrance,Steel,294,101.46894345085934,2.88578973216336,0.34513246071720866
Baltic entrance,Steel,295,101.81407591157655,2.8899147618208723,0.34513246071720866
Baltic entrance,Steel,296,102.15920837229376,2.894010828199887,0.34513246071720866
Baltic entrance,Steel,297,102.50434083301097,2.8980730711619875,0.34513246071720866
Baltic entrance,Steel,298,102.84947329372818,2.9021353141240884,0.34513246071720866
Baltic entrance,Steel,299,103.19460575444539,2.9061618572015964,0.34513246071720866
Baltic entrance,Steel,300,103.5397382151626,2.9101607865733468,0.34513246071720866
Baltic entrance,Wood_none,0,0.0,1.25426090985969,0.9722581380911837
Baltic entrance,Wood_none,1,0.9722581380911837,1.2636066677089777,0.9722581380911837
Baltic entrance,Wood_none,2,1.9445162761823673,1.2732257437258216,0.9722581380911837
Baltic entrance,Wood_none,3,2.9167744142735508,1.283121393634752,0.9722581380911837
Baltic entrance,Wood_none,4,3.8890325523647347,1.2932966069453784,0.9722581380911837
Baltic entrance,Wood_none,5,4.8612906904559186,1.3037540903809228,0.9722581380911837
Baltic entrance,Wood_none,6,5.8335488285471016,1.3144962519607917,0.9722581380911837
Baltic entrance,Wood_none,7,6.805806966638285,1.3255251858853445,0.9722581380911837
Baltic entrance,Wood_none,8,7.778065104729469,1.336842658372505,0.9722581380911837
Baltic entrance,Wood_none,9,8.750323242820652,1.348450094595752,0.9722581380911837
Baltic entrance,Wood_none,10,9.722581380911837,1.360348566870102,0.9722581380911837
Baltic entrance,Wood_none,11,10.69483951900302,1.372538784228414,0.9722581380911837
Baltic entrance,Wood_none,12,11.667097657094203,1.3850210835230765,0.9722581380911837
Baltic entrance,Wood_none,13,12.639355795185388,1.3977954221789248,0.9722581380911837
Baltic entrance,Wood_none,14,13.61161393327657,1.4108613727113775,0.9722581380911837
Baltic entrance,Wood_none,15,14.583872071367756,1.424218119109535,0.9722581380911837
Baltic entrance,Wood_none,16,15.556130209458939,1.4378644551674742,0.9722581380911837
Baltic entrance,Wood_none,17,16.528388347550123,1.451798713971825,0.9722581380911837
Baltic entrance,Wood_none,18,17.500646485641305,1.4660185094980576,0.9722581380911837
Baltic entrance,Wood_none,19,18.47290462373249,1.480520748646449,0.9722581380911837
Baltic entrance,Wood_none,20,19.445162761823674,1.495301802282603,0.9722581380911837
Baltic entrance,Wood_none,21,20.417420899914855,1.5103573561420531,0.9722581380911837
Baltic entrance,Wood_none,22,21.38967903800604,1.5256821964248994,0.9722581380911837
Baltic entrance,Wood_none,23,22.361937176097225,1.541270192867335,0.9722581380911837
Baltic entrance,Wood_none,24,23.334195314188406,1.557114363831968,0.9722581380911837
Baltic entrance,Wood_none,25,24.30645345227959,1.5732070324556964,0.9722581380911837
Baltic entrance,Wood_none,26,25.278711590370776,1.5895400175265164,0.9722581380911837
Baltic entrance,Wood_none,27,26.25096972846196,1.6061046459624693,0.9722581380911837
Baltic entrance,Wood_none,28,27.22322786655314,1.6228916992692093,0.9722581380911837
Baltic entrance,Wood_none,29,28.195486004644327,1.6398914806171818,0.9722581380911837
Baltic entrance,Wood_none,30,29.16774414273551,1.6570939222041807,0.9722581380911837
Baltic entrance,Wood_none,31,30.140002280826693,1.6744886286456866,0.9722581380911837
Baltic entrance,Wood_none,32,31.112260418917877,1.6920649262157628,0.9722581380911837
Baltic entrance,Wood_none,33,32.08451855700906,1.7098119035811297,0.9722581380911837
Baltic entrance,Wood_none,34,33.05677669510025,1.7277184477133372,0.9722581380911837
Baltic entrance,Wood_none,35,34.02903483319143,1.7457732790278786,0.9722581380911837
Baltic entrance,Wood_none,36,35.00129297128261,1.7639649854211459,0.9722581380911837
Baltic entrance,Wood_none,37,35.973551109373794,1.78228522187399,0.9722581380911837
Baltic entrance,Wood_none,38,36.94580924746498,1.8007187084449332,0.9722581380911837
Baltic entrance,Wood_none,39,37.918067385556164,1.8192536524800103,0.9722581380911837
Baltic entrance,Wood_none,40,38.89032552364735,1.8378784230915903,0.9722581380911837
Baltic entrance,Wood_none,41,39.86258366173853,1.8565814046801665,0.9722581380911837
Baltic entrance,Wood_none,42,40.83484179982971,1.8753510194390577,0.9722581380911837
Baltic entrance,Wood_none,43,41.807099937920896,1.8941757476831806,0.9722581380911837
Baltic entrance,Wood_none,44,42.77935807601208,1.9130441460399472,0.9722581380911837
Baltic entrance,Wood_none,45,43.751616214103265,1.931944863577662,0.9722581380911837
Baltic entrance,Wood_none,46,44.72387435219445,1.9508667305882057,0.9722581380911837
Baltic entrance,Wood_none,47,45.696132490285635,1.9697990801368022,0.9722581380911837
Baltic entrance,Wood_none,48,46.66839062837681,1.9887319251362405,0.9722581380911837
Baltic entrance,Wood_none,49,47.640648766468,2.007655940720713,0.9722581380911837
Baltic entrance,Wood_none,50,48.61290690455918,2.0265621904445474,0.9722581380911837
Baltic entrance,Wood_none,51,49.58516504265037,2.045442014877521,0.9722581380911837
Baltic entrance,Wood_none,52,50.55742318074155,2.064287221164872,0.9722581380911837
Baltic entrance,Wood_none,53,51.529681318832736,2.0830900219454884,0.9722581380911837
Baltic entrance,Wood_none,54,52.50193945692392,2.1018428621033194,0.9722581380911837
Baltic entrance,Wood_none,55,53.4741975950151,2.1205383745381163,0.9722581380911837
Baltic entrance,Wood_none,56,54.44645573310628,2.139169378284709,0.9722581380911837
Baltic entrance,Wood_none,57,55.41871387119747,2.1577288766142546,0.9722581380911837
Baltic entrance,Wood_none,58,56.39097200928865,2.1762100942379727,0.9722581380911837
Baltic entrance,Wood_none,59,57.36323014737984,2.1946066698712716,0.9722581380911837
Baltic entrance,Wood_none,60,58.33548828547102,2.212912861967859,0.9722581380911837
Baltic entrance,Wood_none,61,59.3077464235622,2.2311234246979845,0.9722581380911837
Baltic entrance,Wood_none,62,60.280004561653385,2.2492333535664137,0.9722581380911837
Baltic entrance,Wood_none,63,61.25226269974457,2.267237823743723,0.9722581380911837
Baltic entrance,Wood_none,64,62.224520837835755,2.285132187181038,0.9722581380911837
Baltic entrance,Wood_none,65,63.19677897592694,2.3029119699707934,0.9722581380911837
Baltic entrance,Wood_none,66,64.16903711401812,2.3205728699170503,0.9722581380911837
Baltic entrance,Wood_none,67,65.1412952521093,2.3381107542740005,0.9722581380911837
Baltic entrance,Wood_none,68,66.1135533902005,2.355521663583675,0.9722581380911837
Baltic entrance,Wood_none,69,67.08581152829167,2.3728018679909884,0.9722581380911837
Baltic entrance,Wood_none,70,68.05806966638286,2.3899480309709777,0.9722581380911837
Baltic entrance,Wood_none,71,69.03032780447404,2.406957224213276,0.9722581380911837
Baltic entrance,Wood_none,72,70.00258594256522,2.423826863891842,0.9722581380911837
Baltic entrance,Wood_none,73,70.97484408065641,2.4405507156020962,0.9722581380911837
Baltic entrance,Wood_none,74,71.94710221874759,2.457129890060896,0.9722581380911837
Baltic entrance,Wood_none,75,72.91936035683878,2.473562802231911,0.9722581380911837
Baltic entrance,Wood_none,76,73.89161849492996,2.4898476516174983,0.9722581380911837
Baltic entrance,Wood_none,77,74.86387663302114,2.5059828144603453,0.9722581380911837
Baltic entrance,Wood_none,78,75.83613477111233,2.521966814342218,0.9722581380911837
Baltic entrance,Wood_none,79,76.8083929092035,2.537798302260942,0.9722581380911837
Baltic entrance,Wood_none,80,77.7806510472947,2.553476033778842,0.9722581380911837
Baltic entrance,Wood_none,81,78.75290918538587,2.5689988653214795,0.9722581380911837
Baltic entrance,Wood_none,82,79.72516732347707,2.5843657159423805,0.9722581380911837
Baltic entrance,Wood_none,83,80.69742546156824,2.59957557394115,0.9722581380911837
Baltic entrance,Wood_none,84,81.66968359965942,2.6146274529234463,0.9722581380911837
Baltic entrance,Wood_none,85,82.64194173775061,2.629520428005239,0.9722581380911837
Baltic entrance,Wood_none,86,83.61419987584179,2.6442536702165182,0.9722581380911837
Baltic entrance,Wood_none,87,84.58645801393298,2.65882644991231,0.9722581380911837
Baltic entrance,Wood_none,88,85.55871615202416,2.6732381323082017,0.9722581380911837
Baltic entrance,Wood_none,89,86.53097429011535,2.6874881730151663,0.9722581380911837
Baltic entrance,Wood_none,90,87.50323242820653,2.7015761135955656,0.9722581380911837
Baltic entrance,Wood_none,91,88.47549056629771,2.715501549837197,0.9722581380911837
Baltic entrance,Wood_none,92,89.4477487043889,2.7292640269079724,0.9722581380911837
Baltic entrance,Wood_none,93,90.42000684248008,2.742863032646696,0.9722581380911837
Baltic entrance,Wood_none,94,91.39226498057127,2.7562980978367326,0.9722581380911837
Baltic entrance,Wood_none,95,92.36452311866245,2.769568820981785,0.9722581380911837
Baltic entrance,Wood_none,96,93.33678125675362,2.782674864528473,0.9722581380911837
Baltic entrance,Wood_none,97,94.30903939484482,2.795615951216621,0.9722581380911837
Baltic entrance,Wood_none,98,95.281297532936,2.8083918605696994,0.9722581380911837
Baltic entrance,Wood_none,99,96.25355567102719,2.8210024098369524,0.9722581380911837
Baltic entrance,Wood_none,100,97.22581380911836,2.8334473561439886,0.9722581380911837
Baltic entrance,Wood_none,101,98.19807194720956,2.84572622102273,0.9722581380911837
Baltic entrance,Wood_none,102,99.17033008530073,2.85783825529889,0.9722581380911837
Baltic entrance,Wood_none,103,100.14258822339191,2.8697824502622957,0.9722581380911837
Baltic entrance,Wood_none,104,101.1148463614831,2.8815575570956184,0.9722581380911837
Baltic entrance,Wood_none,105,102.08710449957428,2.8931621585358216,0.9722581380911837
Baltic entrance,Wood_none,106,103.05936263766547,2.904594842407061,0.9722581380911837
Baltic entrance,Wood_none,107,104.03162077575665,2.915854205587385,0.9722581380911837
Baltic entrance,Wood_none,108,105.00387891384784,2.926938746126498,0.9722581380911837
Baltic entrance,Wood_none,109,105.97613705193902,2.937842480147003,0.9722581380911837
Baltic entrance,Wood_none,110,106.9483951900302,2.9485676488815127,0.9722581380911837
Baltic entrance,Wood_none,111,107.92065332812139,2.959113584286395,0.9722581380911837
Baltic entrance,Wood_none,112,108.89291146621257,2.9694789390892606,0.9722581380911837
Baltic entrance,Wood_none,113,109.86516960430376,2.979662409737953,0.9722581380911837
Baltic entrance,Wood_none,114,110.83742774239494,2.9896627351533254,0.9722581380911837
Baltic entrance,Wood_none,115,111.80968588048613,2.9994786955077277,0.9722581380911837
Baltic entrance,Wood_none,116,112.7819440185773,3.0091091110168513,0.9722581380911837
Baltic entrance,Wood_none,117,113.75420215666848,3.0185528407326987,0.9722581380911837
Baltic entrance,Wood_none,118,114.72646029475968,3.0278087813251036,0.9722581380911837
Baltic entrance,Wood_none,119,115.69871843285085,3.0368758658397197,0.9722581380911837
Baltic entrance,Wood_none,120,116.67097657094205,3.045753091712365,0.9722581380911837
Baltic entrance,Wood_none,121,117.64323470903322,3.054439612548596,0.9722581380911837
Baltic entrance,Wood_none,122,118.6154928471244,3.062934686984263,0.9722581380911837
Baltic entrance,Wood_none,123,119.58775098521559,3.0712376151490317,0.9722581380911837
Baltic entrance,Wood_none,124,120.56000912330677,3.079347723964249,0.9722581380911837
Baltic entrance,Wood_none,125,121.53226726139796,3.087264365599217,0.9722581380911837
Baltic entrance,Wood_none,126,122.50452539948914,3.0949869158492413,0.9722581380911837
Baltic entrance,Wood_none,127,123.47678353758033,3.102514772429911,0.9722581380911837
Baltic entrance,Wood_none,128,124.44904167567151,3.109847353183205,0.9722581380911837
Baltic entrance,Wood_none,129,125.42129981376269,3.1176555378908493,0.9722581380911837
Baltic entrance,Wood_none,130,126.39355795185388,3.1261928613775676,0.9722581380911837
Baltic entrance,Wood_none,131,127.36581608994506,3.1346476465150044,0.9722581380911837
Baltic entrance,Wood_none,132,128.33807422803625,3.1430206905991356,0.9722581380911837
Baltic entrance,Wood_none,133,129.31033236612743,3.151312783231268,0.9722581380911837
Baltic entrance,Wood_none,134,130.2825905042186,3.1595247063922085,0.9722581380911837
Baltic entrance,Wood_none,135,131.25484864230978,3.1676572345157594,0.9722581380911837
Baltic entrance,Wood_none,136,132.227106780401,3.1757111345614732,0.9722581380911837
Baltic entrance,Wood_none,137,133.19936491849217,3.183687166086721,0.9722581380911837
Baltic entrance,Wood_none,138,134.17162305658334,3.191586081318073,0.9722581380911837
Baltic entrance,Wood_none,139,135.14388119467452,3.199408625221958,0.9722581380911837
Baltic entrance,Wood_none,140,136.11613933276573,3.2071555355747017,0.9722581380911837
Baltic entrance,Wood_none,141,137.0883974708569,3.2148275430318387,0.9722581380911837
Baltic entrance,Wood_none,142,138.06065560894808,3.222425371196774,0.9722581380911837
Baltic entrance,Wood_none,143,139.03291374703926,3.229949736688786,0.9722581380911837
Baltic entrance,Wood_none,144,140.00517188513044,3.2374013492103724,0.9722581380911837
Baltic entrance,Wood_none,145,140.97743002322164,3.244779207454739,0.9722581380911837
Baltic entrance,Wood_none,146,141.94968816131282,3.2520853589422036,0.9722581380911837
Baltic entrance,Wood_none,147,142.921946299404,3.2593208868308734,0.9722581380911837
Baltic entrance,Wood_none,148,143.89420443749518,3.2664864732023964,0.9722581380911837
Baltic entrance,Wood_none,149,144.86646257558635,3.273582793556931,0.9722581380911837
Baltic entrance,Wood_none,150,145.83872071367756,3.280610516876583,0.9722581380911837
Baltic entrance,Wood_none,151,146.81097885176874,3.287570305688224,0.9722581380911837
Baltic entrance,Wood_none,152,147.78323698985992,3.2944628161257072,0.9722581380911837
Baltic entrance,Wood_none,153,148.7554951279511,3.301288697991545,0.9722581380911837
Baltic entrance,Wood_none,154,149.72775326604227,3.3080485948178944,0.9722581380911837
Baltic entrance,Wood_none,155,150.70001140413348,3.314743143927026,0.9722581380911837
Baltic entrance,Wood_none,156,151.67226954222465,3.3213729764911935,0.9722581380911837
Baltic entrance,Wood_none,157,152.64452768031583,3.327938717591917,0.9722581380911837
Baltic entrance,Wood_none,158,153.616785818407,3.3344409862786937,0.9722581380911837
Baltic entrance,Wood_none,159,154.58904395649822,3.3408803956271624,0.9722581380911837
Baltic entrance,Wood_none,160,155.5613020945894,3.347257552796685,0.9722581380911837
Baltic entrance,Wood_none,161,156.53356023268057,3.3535730590873927,0.9722581380911837
Baltic entrance,Wood_none,162,157.50581837077175,3.3598275099966775,0.9722581380911837
Baltic entrance,Wood_none,163,158.47807650886293,3.3660214952751235,0.9722581380911837
Baltic entrance,Wood_none,164,159.45033464695413,3.3721555989819127,0.9722581380911837
Baltic entrance,Wood_none,165,160.4225927850453,3.3782303995397185,0.9722581380911837
Baltic entrance,Wood_none,166,161.3948509231365,3.3842464697890313,0.9722581380911837
Baltic entrance,Wood_none,167,162.36710906122767,3.3902043770419703,0.9722581380911837
Baltic entrance,Wood_none,168,163.33936719931884,3.396104683135608,0.9722581380911837
Baltic entrance,Wood_none,169,164.31162533741005,3.401947944484739,0.9722581380911837
Baltic entrance,Wood_none,170,165.28388347550123,3.407734712134177,0.9722581380911837
Baltic entrance,Wood_none,171,166.2561416135924,3.41346553181051,0.9722581380911837
Baltic entrance,Wood_none,172,167.22839975168358,3.419140943973404,0.9722581380911837
Baltic entrance,Wood_none,173,168.20065788977476,3.4247614838663623,0.9722581380911837
Baltic entrance,Wood_none,174,169.17291602786597,3.4303276815670336,0.9722581380911837
Baltic entrance,Wood_none,175,170.14517416595714,3.435840062037017,0.9722581380911837
Baltic entrance,Wood_none,176,171.11743230404832,3.4412991451711865,0.9722581380911837
Baltic entrance,Wood_none,177,172.0896904421395,3.446705445846572,0.9722581380911837
Baltic entrance,Wood_none,178,173.0619485802307,3.452059473970706,0.9722581380911837
Baltic entrance,Wood_none,179,174.03420671832188,3.4573617345295795,0.9722581380911837
Baltic entrance,Wood_none,180,175.00646485641306,3.46261272763506,0.9722581380911837
Baltic entrance,Wood_none,181,175.97872299450424,3.4678118164674894,0.9722581380911837
Baltic entrance,Wood_none,182,176.95098113259542,3.47296030560613,0.9722581380911837
Baltic entrance,Wood_none,183,177.92323927068662,3.478059027820367,0.9722581380911837
Baltic entrance,Wood_none,184,178.8954974087778,3.483108463758221,0.9722581380911837
Baltic entrance,Wood_none,185,179.86775554686898,3.4881090894298667,0.9722581380911837
Baltic entrance,Wood_none,186,180.84001368496016,3.4930613762523355,0.9722581380911837
Baltic entrance,Wood_none,187,181.81227182305133,3.4979657910938173,0.9722581380911837
Baltic entrance,Wood_none,188,182.78452996114254,3.5028227963174943,0.9722581380911837
Baltic entrance,Wood_none,189,183.75678809923372,3.5076328498249634,0.9722581380911837
Baltic entrance,Wood_none,190,184.7290462373249,3.5123964050992624,0.9722581380911837
Baltic entrance,Wood_none,191,185.70130437541607,3.5171139112474528,0.9722581380911837
Baltic entrance,Wood_none,192,186.67356251350725,3.521785813042818,0.9722581380911837
Baltic entrance,Wood_none,193,187.64582065159846,3.526412550966632,0.9722581380911837
Baltic entrance,Wood_none,194,188.61807878968963,3.530994561249541,0.9722581380911837
Baltic entrance,Wood_none,195,189.5903369277808,3.535532275912539,0.9722581380911837
Baltic entrance,Wood_none,196,190.562595065872,3.5400261228075656,0.9722581380911837
Baltic entrance,Wood_none,197,191.5348532039632,3.544476525657677,0.9722581380911837
Baltic entrance,Wood_none,198,192.50711134205437,3.5488839040968645,0.9722581380911837
Baltic entrance,Wood_none,199,193.47936948014555,3.5532486737094886,0.9722581380911837
Baltic entrance,Wood_none,200,194.45162761823673,3.5575712460692963,0.9722581380911837
Baltic entrance,Wood_none,201,195.4238857563279,3.5618520287780973,0.9722581380911837
Baltic entrance,Wood_none,202,196.3961438944191,3.566091425504076,0.9722581380911837
Baltic entrance,Wood_none,203,197.3684020325103,3.5702898360196995,0.9722581380911837
Baltic entrance,Wood_none,204,198.34066017060147,3.574447656239281,0.9722581380911837
Baltic entrance,Wood_none,205,199.31291830869264,3.5785652782561845,0.9722581380911837
Baltic entrance,Wood_none,206,200.28517644678382,3.582643090379654,0.9722581380911837
Baltic entrance,Wood_none,207,201.25743458487503,3.586681477171308,0.9722581380911837
Baltic entrance,Wood_none,208,202.2296927229662,3.5906808194812734,0.9722581380911837
Baltic entrance,Wood_none,209,203.20195086105738,3.5946414944839713,0.9722581380911837
Baltic entrance,Wood_none,210,204.17420899914856,3.598563875713557,0.9722581380911837
Baltic entrance,Wood_none,211,205.14646713723977,3.602448333099007,0.9722581380911837
Baltic entrance,Wood_none,212,206.11872527533095,3.6062952329989186,0.9722581380911837
Baltic entrance,Wood_none,213,207.09098341342212,3.610104938235888,0.9722581380911837
Baltic entrance,Wood_none,214,208.0632415515133,3.613877808130645,0.9722581380911837
Baltic entrance,Wood_none,215,209.03549968960448,3.617614198535795,0.9722581380911837
Baltic entrance,Wood_none,216,210.00775782769568,3.6213144618692796,0.9722581380911837
Baltic entrance,Wood_none,217,210.98001596578686,3.6249781978468913,0.9722581380911837
Baltic entrance,Wood_none,218,211.95227410387804,3.6286062283430223,0.9722581380911837
Baltic entrance,Wood_none,219,212.92453224196922,3.6321991891626517,0.9722581380911837
Baltic entrance,Wood_none,220,213.8967903800604,3.635757419007913,0.9722581380911837
Baltic entrance,Wood_none,221,214.8690485181516,3.639281253312749,0.9722581380911837
Baltic entrance,Wood_none,222,215.84130665624278,3.6427710242744324,0.9722581380911837
Baltic entrance,Wood_none,223,216.81356479433396,3.646227060884749,0.9722581380911837
Baltic entrance,Wood_none,224,217.78582293242513,3.6496496889609142,0.9722581380911837
Baltic entrance,Wood_none,225,218.7580810705163,3.6530392311761726,0.9722581380911837
Baltic entrance,Wood_none,226,219.73033920860752,3.6563960070900916,0.9722581380911837
Baltic entrance,Wood_none,227,220.7025973466987,3.659720333178596,0.9722581380911837
Baltic entrance,Wood_none,228,221.67485548478987,3.663012522863689,0.9722581380911837
Baltic entrance,Wood_none,229,222.64711362288105,3.6662728865428895,0.9722581380911837
Baltic entrance,Wood_none,230,223.61937176097226,3.6695017316183995,0.9722581380911837
Baltic entrance,Wood_none,231,224.59162989906343,3.6726993625259747,0.9722581380911837
Baltic entrance,Wood_none,232,225.5638880371546,3.6758660807635115,0.9722581380911837
Baltic entrance,Wood_none,233,226.5361461752458,3.679002184919386,0.9722581380911837
Baltic entrance,Wood_none,234,227.50840431333697,3.6821079707005158,0.9722581380911837
Baltic entrance,Wood_none,235,228.48066245142817,3.6851837309601043,0.9722581380911837
Baltic entrance,Wood_none,236,229.45292058951935,3.6882297557251804,0.9722581380911837
Baltic entrance,Wood_none,237,230.42517872761053,3.6912463322238436,0.9722581380911837
Baltic entrance,Wood_none,238,231.3974368657017,3.694233744912239,0.9722581380911837
Baltic entrance,Wood_none,239,232.36969500379288,3.697192275501301,0.9722581380911837
Baltic entrance,Wood_none,240,233.3419531418841,3.7001222029831973,0.9722581380911837
Baltic entrance,Wood_none,241,234.31421127997527,3.7030238036575547,0.9722581380911837
Baltic entrance,Wood_none,242,235.28646941806645,3.705897351157428,0.9722581380911837
Baltic entrance,Wood_none,243,236.25872755615762,3.708743116474991,0.9722581380911837
Baltic entrance,Wood_none,244,237.2309856942488,3.7115613679870174,0.9722581380911837
Baltic entrance,Wood_none,245,238.20324383234,3.714352371480098,0.9722581380911837
Baltic entrance,Wood_none,246,239.17550197043118,3.7171163901755992,0.9722581380911837
Baltic entrance,Wood_none,247,240.14776010852236,3.719853684754396,0.9722581380911837
Baltic entrance,Wood_none,248,241.12001824661354,3.722564513381396,0.9722581380911837
Baltic entrance,Wood_none,249,242.09227638470475,3.725249131729785,0.9722581380911837
Baltic entrance,Wood_none,250,243.06453452279592,3.727907793005041,0.9722581380911837
Baltic entrance,Wood_none,251,244.0367926608871,3.7305407479687296,0.9722581380911837
Baltic entrance,Wood_none,252,245.00905079897828,3.7331482449621025,0.9722581380911837
Baltic entrance,Wood_none,253,245.98130893706946,3.735730036069398,0.9722581380911837
Baltic entrance,Wood_none,254,246.95356707516066,3.7382866317859427,0.9722581380911837
Baltic entrance,Wood_none,255,247.92582521325184,3.7408185146590767,0.9722581380911837
Baltic entrance,Wood_none,256,248.89808335134302,3.743325923364778,0.9722581380911837
Baltic entrance,Wood_none,257,249.8703414894342,3.745809094275999,0.9722581380911837
Baltic entrance,Wood_none,258,250.84259962752537,3.7482682614848897,0.9722581380911837
Baltic entrance,Wood_none,259,251.81485776561658,3.750703656824758,0.9722581380911837
Baltic entrance,Wood_none,260,252.78711590370776,3.7531155098918596,0.9722581380911837
Baltic entrance,Wood_none,261,253.75937404179894,3.75550404806698,0.9722581380911837
Baltic entrance,Wood_none,262,254.7316321798901,3.7578694965367525,0.9722581380911837
Baltic entrance,Wood_none,263,255.7038903179813,3.760212078314833,0.9722581380911837
Baltic entrance,Wood_none,264,256.6761484560725,3.7625320142628556,0.9722581380911837
Baltic entrance,Wood_none,265,257.64840659416365,3.7648295231111715,0.9722581380911837
Baltic entrance,Wood_none,266,258.62066473225485,3.767104821479381,0.9722581380911837
Baltic entrance,Wood_none,267,259.59292287034606,3.7693581238967004,0.9722581380911837
Baltic entrance,Wood_none,268,260.5651810084372,3.771589642822111,0.9722581380911837
Baltic entrance,Wood_none,269,261.5374391465284,3.7737995886643256,0.9722581380911837
Baltic entrance,Wood_none,270,262.50969728461956,3.7759881698015336,0.9722581380911837
Baltic entrance,Wood_none,271,263.48195542271077,3.7781555926009927,0.9722581380911837
Baltic entrance,Wood_none,272,264.454213560802,3.780302061438415,0.9722581380911837
Baltic entrance,Wood_none,273,265.4264716988931,3.782427778717166,0.9722581380911837
Baltic entrance,Wood_none,274,266.39872983698433,3.7845329448872835,0.9722581380911837
Baltic entrance,Wood_none,275,267.37098797507554,3.7866177584642973,0.9722581380911837
Baltic entrance,Wood_none,276,268.3432461131667,3.7886824160479025,0.9722581380911837
Baltic entrance,Wood_none,277,269.3155042512579,3.790727112340424,0.9722581380911837
Baltic entrance,Wood_none,278,270.28776238934904,3.792752040165087,0.9722581380911837
Baltic entrance,Wood_none,279,271.26002052744025,3.7947573904841674,0.9722581380911837
Baltic entrance,Wood_none,280,272.23227866553145,3.796743352416928,0.9722581380911837
Baltic entrance,Wood_none,281,273.2045368036226,3.7987101132573686,0.9722581380911837
Baltic entrance,Wood_none,282,274.1767949417138,3.8006578584918387,0.9722581380911837
Baltic entrance,Wood_none,283,275.14905307980496,3.8025867718164865,0.9722581380911837
Baltic entrance,Wood_none,284,276.12131121789616,3.8044970351544687,0.9722581380911837
Baltic entrance,Wood_none,285,277.09356935598737,3.806388828673119,0.9722581380911837
Baltic entrance,Wood_none,286,278.0658274940785,3.808262330800796,0.9722581380911837
Baltic entrance,Wood_none,287,279.0380856321697,3.8101177182437262,0.9722581380911837
Baltic entrance,Wood_none,288,280.0103437702609,3.811955166002573,0.9722581380911837
Baltic entrance,Wood_none,289,280.9826019083521,3.8137745234460247,0.9722581380911837
Baltic entrance,Wood_none,290,281.9548600464433,3.8155761019232872,0.9722581380911837
Baltic entrance,Wood_none,291,282.92711818453444,3.8173602657936865,0.9722581380911837
Baltic entrance,Wood_none,292,283.89937632262564,3.8191271832469478,0.9722581380911837
Baltic entrance,Wood_none,293,284.8716344607168,3.820877020849918,0.9722581380911837
Baltic entrance,Wood_none,294,285.843892598808,3.8226099435622074,0.9722581380911837
Baltic entrance,Wood_none,295,286.8161507368992,3.82432611475168,0.9722581380911837
Baltic entrance,Wood_none,296,287.78840887499035,3.826025696209798,0.9722581380911837
Baltic entrance,Wood_none,297,288.76066701308156,3.827708848166811,0.9722581380911837
Baltic entrance,Wood_none,298,289.7329251511727,3.8293757293068165,0.9722581380911837
Baltic entrance,Wood_none,299,290.7051832892639,3.83102649678267,0.9722581380911837
Baltic entrance,Wood_none,300,291.6774414273551,3.832661306230727,0.9722581380911837
Baltic entrance,Wood_high,0,0.0,1.25426090985969,1.4635932706322514
Baltic entrance,Wood_high,1,1.4635932706322514,1.268463741224431,1.4635932706322514
Baltic entrance,Wood_high,2,2.927186541264503,1.2832275423860717,1.4635932706322514
Baltic entrance,Wood_high,3,4.3907798118967545,1.2986772733574776,1.4635932706322514
Baltic entrance,Wood_high,4,5.854373082529006,1.3147272286689353,1.4635932706322514
Baltic entrance,Wood_high,5,7.317966353161257,1.3314588215515526,1.4635932706322514
Baltic entrance,Wood_high,6,8.781559623793509,1.3488252055269603,1.4635932706322514
Baltic entrance,Wood_high,7,10.24515289442576,1.3668609366378885,1.4635932706322514
Baltic entrance,Wood_high,8,11.708746165058011,1.3855598297058291,1.4635932706322514
Baltic entrance,Wood_high,9,13.172339435690263,1.404907793120023,1.4635932706322514
Baltic entrance,Wood_high,10,14.635932706322514,1.424939715309245,1.4635932706322514
Baltic entrance,Wood_high,11,16.099525976954766,1.4455928160318323,1.4635932706322514
Baltic entrance,Wood_high,12,17.563119247587018,1.4669413246600673,1.4635932706322514
Baltic entrance,Wood_high,13,19.02671251821927,1.4888737280032276,1.4635932706322514
Baltic entrance,Wood_high,14,20.49030578885152,1.5114979552576784,1.4635932706322514
Baltic entrance,Wood_high,15,21.95389905948377,1.5346706341980274,1.4635932706322514
Baltic entrance,Wood_high,16,23.417492330116023,1.5584863312383477,1.4635932706322514
Baltic entrance,Wood_high,17,24.881085600748275,1.5828194567515113,1.4635932706322514
Baltic entrance,Wood_high,18,26.344678871380527,1.6077177379146612,1.4635932706322514
Baltic entrance,Wood_high,19,27.808272142012775,1.6330956314074008,1.4635932706322514
Baltic entrance,Wood_high,20,29.271865412645028,1.658953855979129,1.4635932706322514
Baltic entrance,Wood_high,21,30.73545868327728,1.6852406774708792,1.4635932706322514
Baltic entrance,Wood_high,22,32.19905195390953,1.7119202674265908,1.4635932706322514
Baltic entrance,Wood_high,23,33.662645224541784,1.7389668025643357,1.4635932706322514
Baltic entrance,Wood_high,24,35.126238495174036,1.766319330889428,1.4635932706322514
Baltic entrance,Wood_high,25,36.58983176580629,1.7939684090779167,1.4635932706322514
Baltic entrance,Wood_high,26,38.05342503643854,1.821839934696877,1.4635932706322514
Baltic entrance,Wood_high,27,39.517018307070785,1.8499307027127034,1.4635932706322514
Baltic entrance,Wood_high,28,40.98061157770304,1.8781665539637433,1.4635932706322514
Baltic entrance,Wood_high,29,42.44420484833529,1.9065369720987824,1.4635932706322514
Baltic entrance,Wood_high,30,43.90779811896754,1.9349821662250586,1.4635932706322514
Baltic entrance,Wood_high,31,45.37139138959979,1.9634747961394032,1.4635932706322514
Baltic entrance,Wood_high,32,46.834984660232045,1.991975886178595,1.4635932706322514
Baltic entrance,Wood_high,33,48.2985779308643,2.0204524190758035,1.4635932706322514
Baltic entrance,Wood_high,34,49.76217120149655,2.04887699251831,1.4635932706322514
Baltic entrance,Wood_high,35,51.2257644721288,2.0772191990624695,1.4635932706322514
Baltic entrance,Wood_high,36,52.689357742761054,2.1054526299979774,1.4635932706322514
Baltic entrance,Wood_high,37,54.152951013393306,2.133556549299179,1.4635932706322514
Baltic entrance,Wood_high,38,55.61654428402555,2.1614962756760976,1.4635932706322514
Baltic entrance,Wood_high,39,57.0801375546578,2.189266737821465,1.4635932706322514
Baltic entrance,Wood_high,40,58.543730825290055,2.2168201996528705,1.4635932706322514
Baltic entrance,Wood_high,41,60.00732409592231,2.244175637426143,1.4635932706322514
Baltic entrance,Wood_high,42,61.47091736655456,2.271268227862714,1.4635932706322514
Baltic entrance,Wood_high,43,62.93451063718681,2.298133812372133,1.4635932706322514
Baltic entrance,Wood_high,44,64.39810390781906,2.324709304353756,1.4635932706322514
Baltic entrance,Wood_high,45,65.86169717845131,2.35102311276649,1.4635932706322514
Baltic entrance,Wood_high,46,67.32529044908357,2.3770272479002537,1.4635932706322514
Baltic entrance,Wood_high,47,68.78888371971581,2.4027366429364947,1.4635932706322514
Baltic entrance,Wood_high,48,70.25247699034807,2.4281252499511714,1.4635932706322514
Baltic entrance,Wood_high,49,71.71607026098032,2.4531911919083007,1.4635932706322514
Baltic entrance,Wood_high,50,73.17966353161258,2.477932016563939,1.4635932706322514
Baltic entrance,Wood_high,51,74.64325680224482,2.502325407294749,1.4635932706322514
Baltic entrance,Wood_high,52,76.10685007287708,2.526394046596871,1.4635932706322514
Baltic entrance,Wood_high,53,77.57044334350933,2.5500931730262844,1.4635932706322514
Baltic entrance,Wood_high,54,79.03403661414157,2.5734712283905643,1.4635932706322514
Baltic entrance,Wood_high,55,80.49762988477383,2.596459405766083,1.4635932706322514
Baltic entrance,Wood_high,56,81.96122315540607,2.6191256782981776,1.4635932706322514
Baltic entrance,Wood_high,57,83.42481642603833,2.6413956392333318,1.4635932706322514
Baltic entrance,Wood_high,58,84.88840969667058,2.6633318903440593,1.4635932706322514
Baltic entrance,Wood_high,59,86.35200296730284,2.6848789753769924,1.4635932706322514
Baltic entrance,Wood_high,60,87.81559623793508,2.706076346082144,1.4635932706322514
Baltic entrance,Wood_high,61,89.27918950856734,2.726893759410672,1.4635932706322514
Baltic entrance,Wood_high,62,90.74278277919959,2.7473459231685906,1.4635932706322514
Baltic entrance,Wood_high,63,92.20637604983185,2.7674274352371935,1.4635932706322514
Baltic entrance,Wood_high,64,93.66996932046409,2.787128225722153,1.4635932706322514
Baltic entrance,Wood_high,65,95.13356259109634,2.8064689325552212,1.4635932706322514
Baltic entrance,Wood_high,66,96.5971558617286,2.8254145268735416,1.4635932706322514
Baltic entrance,Wood_high,67,98.06074913236084,2.8440112337498253,1.4635932706322514
Baltic entrance,Wood_high,68,99.5243424029931,2.862196582679197,1.4635932706322514
Baltic entrance,Wood_high,69,100.98793567362534,2.880038542014828,1.4635932706322514
Baltic entrance,Wood_high,70,102.4515289442576,2.8974514700440928,1.4635932706322514
Baltic entrance,Wood_high,71,103.91512221488985,2.914510229969876,1.4635932706322514
Baltic entrance,Wood_high,72,105.37871548552211,2.9311424839185194,1.4635932706322514
Baltic entrance,Wood_high,73,106.84230875615435,2.9473978790251967,1.4635932706322514
Baltic entrance,Wood_high,74,108.30590202678661,2.963229927528954,1.4635932706322514
Baltic entrance,Wood_high,75,109.76949529741886,2.978662343755726,1.4635932706322514
Baltic entrance,Wood_high,76,111.2330885680511,2.9936761816950836,1.4635932706322514
Baltic entrance,Wood_high,77,112.69668183868336,3.008267853958444,1.4635932706322514
Baltic entrance,Wood_high,78,114.1602751093156,3.0224471714919194,1.4635932706322514
Baltic entrance,Wood_high,79,115.62386837994787,3.036182046256235,1.4635932706322514
Baltic entrance,Wood_high,80,117.08746165058011,3.0495121528706504,1.4635932706322514
Baltic entrance,Wood_high,81,118.55105492121237,3.0623764618180176,1.4635932706322514
Baltic entrance,Wood_high,82,120.01464819184461,3.0748458605945608,1.4635932706322514
Baltic entrance,Wood_high,83,121.47824146247687,3.0868294742588143,1.4635932706322514
Baltic entrance,Wood_high,84,122.94183473310912,3.098417123407369,1.4635932706322514
Baltic entrance,Wood_high,85,124.40542800374138,3.1095232875357404,1.4635932706322514
Baltic entrance,Wood_high,86,125.86902127437362,3.121602843972821,1.4635932706322514
Baltic entrance,Wood_high,87,127.33261454500587,3.1343607235599404,1.4635932706322514
Baltic entrance,Wood_high,88,128.79620781563813,3.146940420936329,1.4635932706322514
Baltic entrance,Wood_high,89,130.2598010862704,3.159333584075545,1.4635932706322514
Baltic entrance,Wood_high,90,131.72339435690262,3.1715475712414385,1.4635932706322514
Baltic entrance,Wood_high,91,133.18698762753488,3.183586432352536,1.4635932706322514
Baltic entrance,Wood_high,92,134.65058089816714,3.195445338104163,1.4635932706322514
Baltic entrance,Wood_high,93,136.1141741687994,3.2071400145892777,1.4635932706322514
Baltic entrance,Wood_high,94,137.57776743943163,3.2186541589016473,1.4635932706322514
Baltic entrance,Wood_high,95,139.04136071006388,3.230014479605014,1.4635932706322514
Baltic entrance,Wood_high,96,140.50495398069614,3.2411938826021687,1.4635932706322514
Baltic entrance,Wood_high,97,141.96854725132837,3.2522270448014217,1.4635932706322514
Baltic entrance,Wood_high,98,143.43214052196063,3.2630837866939633,1.4635932706322514
Baltic entrance,Wood_high,99,144.8957337925929,3.273796205008478,1.4635932706322514
Baltic entrance,Wood_high,100,146.35932706322515,3.2843425936273962,1.4635932706322514
Baltic entrance,Wood_high,101,147.82292033385738,3.2947435897885082,1.4635932706322514
Baltic entrance,Wood_high,102,149.28651360448964,3.3049884867844272,1.4635932706322514
Baltic entrance,Wood_high,103,150.7501068751219,3.315087111684905,1.4635932706322514
Baltic entrance,Wood_high,104,152.21370014575416,3.3250391259889147,1.4635932706322514
Baltic entrance,Wood_high,105,153.6772934163864,3.3348441675497402,1.4635932706322514
Baltic entrance,Wood_high,106,155.14088668701865,3.344511662571046,1.4635932706322514
Baltic entrance,Wood_high,107,156.6044799576509,3.3540316533797205,1.4635932706322514
Baltic entrance,Wood_high,108,158.06807322828314,3.363422753998534,1.4635932706322514
Baltic entrance,Wood_high,109,159.5316664989154,3.372665978725636,1.4635932706322514
Baltic entrance,Wood_high,110,160.99525976954766,3.381788285052148,1.4635932706322514
Baltic entrance,Wood_high,111,162.45885304017992,3.3907630806875733,1.4635932706322514
Baltic entrance,Wood_high,112,163.92244631081215,3.399620194223732,1.4635932706322514
Baltic entrance,Wood_high,113,165.3860395814444,3.408338437507782,1.4635932706322514
Baltic entrance,Wood_high,114,166.84963285207667,3.4169380654875794,1.4635932706322514
Baltic entrance,Wood_high,115,168.31322612270893,3.425407081772761,1.4635932706322514
Baltic entrance,Wood_high,116,169.77681939334116,3.4337567075008355,1.4635932706322514
Baltic entrance,Wood_high,117,171.24041266397342,3.441983613235765,1.4635932706322514
Baltic entrance,Wood_high,118,172.70400593460568,3.4500905025915833,1.4635932706322514
Baltic entrance,Wood_high,119,174.1675992052379,3.458082211270629,1.4635932706322514
Baltic entrance,Wood_high,120,175.63119247587017,3.465953419023878,1.4635932706322514
Baltic entrance,Wood_high,121,177.09478574650242,3.47371664696758,1.4635932706322514
Baltic entrance,Wood_high,122,178.55837901713468,3.4813590229101306,1.4635932706322514
Baltic entrance,Wood_high,123,180.0219722877669,3.488900294881237,1.4635932706322514
Baltic entrance,Wood_high,124,181.48556555839917,3.496320489781042,1.4635932706322514
Baltic entrance,Wood_high,125,182.94915882903143,3.5036436221746072,1.4635932706322514
Baltic entrance,Wood_high,126,184.4127520996637,3.510850615822947,1.4635932706322514
Baltic entrance,Wood_high,127,185.87634537029592,3.5179608577438204,1.4635932706322514
Baltic entrance,Wood_high,128,187.33993864092818,3.52496182879205,1.4635932706322514
Baltic entrance,Wood_high,129,188.80353191156044,3.531865367458173,1.4635932706322514
Baltic entrance,Wood_high,130,190.26712518219267,3.5386661986149073,1.4635932706322514
Baltic entrance,Wood_high,131,191.73071845282493,3.54536904147706,1.4635932706322514
Baltic entrance,Wood_high,132,193.1943117234572,3.5519754476841343,1.4635932706322514
Baltic entrance,Wood_high,133,194.65790499408945,3.5584834276474666,1.4635932706322514
Baltic entrance,Wood_high,134,196.12149826472168,3.5649009608580826,1.4635932706322514
Baltic entrance,Wood_high,135,197.58509153535394,3.571219741351981,1.4635932706322514
Baltic entrance,Wood_high,136,199.0486848059862,3.5774537951729934,1.4635932706322514
Baltic entrance,Wood_high,137,200.51227807661846,3.583588875073817,1.4635932706322514
Baltic entrance,Wood_high,138,201.9758713472507,3.589643699373291,1.4635932706322514
Baltic entrance,Wood_high,139,203.43946461788295,3.595601407686737,1.4635932706322514
Baltic entrance,Wood_high,140,204.9030578885152,3.601480212979794,1.4635932706322514
Baltic entrance,Wood_high,141,206.36665115914744,3.6072676134779824,1.4635932706322514
Baltic entrance,Wood_high,142,207.8302444297797,3.6129755153741527,1.4635932706322514
Baltic entrance,Wood_high,143,209.29383770041196,3.6185974709117454,1.4635932706322514
Baltic entrance,Wood_high,144,210.75743097104422,3.6241394363890382,1.4635932706322514
Baltic entrance,Wood_high,145,212.22102424167645,3.6296006711407354,1.4635932706322514
Baltic entrance,Wood_high,146,213.6846175123087,3.6349815228627764,1.4635932706322514
Baltic entrance,Wood_high,147,215.14821078294096,3.640286626272974,1.4635932706322514
Baltic entrance,Wood_high,148,216.61180405357322,3.645511046780801,1.4635932706322514
Baltic entrance,Wood_high,149,218.07539732420545,3.6506644774009507,1.4635932706322514
Baltic entrance,Wood_high,150,219.5389905948377,3.655737013183057,1.4635932706322514
Baltic entrance,Wood_high,151,221.00258386546997,3.660743102399891,1.4635932706322514
Baltic entrance,Wood_high,152,222.4661771361022,3.6656681678441005,1.4635932706322514
Baltic entrance,Wood_high,153,223.92977040673446,3.6705288112517858,1.4635932706322514
Baltic entrance,Wood_high,154,225.39336367736672,3.6753130047324176,1.4635932706322514
Baltic entrance,Wood_high,155,226.85695694799898,3.6800323442690224,1.4635932706322514
Baltic entrance,Wood_high,156,228.3205502186312,3.684679773255244,1.4635932706322514
Baltic entrance,Wood_high,157,229.78414348926347,3.6892619156326907,1.4635932706322514
Baltic entrance,Wood_high,158,231.24773675989573,3.693776485295139,1.4635932706322514
Baltic entrance,Wood_high,159,232.711330030528,3.6982254179061727,1.4635932706322514
Baltic entrance,Wood_high,160,234.17492330116022,3.7026109220442462,1.4635932706322514
Baltic entrance,Wood_high,161,235.63851657179248,3.7069305164281996,1.4635932706322514
Baltic entrance,Wood_high,162,237.10210984242474,3.711190640642004,1.4635932706322514
Baltic entrance,Wood_high,163,238.56570311305697,3.715384655849929,1.4635932706322514
Baltic entrance,Wood_high,164,240.02929638368923,3.7195229806221133,1.4635932706322514
Baltic entrance,Wood_high,165,241.4928896543215,3.723595066484154,1.4635932706322514
Baltic entrance,Wood_high,166,242.95648292495375,3.7276138853376204,1.4635932706322514
Baltic entrance,Wood_high,167,244.42007619558598,3.731568770471966,1.4635932706322514
Baltic entrance,Wood_high,168,245.88366946621824,3.7354707585095723,1.4635932706322514
Baltic entrance,Wood_high,169,247.3472627368505,3.7393125877721074,1.4635932706322514
Baltic entrance,Wood_high,170,248.81085600748276,3.7431011404351193,1.4635932706322514
Baltic entrance,Wood_high,171,250.274449278115,3.7468331419781618,1.4635932706322514
Baltic entrance,Wood_high,172,251.73804254874725,3.7505115560547453,1.4635932706322514
Baltic entrance,Wood_high,173,253.2016358193795,3.7541368659684764,1.4635932706322514
Baltic entrance,Wood_high,174,254.66522909001174,3.75770834245916,1.4635932706322514
Baltic entrance,Wood_high,175,256.128822360644,3.7612300073936695,1.4635932706322514
Baltic entrance,Wood_high,176,257.59241563127625,3.764697654293618,1.4635932706322514
Baltic entrance,Wood_high,177,259.0560089019085,3.7681186340063175,1.4635932706322514
Baltic entrance,Wood_high,178,260.5196021725408,3.7714854690068136,1.4635932706322514
Baltic entrance,Wood_high,179,261.98319544317303,3.774808260473425,1.4635932706322514
Baltic entrance,Wood_high,180,263.44678871380523,3.778077591948912,1.4635932706322514
Baltic entrance,Wood_high,181,264.9103819844375,3.7813037870593176,1.4635932706322514
Baltic entrance,Wood_high,182,266.37397525506975,3.784479661323008,1.4635932706322514
Baltic entrance,Wood_high,183,267.837568525702,3.787612067437755,1.4635932706322514
Baltic entrance,Wood_high,184,269.30116179633427,3.790697152994225,1.4635932706322514
Baltic entrance,Wood_high,185,270.76475506696653,3.79373849590746,1.4635932706322514
Baltic entrance,Wood_high,186,272.2283483375988,3.7967353851605714,1.4635932706322514
Baltic entrance,Wood_high,187,273.691941608231,3.799688311469198,1.4635932706322514
Baltic entrance,Wood_high,188,275.15553487886325,3.802599522889495,1.4635932706322514
Baltic entrance,Wood_high,189,276.6191281494955,3.805466602293549,1.4635932706322514
Baltic entrance,Wood_high,190,278.08272142012777,3.8082945825239607,1.4635932706322514
Baltic entrance,Wood_high,191,279.54631469076,3.8110783100601924,1.4635932706322514
Baltic entrance,Wood_high,192,281.0099079613923,3.813825435961937,1.4635932706322514
Baltic entrance,Wood_high,193,282.47350123202455,3.816528234172536,1.4635932706322514
Baltic entrance,Wood_high,194,283.93709450265675,3.819195678163286,1.4635932706322514
Baltic entrance,Wood_high,195,285.400687773289,3.821821035851075,1.4635932706322514
Baltic entrance,Wood_high,196,286.86428104392127,3.8244109345837005,1.4635932706322514
Baltic entrance,Wood_high,197,288.3278743145535,3.8269612421091272,1.4635932706322514
Baltic entrance,Wood_high,198,289.7914675851858,3.82947584927816,1.4635932706322514
Baltic entrance,Wood_high,199,291.25506085581804,3.8319532496142767,1.4635932706322514
Baltic entrance,Wood_high,200,292.7186541264503,3.8343947534339535,1.4635932706322514
Baltic entrance,Wood_high,201,294.18224739708256,3.8368013284387636,1.4635932706322514
Baltic entrance,Wood_high,202,295.64584066771477,3.839171853544965,1.4635932706322514
Baltic entrance,Wood_high,203,297.109433938347,3.8415096257020602,1.4635932706322514
Baltic entrance,Wood_high,204,298.5730272089793,3.8438112349990243,1.4635932706322514
Baltic entrance,Wood_high,205,300.03662047961154,3.84602606410744,1.4635932706322514
Baltic entrance,Wood_high,206,301.5002137502438,3.84602606410744,1.4635932706322514
Baltic entrance,Wood_high,207,302.96380702087606,3.84602606410744,1.4635932706322514
Baltic entrance,Wood_high,208,304.4274002915083,3.84602606410744,1.4635932706322514
Baltic entrance,Wood_high,209,305.8909935621405,3.84602606410744,1.4635932706322514
Baltic entrance,Wood_high,210,307.3545868327728,3.84602606410744,1.4635932706322514
Baltic entrance,Wood_high,211,308.81818010340504,3.84602606410744,1.4635932706322514
Baltic entrance,Wood_high,212,310.2817733740373,3.84602606410744,1.4635932706322514
Baltic entrance,Wood_high,213,311.74536664466956,3.84602606410744,1.4635932706322514
Baltic entrance,Wood_high,214,313.2089599153018,3.84602606410744,1.4635932706322514
Baltic entrance,Wood_high,215,314.6725531859341,3.84602606410744,1.4635932706322514
Baltic entrance,Wood_high,216,316.1361464565663,3.84602606410744,1.4635932706322514
Baltic entrance,Wood_high,217,317.59973972719854,3.84602606410744,1.4635932706322514
Baltic entrance,Wood_high,218,319.0633329978308,3.84602606410744,1.4635932706322514
Baltic entrance,Wood_high,219,320.52692626846306,3.84602606410744,1.4635932706322514
Baltic entrance,Wood_high,220,321.9905195390953,3.84602606410744,1.4635932706322514
Baltic entrance,Wood_high,221,323.4541128097276,3.84602606410744,1.4635932706322514
Baltic entrance,Wood_high,222,324.91770608035984,3.84602606410744,1.4635932706322514
Baltic entrance,Wood_high,223,326.3812993509921,3.84602606410744,1.4635932706322514
Baltic entrance,Wood_high,224,327.8448926216243,3.84602606410744,1.4635932706322514
Baltic entrance,Wood_high,225,329.30848589225656,3.84602606410744,1.4635932706322514
Baltic entrance,Wood_high,226,330.7720791628888,3.84602606410744,1.4635932706322514
Baltic entrance,Wood_high,227,332.2356724335211,3.84602606410744,1.4635932706322514
Baltic entrance,Wood_high,228,333.69926570415333,3.84602606410744,1.4635932706322514
Baltic entrance,Wood_high,229,335.1628589747856,3.84602606410744,1.4635932706322514
Baltic entrance,Wood_high,230,336.62645224541785,3.84602606410744,1.4635932706322514
Baltic entrance,Wood_high,231,338.09004551605005,3.84602606410744,1.4635932706322514
Baltic entrance,Wood_high,232,339.5536387866823,3.84602606410744,1.4635932706322514
Baltic entrance,Wood_high,233,341.0172320573146,3.84602606410744,1.4635932706322514
Baltic entrance,Wood_high,234,342.48082532794683,3.84602606410744,1.4635932706322514
Baltic entrance,Wood_high,235,343.9444185985791,3.84602606410744,1.4635932706322514
Baltic entrance,Wood_high,236,345.40801186921135,3.84602606410744,1.4635932706322514
Baltic entrance,Wood_high,237,346.8716051398436,3.84602606410744,1.4635932706322514
Baltic entrance,Wood_high,238,348.3351984104758,3.84602606410744,1.4635932706322514
Baltic entrance,Wood_high,239,349.79879168110807,3.84602606410744,1.4635932706322514
Baltic entrance,Wood_high,240,351.26238495174033,3.84602606410744,1.4635932706322514
Baltic entrance,Wood_high,241,352.7259782223726,3.84602606410744,1.4635932706322514
Baltic entrance,Wood_high,242,354.18957149300485,3.84602606410744,1.4635932706322514
Baltic entrance,Wood_high,243,355.6531647636371,3.84602606410744,1.4635932706322514
Baltic entrance,Wood_high,244,357.11675803426937,3.84602606410744,1.4635932706322514
Baltic entrance,Wood_high,245,358.5803513049016,3.84602606410744,1.4635932706322514
Baltic entrance,Wood_high,246,360.0439445755338,3.84602606410744,1.4635932706322514
Baltic entrance,Wood_high,247,361.5075378461661,3.84602606410744,1.4635932706322514
Baltic entrance,Wood_high,248,362.97113111679835,3.84602606410744,1.4635932706322514
Baltic entrance,Wood_high,249,364.4347243874306,3.84602606410744,1.4635932706322514
Baltic entrance,Wood_high,250,365.89831765806287,3.84602606410744,1.4635932706322514
Baltic entrance,Wood_high,251,367.3619109286951,3.84602606410744,1.4635932706322514
Baltic entrance,Wood_high,252,368.8255041993274,3.84602606410744,1.4635932706322514
Baltic entrance,Wood_high,253,370.2890974699596,3.84602606410744,1.4635932706322514
Baltic entrance,Wood_high,254,371.75269074059185,3.84602606410744,1.4635932706322514
Baltic entrance,Wood_high,255,373.2162840112241,3.84602606410744,1.4635932706322514
Baltic entrance,Wood_high,256,374.67987728185636,3.84602606410744,1.4635932706322514
Baltic entrance,Wood_high,257,376.1434705524886,3.84602606410744,1.4635932706322514
Baltic entrance,Wood_high,258,377.6070638231209,3.84602606410744,1.4635932706322514
Baltic entrance,Wood_high,259,379.07065709375314,3.84602606410744,1.4635932706322514
Baltic entrance,Wood_high,260,380.53425036438534,3.84602606410744,1.4635932706322514
Baltic entrance,Wood_high,261,381.9978436350176,3.84602606410744,1.4635932706322514
Baltic entrance,Wood_high,262,383.46143690564986,3.84602606410744,1.4635932706322514
Baltic entrance,Wood_high,263,384.9250301762821,3.84602606410744,1.4635932706322514
Baltic entrance,Wood_high,264,386.3886234469144,3.84602606410744,1.4635932706322514
Baltic entrance,Wood_high,265,387.85221671754664,3.84602606410744,1.4635932706322514
Baltic entrance,Wood_high,266,389.3158099881789,3.84602606410744,1.4635932706322514
Baltic entrance,Wood_high,267,390.7794032588111,3.84602606410744,1.4635932706322514
Baltic entrance,Wood_high,268,392.24299652944336,3.84602606410744,1.4635932706322514
Baltic entrance,Wood_high,269,393.7065898000756,3.84602606410744,1.4635932706322514
Baltic entrance,Wood_high,270,395.1701830707079,3.84602606410744,1.4635932706322514
Baltic entrance,Wood_high,271,396.63377634134014,3.84602606410744,1.4635932706322514
Baltic entrance,Wood_high,272,398.0973696119724,3.84602606410744,1.4635932706322514
Baltic entrance,Wood_high,273,399.56096288260466,3.84602606410744,1.4635932706322514
Baltic entrance,Wood_high,274,401.0245561532369,3.84602606410744,1.4635932706322514
Baltic entrance,Wood_high,275,402.4881494238691,3.84602606410744,1.4635932706322514
Baltic entrance,Wood_high,276,403.9517426945014,3.84602606410744,1.4635932706322514
Baltic entrance,Wood_high,277,405.41533596513364,3.84602606410744,1.4635932706322514
Baltic entrance,Wood_high,278,406.8789292357659,3.84602606410744,1.4635932706322514
Baltic entrance,Wood_high,279,408.34252250639815,3.84602606410744,1.4635932706322514
Baltic entrance,Wood_high,280,409.8061157770304,3.84602606410744,1.4635932706322514
Baltic entrance,Wood_high,281,411.2697090476627,3.84602606410744,1.4635932706322514
Baltic entrance,Wood_high,282,412.7333023182949,3.84602606410744,1.4635932706322514
Baltic entrance,Wood_high,283,414.19689558892713,3.84602606410744,1.4635932706322514
Baltic entrance,Wood_high,284,415.6604888595594,3.84602606410744,1.4635932706322514
Baltic entrance,Wood_high,285,417.12408213019165,3.84602606410744,1.4635932706322514
Baltic entrance,Wood_high,286,418.5876754008239,3.84602606410744,1.4635932706322514
Baltic entrance,Wood_high,287,420.05126867145617,3.84602606410744,1.4635932706322514
Baltic entrance,Wood_high,288,421.51486194208843,3.84602606410744,1.4635932706322514
Baltic entrance,Wood_high,289,422.97845521272063,3.84602606410744,1.4635932706322514
Baltic entrance,Wood_high,290,424.4420484833529,3.84602606410744,1.4635932706322514
Baltic entrance,Wood_high,291,425.90564175398515,3.84602606410744,1.4635932706322514
Baltic entrance,Wood_high,292,427.3692350246174,3.84602606410744,1.4635932706322514
Baltic entrance,Wood_high,293,428.83282829524967,3.84602606410744,1.4635932706322514
Baltic entrance,Wood_high,294,430.29642156588193,3.84602606410744,1.4635932706322514
Baltic entrance,Wood_high,295,431.7600148365142,3.84602606410744,1.4635932706322514
Baltic entrance,Wood_high,296,433.22360810714645,3.84602606410744,1.4635932706322514
Baltic entrance,Wood_high,297,434.68720137777865,3.84602606410744,1.4635932706322514
Baltic entrance,Wood_high,298,436.1507946484109,3.84602606410744,1.4635932706322514
Baltic entrance,Wood_high,299,437.61438791904317,3.84602606410744,1.4635932706322514
Baltic entrance,Wood_high,300,439.0779811896754,3.84602606410744,1.4635932706322514
